arm,tag,seed,context,regret_endpoint,cumulative_online_regret,online_regret_first_1024,online_regret_last_1024,realised_survival,training_usage,greedy_usage,bonus_changed_fraction,bonus_changed_blocks,online_regret_blocks,disagreement,hazard_nll_endpoint,value_optimism_greedy,greedy_equals_O_fraction,wall_seconds,training_seconds,probe_seconds,macs_train,macs_act,macs_probe,bytes_total,max_replay,critical_usage,critical_floor,usage_ok,regret_ok,clean
MB,base,21301,A1B1C1,0.02223654148469434,508.9081024540801,310.9701665039454,42.971155486294265,0.686279296875,"[0.2099609375, 0.07080078125, 0.058837890625, 0.14697265625, 0.080078125, 0.123779296875, 0.032470703125, 0.019287109375, 0.018310546875, 0.03466796875, 0.025390625, 0.001953125, 0.177490234375]","[0.185546875, 0.07421875, 0.072265625, 0.08984375, 0.07421875, 0.123046875, 0.166015625, 0.0, 0.00390625, 0.060546875, 0.0, 0.0, 0.150390625]",0.0,"[0.0, 0.0, 0.0, 0.0, 0.0, 0.0, 0.0, 0.0]","[0.3843176606465768, 0.22304594580644155, 0.09572061672288124, 0.07724822053795366, 0.07202648688432545, 0.05767416894827804, 0.052085950424471505, 0.03184208763469698]","{""1024"": 0.07475083321332932, ""4096"": 0.05743533372879028}",0.649258553981781,0.027660826703854724,0.681640625,220.64400959995692,75.6069556002476,144.2943200999871,220679110656,290987180032,1370532741120,2592832,1024,"{""6"": 0.032470703125, ""9"": 0.03466796875, ""12"": 0.177490234375}","{""6"": 0.103515625, ""9"": 0.0380859375, ""12"": 0.05078125}",False,True,False
MB,base,21302,A1B1C1,0.009155628138858951,310.9771868007865,240.25737847045593,20.1655057636101,0.7236328125,"[0.1171875, 0.041748046875, 0.0546875, 0.0693359375, 0.12060546875, 0.077880859375, 0.248779296875, 0.015869140625, 0.01806640625, 0.092529296875, 0.000244140625, 0.01513671875, 0.1279296875]","[0.126953125, 0.044921875, 0.021484375, 0.12109375, 0.07421875, 0.1484375, 0.228515625, 0.0, 0.025390625, 0.08203125, 0.0, 0.0, 0.126953125]",0.0,"[0.0, 0.0, 0.0, 0.0, 0.0, 0.0, 0.0, 0.0]","[0.32770521165482336, 0.14154748067028589, 0.046845035086722664, 0.02227574867631743, 0.017092573343004958, 0.012525515094580886, 0.019887103682056928, 0.019498649762494047]","{""1024"": 0.06718652695417404, ""4096"": 0.056298255920410156}",0.6649060249328613,0.04214422552023178,0.701171875,220.1950537999801,74.82641009989311,144.6228064999741,220679110656,290987180032,1370532741120,2592832,1024,"{""6"": 0.248779296875, ""9"": 0.092529296875, ""12"": 0.1279296875}","{""6"": 0.103515625, ""9"": 0.0380859375, ""12"": 0.05078125}",True,True,True
MB,base,21303,A1B1C1,0.007625321167485932,380.5984561624373,296.06932557795085,18.231200085440378,0.7197265625,"[0.20751953125, 0.023193359375, 0.0556640625, 0.119140625, 0.098876953125, 0.081298828125, 0.18896484375, 0.01416015625, 0.00244140625, 0.07666015625, 0.0205078125, 0.006591796875, 0.10498046875]","[0.232421875, 0.009765625, 0.029296875, 0.09375, 0.087890625, 0.107421875, 0.1875, 0.015625, 0.0, 0.109375, 0.0, 0.0, 0.126953125]",0.0,"[0.0, 0.0, 0.0, 0.0, 0.0, 0.0, 0.0, 0.0]","[0.3553674575493506, 0.22289294397008463, 0.05551423996760896, 0.0355577974015131, 0.021761448090220625, 0.01665466004660665, 0.0194609880692731, 0.016146824597602638]","{""1024"": 0.06710502505302429, ""4096"": 0.0579022616147995}",0.6966461539268494,0.04156477973536887,0.7578125,219.36967999997432,74.87601380048727,143.7533605999779,220679110656,290987180032,1370532741120,2592832,1024,"{""6"": 0.18896484375, ""9"": 0.07666015625, ""12"": 0.10498046875}","{""6"": 0.103515625, ""9"": 0.0380859375, ""12"": 0.05078125}",True,True,True
MB,base,21304,A1B1C1,0.03953951605462258,362.809202128459,223.22358710409185,45.5350299814379,0.718505859375,"[0.178955078125, 0.056640625, 0.03759765625, 0.140380859375, 0.0263671875, 0.10107421875, 0.27734375, 0.02099609375, 0.00830078125, 0.0322265625, 0.007080078125, 0.011474609375, 0.1015625]","[0.10546875, 0.078125, 0.0546875, 0.12109375, 0.00390625, 0.154296875, 0.30078125, 0.02734375, 0.0078125, 0.0234375, 0.00390625, 0.0, 0.119140625]",0.0,"[0.0, 0.0, 0.0, 0.0, 0.0, 0.0, 0.0, 0.0]","[0.27942374348560994, 0.15655982507706945, 0.05789455821241907, 0.04831816226708652, 0.03427722539626643, 0.04320260303619916, 0.041362780312712566, 0.047572825119783335]","{""1024"": 0.07733891904354095, ""4096"": 0.054688531905412674}",0.7382829785346985,0.039815681046718954,0.58984375,226.75697660002334,74.90508380038955,151.12464779999573,220679110656,290987180032,1370532741120,2592832,1024,"{""6"": 0.27734375, ""9"": 0.0322265625, ""12"": 0.1015625}","{""6"": 0.103515625, ""9"": 0.0380859375, ""12"": 0.05078125}",False,False,False
MB,base,21305,A1B1C1,0.04195330969053712,433.2074917813959,289.5655966989509,48.008479254427584,0.707275390625,"[0.26025390625, 0.053466796875, 0.021484375, 0.091064453125, 0.143310546875, 0.0771484375, 0.2099609375, 0.003173828125, 0.002685546875, 0.0078125, 0.001708984375, 0.017578125, 0.1103515625]","[0.154296875, 0.056640625, 0.013671875, 0.1640625, 0.138671875, 0.07421875, 0.193359375, 0.0, 0.001953125, 0.03125, 0.0, 0.0, 0.171875]",0.0,"[0.0, 0.0, 0.0, 0.0, 0.0, 0.0, 0.0, 0.0]","[0.3219356578924151, 0.24362214816022343, 0.05961941002616733, 0.04343874834958994, 0.041529633994707105, 0.04219622291863212, 0.04107811907395176, 0.05268844196985212]","{""1024"": 0.08125708997249603, ""4096"": 0.07423628121614456}",0.7805566191673279,0.05534867387863329,0.5859375,221.39656499994453,74.97202460013796,145.70433339999,220679110656,290987180032,1370532741120,2592832,1024,"{""6"": 0.2099609375, ""9"": 0.0078125, ""12"": 0.1103515625}","{""6"": 0.103515625, ""9"": 0.0380859375, ""12"": 0.05078125}",False,False,False
MB,base,21306,A1B1C1,0.0076027706195187506,344.1647503611475,283.6239023667795,17.815151620408642,0.71630859375,"[0.119873046875, 0.050048828125, 0.064208984375, 0.0859375, 0.146240234375, 0.094482421875, 0.190673828125, 0.016845703125, 0.02392578125, 0.0712890625, 0.00732421875, 0.011474609375, 0.11767578125]","[0.1171875, 0.060546875, 0.03125, 0.140625, 0.09765625, 0.12109375, 0.19140625, 0.005859375, 0.0546875, 0.07421875, 0.0, 0.0, 0.10546875]",0.0,"[0.0, 0.0, 0.0, 0.0, 0.0, 0.0, 0.0, 0.0]","[0.37803100594814154, 0.17592192836197462, 0.019809005171979255, 0.02489170318008993, 0.016084344196163336, 0.02266357318215695, 0.017178336421901363, 0.017616881586709265]","{""1024"": 0.05926274508237839, ""4096"": 0.06032651290297508}",0.6631434559822083,0.04045538919382574,0.7421875,222.97285839998221,75.52170980039227,146.72592609998537,220679110656,290987180032,1370532741120,2592832,1024,"{""6"": 0.190673828125, ""9"": 0.0712890625, ""12"": 0.11767578125}","{""6"": 0.103515625, ""9"": 0.0380859375, ""12"": 0.05078125}",True,True,True
MB,base,21307,A1B1C1,0.04245513110098953,430.74562546728157,258.61302509552,55.389532234743456,0.698974609375,"[0.211181640625, 0.06640625, 0.072998046875, 0.1025390625, 0.13916015625, 0.002197265625, 0.22802734375, 0.0244140625, 0.0146484375, 0.0009765625, 0.009765625, 0.0078125, 0.119873046875]","[0.1953125, 0.07421875, 0.068359375, 0.14453125, 0.09375, 0.0, 0.228515625, 0.0234375, 0.025390625, 0.0, 0.0, 0.005859375, 0.140625]",0.0,"[0.0, 0.0, 0.0, 0.0, 0.0, 0.0, 0.0, 0.0]","[0.3180855819256996, 0.18701798271398795, 0.06992882123803312, 0.04218747934083433, 0.06195180304075043, 0.05394570133549559, 0.0623921731860313, 0.045790506959952015]","{""1024"": 0.08519145101308823, ""4096"": 0.05219779908657074}",0.792576253414154,0.03941555985445433,0.62890625,220.52641590000712,75.86102319989004,143.93015320000995,220679110656,290987180032,1370532741120,2592832,1024,"{""6"": 0.22802734375, ""9"": 0.0009765625, ""12"": 0.119873046875}","{""6"": 0.103515625, ""9"": 0.0380859375, ""12"": 0.05078125}",False,False,False
MB,base,21308,A1B1C1,0.027209257165700773,358.62074701390907,207.1245678158607,46.69045403667474,0.71923828125,"[0.195556640625, 0.048095703125, 0.03759765625, 0.068115234375, 0.08251953125, 0.046875, 0.359130859375, 0.0029296875, 0.02294921875, 0.110107421875, 0.008544921875, 0.002197265625, 0.015380859375]","[0.1875, 0.068359375, 0.029296875, 0.05078125, 0.07421875, 0.08203125, 0.34375, 0.0, 0.01171875, 0.125, 0.001953125, 0.0, 0.025390625]",0.0,"[0.0, 0.0, 0.0, 0.0, 0.0, 0.0, 0.0, 0.0]","[0.2572381236475807, 0.14730204786777223, 0.06010627602475571, 0.04903940535178242, 0.04765238089012325, 0.047900619689146495, 0.04593110105256848, 0.045261191987811866]","{""1024"": 0.0748390406370163, ""4096"": 0.06192244589328766}",0.7295700907707214,0.03871808843580382,0.630859375,220.0412212000083,75.43218260015419,143.86618170002475,220679110656,290987180032,1370532741120,2592832,1024,"{""6"": 0.359130859375, ""9"": 0.110107421875, ""12"": 0.015380859375}","{""6"": 0.103515625, ""9"": 0.0380859375, ""12"": 0.05078125}",False,False,False
MB,base,21309,A1B1C1,0.03318548670878796,367.6499519156182,238.0991205978496,38.293292469892094,0.710693359375,"[0.15576171875, 0.080322265625, 0.0458984375, 0.1220703125, 0.07861328125, 0.1005859375, 0.19287109375, 0.006591796875, 0.013671875, 0.004150390625, 0.008056640625, 0.00341796875, 0.18798828125]","[0.1796875, 0.03515625, 0.05078125, 0.140625, 0.080078125, 0.1328125, 0.20703125, 0.0, 0.01953125, 0.0, 0.0, 0.0, 0.154296875]",0.0,"[0.0, 0.0, 0.0, 0.0, 0.0, 0.0, 0.0, 0.0]","[0.34310132093430834, 0.12193602398336667, 0.06068818424987388, 0.04641745306263889, 0.03197608634466542, 0.039155656905080605, 0.04465622807348124, 0.030135358781776755]","{""1024"": 0.07532870769500732, ""4096"": 0.0655139610171318}",0.7529610395431519,0.04362699410236459,0.658203125,218.1462831999961,75.25745769983041,142.15591180000047,220679110656,290987180032,1370532741120,2592832,1024,"{""6"": 0.19287109375, ""9"": 0.004150390625, ""12"": 0.18798828125}","{""6"": 0.103515625, ""9"": 0.0380859375, ""12"": 0.05078125}",False,False,False
MB,base,21310,A1B1C1,0.033056139900397685,328.97128448336525,212.44815693631722,40.401315241707835,0.720703125,"[0.15869140625, 0.04931640625, 0.001708984375, 0.160400390625, 0.094970703125, 0.082275390625, 0.263427734375, 0.017333984375, 0.011474609375, 0.010498046875, 0.004150390625, 0.003173828125, 0.142578125]","[0.17578125, 0.03125, 0.0, 0.166015625, 0.080078125, 0.10546875, 0.251953125, 0.009765625, 0.0, 0.0234375, 0.0, 0.0, 0.15625]",0.0,"[0.0, 0.0, 0.0, 0.0, 0.0, 0.0, 0.0, 0.0]","[0.31126762674219854, 0.10367017977404602, 0.03386908343959094, 0.03511201650109719, 0.03254447521050974, 0.04714983950766971, 0.049717143238102945, 0.02919167559335767]","{""1024"": 0.06513964384794235, ""4096"": 0.06150299683213234}",0.7669388651847839,0.021238561436995873,0.666015625,221.13079060000018,75.7327605002065,144.6858601000131,220679110656,290987180032,1370532741120,2592832,1024,"{""6"": 0.263427734375, ""9"": 0.010498046875, ""12"": 0.142578125}","{""6"": 0.103515625, ""9"": 0.0380859375, ""12"": 0.05078125}",False,False,False
MB,base,21311,A1B1C1,0.00816828239574674,352.8750578173642,274.4478301247434,22.268746486178543,0.71533203125,"[0.203369140625, 0.031982421875, 0.03466796875, 0.0595703125, 0.099853515625, 0.080322265625, 0.2451171875, 0.02197265625, 0.014404296875, 0.074462890625, 0.018310546875, 0.010009765625, 0.10595703125]","[0.193359375, 0.009765625, 0.03515625, 0.044921875, 0.08984375, 0.078125, 0.271484375, 0.033203125, 0.01953125, 0.130859375, 0.0, 0.0, 0.09375]",0.0,"[0.0, 0.0, 0.0, 0.0, 0.0, 0.0, 0.0, 0.0]","[0.3466043320542318, 0.18942658615815766, 0.04874994995026727, 0.02103585987133272, 0.021447263253871363, 0.01845146053086122, 0.021248066855145353, 0.022245578625672113]","{""1024"": 0.0702192410826683, ""4096"": 0.0558319017291069}",0.6545181274414062,0.04270780784865735,0.73046875,222.41946309999912,76.50996879965533,145.18483879999258,220679110656,290987180032,1370532741120,2592832,1024,"{""6"": 0.2451171875, ""9"": 0.074462890625, ""12"": 0.10595703125}","{""6"": 0.103515625, ""9"": 0.0380859375, ""12"": 0.05078125}",True,True,True
MB,base,21312,A1B1C1,0.005937695564290468,394.8596350840785,319.09577994084225,17.65983826609545,0.710205078125,"[0.1318359375, 0.06591796875, 0.05908203125, 0.068115234375, 0.044677734375, 0.0947265625, 0.24658203125, 0.015380859375, 0.02685546875, 0.113525390625, 0.022705078125, 0.023681640625, 0.0869140625]","[0.16015625, 0.06640625, 0.052734375, 0.099609375, 0.060546875, 0.080078125, 0.22265625, 0.0, 0.021484375, 0.109375, 0.00390625, 0.0, 0.123046875]",0.0,"[0.0, 0.0, 0.0, 0.0, 0.0, 0.0, 0.0, 0.0]","[0.4003259528026537, 0.2229079923943038, 0.043960102020264014, 0.02401569422280403, 0.024586110696887875, 0.020922501023209694, 0.017331413209586977, 0.017160458403880696]","{""1024"": 0.06149883568286896, ""4096"": 0.05131087824702263}",0.6753049492835999,0.04604153968245139,0.720703125,223.05183170000964,75.69134540036612,146.63881779996154,220679110656,290987180032,1370532741120,2592832,1024,"{""6"": 0.24658203125, ""9"": 0.113525390625, ""12"": 0.0869140625}","{""6"": 0.103515625, ""9"": 0.0380859375, ""12"": 0.05078125}",True,True,True
MB,base,21313,A1B1C1,0.01257296132831165,406.57076625802256,285.39625041601585,26.938915442623284,0.711669921875,"[0.28466796875, 0.0537109375, 0.02294921875, 0.046142578125, 0.115478515625, 0.0673828125, 0.1787109375, 0.0126953125, 0.033447265625, 0.0888671875, 0.009033203125, 0.00537109375, 0.08154296875]","[0.21484375, 0.083984375, 0.00390625, 0.052734375, 0.0859375, 0.09375, 0.19921875, 0.00390625, 0.048828125, 0.107421875, 0.0, 0.0, 0.10546875]",0.0,"[0.0, 0.0, 0.0, 0.0, 0.0, 0.0, 0.0, 0.0]","[0.3079477926271097, 0.24946675896667125, 0.08527102543850296, 0.03748778710999545, 0.03168292581838239, 0.02961216866316496, 0.023751505780579496, 0.028863563443294105]","{""1024"": 0.08682874590158463, ""4096"": 0.06258479505777359}",0.6761662364006042,0.043548819531244565,0.720703125,219.08527959996718,75.5218525010132,142.8231960999983,220679110656,290987180032,1370532741120,2592832,1024,"{""6"": 0.1787109375, ""9"": 0.0888671875, ""12"": 0.08154296875}","{""6"": 0.103515625, ""9"": 0.0380859375, ""12"": 0.05078125}",True,True,True
MB,base,21314,A1B1C1,0.031990676232282134,366.5185138279239,231.1121892265105,32.93010401254128,0.716064453125,"[0.1455078125, 0.090576171875, 0.041259765625, 0.078125, 0.0908203125, 0.08740234375, 0.2431640625, 0.021484375, 0.008056640625, 0.008056640625, 0.00390625, 0.00439453125, 0.17724609375]","[0.19140625, 0.017578125, 0.056640625, 0.08984375, 0.103515625, 0.1015625, 0.271484375, 0.001953125, 0.0, 0.0, 0.0, 0.0, 0.166015625]",0.0,"[0.0, 0.0, 0.0, 0.0, 0.0, 0.0, 0.0, 0.0]","[0.31734804583189735, 0.13404294875113099, 0.04620539842111793, 0.04640055251600028, 0.05246847599655968, 0.055074441403963004, 0.03626885909470401, 0.028047750304790675]","{""1024"": 0.06961844861507416, ""4096"": 0.05903960019350052}",0.7896296381950378,0.04528989846674325,0.681640625,219.93405050001456,74.57581339975877,144.63113459998567,220679110656,290987180032,1370532741120,2592832,1024,"{""6"": 0.2431640625, ""9"": 0.008056640625, ""12"": 0.17724609375}","{""6"": 0.103515625, ""9"": 0.0380859375, ""12"": 0.05078125}",False,False,False
MB,base,21315,A1B1C1,0.03186047634243572,373.57208495507507,259.8243553815289,39.07744123553266,0.70556640625,"[0.194580078125, 0.058349609375, 0.085693359375, 0.1337890625, 0.050048828125, 0.09716796875, 0.184814453125, 0.021240234375, 0.03564453125, 0.019775390625, 0.00146484375, 0.003173828125, 0.1142578125]","[0.208984375, 0.0390625, 0.04296875, 0.13671875, 0.072265625, 0.103515625, 0.21875, 0.0078125, 0.015625, 0.009765625, 0.0, 0.0, 0.14453125]",0.0,"[0.0, 0.0, 0.0, 0.0, 0.0, 0.0, 0.0, 0.0]","[0.3466856233604316, 0.160783820744117, 0.043423834615089696, 0.03935086622701478, 0.031795796555726064, 0.03126990951235209, 0.03120545612180159, 0.04511767129134814]","{""1024"": 0.07014831155538559, ""4096"": 0.06660535931587219}",0.7617851495742798,0.041952572692610435,0.716796875,220.29165590004413,75.73344579986588,143.82862249999016,220679110656,290987180032,1370532741120,2592832,1024,"{""6"": 0.184814453125, ""9"": 0.019775390625, ""12"": 0.1142578125}","{""6"": 0.103515625, ""9"": 0.0380859375, ""12"": 0.05078125}",False,False,False
MB,base,21316,A1B1C1,0.012445221559189257,370.7546565843968,303.511238812039,17.00712590085095,0.720703125,"[0.17138671875, 0.035888671875, 0.072265625, 0.071533203125, 0.15380859375, 0.067626953125, 0.185546875, 0.0126953125, 0.0166015625, 0.085693359375, 0.001953125, 0.0087890625, 0.1162109375]","[0.12890625, 0.017578125, 0.09765625, 0.0703125, 0.08984375, 0.08984375, 0.2109375, 0.0078125, 0.005859375, 0.126953125, 0.0, 0.0, 0.154296875]",0.0,"[0.0, 0.0, 0.0, 0.0, 0.0, 0.0, 0.0, 0.0]","[0.37436045941384277, 0.21843492889092087, 0.04206742290016763, 0.021338590587902218, 0.020095455975838394, 0.014616288097628605, 0.011701076006624955, 0.02151596676847456]","{""1024"": 0.07470770925283432, ""4096"": 0.051656924188137054}",0.6554250717163086,0.0475169857472042,0.6796875,221.1952094000153,75.77992399975483,144.6852360000048,220679110656,290987180032,1370532741120,2592832,1024,"{""6"": 0.185546875, ""9"": 0.085693359375, ""12"": 0.1162109375}","{""6"": 0.103515625, ""9"": 0.0380859375, ""12"": 0.05078125}",True,True,True
MB,base,21317,A1B1C1,0.03449618076806571,371.74005035423124,272.85916236425396,37.16000864894045,0.7158203125,"[0.125, 0.06201171875, 0.0537109375, 0.138671875, 0.126953125, 0.119873046875, 0.179443359375, 0.007568359375, 0.00634765625, 0.030029296875, 0.003173828125, 0.001953125, 0.145263671875]","[0.130859375, 0.041015625, 0.0703125, 0.12109375, 0.107421875, 0.087890625, 0.212890625, 0.0, 0.017578125, 0.0078125, 0.0, 0.0, 0.203125]",0.0,"[0.0, 0.0, 0.0, 0.0, 0.0, 0.0, 0.0, 0.0]","[0.3619654324847863, 0.17096261900789722, 0.031865173998383955, 0.0272693376661981, 0.032349733815625115, 0.029064346982755396, 0.03218541895217397, 0.04039272294028784]","{""1024"": 0.0798511654138565, ""4096"": 0.05584738776087761}",0.7236866354942322,0.048956883013286934,0.6484375,222.20452349998232,75.68703960001585,145.80752590000338,220679110656,290987180032,1370532741120,2592832,1024,"{""6"": 0.179443359375, ""9"": 0.030029296875, ""12"": 0.145263671875}","{""6"": 0.103515625, ""9"": 0.0380859375, ""12"": 0.05078125}",False,False,False
MB,base,21318,A1B1C1,0.007235553569785669,382.38652130289984,310.3849377779377,13.753015308347813,0.7041015625,"[0.162109375, 0.023681640625, 0.0341796875, 0.086181640625, 0.12890625, 0.126708984375, 0.1669921875, 0.026611328125, 0.0185546875, 0.0849609375, 0.002197265625, 0.017578125, 0.121337890625]","[0.19921875, 0.005859375, 0.03515625, 0.1328125, 0.080078125, 0.09375, 0.17578125, 0.041015625, 0.025390625, 0.1015625, 0.0, 0.0, 0.109375]",0.0,"[0.0, 0.0, 0.0, 0.0, 0.0, 0.0, 0.0, 0.0]","[0.40935459927473206, 0.1968659823228025, 0.04432037708612624, 0.024676303132666, 0.023484882248099748, 0.021285172331182878, 0.010877098548603303, 0.015984259475513518]","{""1024"": 0.08172941952943802, ""4096"": 0.057998206466436386}",0.6046765446662903,0.027778956821717493,0.751953125,223.20129119997728,76.21583379969525,146.2403425000084,220679110656,290987180032,1370532741120,2592832,1024,"{""6"": 0.1669921875, ""9"": 0.0849609375, ""12"": 0.121337890625}","{""6"": 0.103515625, ""9"": 0.0380859375, ""12"": 0.05078125}",True,True,True
MB,base,21319,A1B1C1,0.032387667974146606,382.09650401637623,254.1464251614275,33.24860466485393,0.709716796875,"[0.16943359375, 0.03466796875, 0.059814453125, 0.221923828125, 0.03369140625, 0.11083984375, 0.18994140625, 0.033447265625, 0.008056640625, 0.010986328125, 0.001708984375, 0.006591796875, 0.118896484375]","[0.19140625, 0.02734375, 0.0546875, 0.171875, 0.064453125, 0.1171875, 0.1796875, 0.03125, 0.0, 0.0, 0.0, 0.0, 0.162109375]",0.0,"[0.0, 0.0, 0.0, 0.0, 0.0, 0.0, 0.0, 0.0]","[0.31984764147145883, 0.17653209517195423, 0.06579371102932097, 0.053431970671365736, 0.034128902852960774, 0.031609232223881456, 0.036799200933565146, 0.028139480052477683]","{""1024"": 0.09517915546894073, ""4096"": 0.06575538218021393}",0.7657225131988525,0.038168132285115064,0.6875,219.46126200001163,75.49078319966793,143.2435930000065,220679110656,290987180032,1370532741120,2592832,1024,"{""6"": 0.18994140625, ""9"": 0.010986328125, ""12"": 0.118896484375}","{""6"": 0.103515625, ""9"": 0.0380859375, ""12"": 0.05078125}",False,False,False
MB,base,21320,A1B1C1,0.008421441248428252,282.85687015210624,205.94525504748435,28.267488375814764,0.7373046875,"[0.14111328125, 0.029052734375, 0.071533203125, 0.1142578125, 0.09228515625, 0.07470703125, 0.25927734375, 0.01025390625, 0.0087890625, 0.104736328125, 0.0087890625, 0.000732421875, 0.08447265625]","[0.140625, 0.009765625, 0.095703125, 0.064453125, 0.091796875, 0.115234375, 0.26171875, 0.005859375, 0.0, 0.126953125, 0.0, 0.0, 0.087890625]",0.0,"[0.0, 0.0, 0.0, 0.0, 0.0, 0.0, 0.0, 0.0]","[0.3019030212351099, 0.10033380502950795, 0.032723612624384835, 0.024760406649322775, 0.019006324536494645, 0.018517716206999157, 0.023999407389812877, 0.031210530844200335]","{""1024"": 0.062485359609127045, ""4096"": 0.06327372044324875}",0.7343775033950806,0.03698455389541744,0.703125,220.58383829996455,75.08694769976137,144.77333270000236,220679110656,290987180032,1370532741120,2592832,1024,"{""6"": 0.25927734375, ""9"": 0.104736328125, ""12"": 0.08447265625}","{""6"": 0.103515625, ""9"": 0.0380859375, ""12"": 0.05078125}",True,True,True
MB,base,21321,A1B1C1,0.011910571630346034,303.91133497090664,221.80038170524313,24.553750416890125,0.730712890625,"[0.28466796875, 0.01708984375, 0.03271484375, 0.086669921875, 0.083251953125, 0.06982421875, 0.179443359375, 0.004150390625, 0.03076171875, 0.06884765625, 0.001708984375, 0.004638671875, 0.13623046875]","[0.25390625, 0.00390625, 0.013671875, 0.103515625, 0.078125, 0.07421875, 0.177734375, 0.0, 0.03125, 0.095703125, 0.0, 0.0, 0.16796875]",0.0,"[0.0, 0.0, 0.0, 0.0, 0.0, 0.0, 0.0, 0.0]","[0.27108015953467923, 0.16212371098337375, 0.04493541838150161, 0.024287002245472866, 0.01997741532195496, 0.02321657586508108, 0.025978796367183588, 0.021977747415804938]","{""1024"": 0.08339286595582962, ""4096"": 0.07033973187208176}",0.7441335916519165,0.03679119177455936,0.732421875,220.41884840001876,75.70736039971234,143.98792099999264,220679110656,290987180032,1370532741120,2592832,1024,"{""6"": 0.179443359375, ""9"": 0.06884765625, ""12"": 0.13623046875}","{""6"": 0.103515625, ""9"": 0.0380859375, ""12"": 0.05078125}",True,True,True
MB,base,21322,A1B1C1,0.019169500409545126,321.02980181428757,219.71447676460843,32.54678349910728,0.72607421875,"[0.24951171875, 0.0712890625, 0.0439453125, 0.07080078125, 0.00341796875, 0.07470703125, 0.210693359375, 0.03271484375, 0.01806640625, 0.1015625, 0.011474609375, 0.00390625, 0.10791015625]","[0.18359375, 0.09765625, 0.068359375, 0.0546875, 0.0, 0.115234375, 0.234375, 0.00390625, 0.001953125, 0.1015625, 0.01171875, 0.0, 0.126953125]",0.0,"[0.0, 0.0, 0.0, 0.0, 0.0, 0.0, 0.0, 0.0]","[0.30897471288969225, 0.1201551245411836, 0.0546691143443403, 0.027218449914917286, 0.027954713993513902, 0.024471279463189166, 0.02973137201977938, 0.03383656450191452]","{""1024"": 0.10328582674264908, ""4096"": 0.06872273236513138}",0.7302658557891846,0.059456751112401784,0.630859375,220.78593349999574,75.73331380034506,144.32187139998132,220679110656,290987180032,1370532741120,2592832,1024,"{""6"": 0.210693359375, ""9"": 0.1015625, ""12"": 0.10791015625}","{""6"": 0.103515625, ""9"": 0.0380859375, ""12"": 0.05078125}",True,True,True
MB,base,21323,A1B1C1,0.009313100685098608,380.1176673061666,304.6982401322682,13.23231259253339,0.703369140625,"[0.2138671875, 0.020751953125, 0.074462890625, 0.078369140625, 0.083251953125, 0.099609375, 0.170166015625, 0.0244140625, 0.024169921875, 0.099365234375, 0.013916015625, 0.001953125, 0.095703125]","[0.1640625, 0.001953125, 0.05859375, 0.08203125, 0.095703125, 0.083984375, 0.255859375, 0.025390625, 0.00390625, 0.138671875, 0.0, 0.0, 0.08984375]",0.0,"[0.0, 0.0, 0.0, 0.0, 0.0, 0.0, 0.0, 0.0]","[0.3787160796020781, 0.21639767065625826, 0.0541816588614803, 0.028734917160995188, 0.02427753503575536, 0.01426509710849766, 0.011407943712146817, 0.01443641682014496]","{""1024"": 0.062325797975063324, ""4096"": 0.05304962769150734}",0.6661539077758789,0.039894603998509304,0.732421875,221.12879780000367,75.64965010008018,144.76929460001702,220679110656,290987180032,1370532741120,2592832,1024,"{""6"": 0.170166015625, ""9"": 0.099365234375, ""12"": 0.095703125}","{""6"": 0.103515625, ""9"": 0.0380859375, ""12"": 0.05078125}",True,True,True
MB,base,21324,A1B1C1,0.007440835807203339,360.89245894719875,286.61224245336234,20.743972886143183,0.713134765625,"[0.200927734375, 0.04150390625, 0.031494140625, 0.06591796875, 0.135986328125, 0.0498046875, 0.18115234375, 0.035400390625, 0.018310546875, 0.111083984375, 0.011962890625, 0.008544921875, 0.10791015625]","[0.17578125, 0.02734375, 0.00390625, 0.068359375, 0.09375, 0.09375, 0.263671875, 0.01171875, 0.0234375, 0.140625, 0.0, 0.0, 0.09765625]",0.0,"[0.0, 0.0, 0.0, 0.0, 0.0, 0.0, 0.0, 0.0]","[0.4167426891129966, 0.1430468469287267, 0.03522507434462385, 0.028153533775764572, 0.02048325263199713, 0.020701115043890272, 0.01914110861158269, 0.021374463431665713]","{""1024"": 0.06081535294651985, ""4096"": 0.05052981153130531}",0.6157800555229187,0.042677591814237914,0.7421875,222.39994660000957,75.82191909957328,145.8657173000247,220679110656,290987180032,1370532741120,2592832,1024,"{""6"": 0.18115234375, ""9"": 0.111083984375, ""12"": 0.10791015625}","{""6"": 0.103515625, ""9"": 0.0380859375, ""12"": 0.05078125}",True,True,True
MB,base,21301,A0B0C0,0.007434249805857274,215.92545406660702,162.39620428502008,11.34288286772994,0.479736328125,"[0.2021484375, 0.21142578125, 0.08203125, 0.078125, 0.045166015625, 0.038818359375, 0.072021484375, 0.17138671875, 0.003662109375, 0.001220703125, 0.01513671875, 0.005615234375, 0.0732421875]","[0.22265625, 0.271484375, 0.095703125, 0.001953125, 0.001953125, 0.033203125, 0.146484375, 0.1796875, 0.0, 0.0, 0.0, 0.0, 0.046875]",0.0,"[0.0, 0.0, 0.0, 0.0, 0.0, 0.0, 0.0, 0.0]","[0.22217771945583253, 0.0950023670383473, 0.0356736345760873, 0.018313422391167844, 0.01464428169051235, 0.01376390922085946, 0.01152747613021221, 0.01062659197082283]","{""1024"": 0.050334617495536804, ""4096"": 0.030720697715878487}",0.5516622066497803,0.0018136637122964708,0.654296875,220.7815509000211,76.12320640002145,143.93824969998968,220679110656,290987180032,1370532741120,2592832,1024,,,,,
MB,base,21301,A1B0C0,0.009414741769568469,274.4982076105848,220.82444905655598,14.10535064519513,0.55126953125,"[0.11083984375, 0.1279296875, 0.182861328125, 0.08984375, 0.1328125, 0.01904296875, 0.072509765625, 0.010009765625, 0.020751953125, 0.013916015625, 0.002197265625, 0.032470703125, 0.184814453125]","[0.125, 0.1328125, 0.244140625, 0.087890625, 0.0546875, 0.02734375, 0.03515625, 0.005859375, 0.0, 0.005859375, 0.0, 0.001953125, 0.279296875]",0.0,"[0.0, 0.0, 0.0, 0.0, 0.0, 0.0, 0.0, 0.0]","[0.28372365862968074, 0.14757409343390515, 0.02531841992633055, 0.018529733865926268, 0.018202665586744438, 0.015231227317939577, 0.014276319164079343, 0.013273193814817397]","{""1024"": 0.07749208062887192, ""4096"": 0.05323854833841324}",0.568385124206543,0.017127296854903398,0.576171875,219.68364709999878,75.2551878002705,143.71592489998147,220679110656,290987180032,1370532741120,2592832,1024,,,,,
MB,base,21301,A0B1C0,0.025880535561343176,293.7921958904824,184.93027298954507,32.23032013309012,0.45361328125,"[0.296142578125, 0.018798828125, 0.0615234375, 0.026123046875, 0.03759765625, 0.072509765625, 0.30078125, 0.13818359375, 0.005859375, 0.005126953125, 0.002685546875, 0.022705078125, 0.011962890625]","[0.232421875, 0.015625, 0.03125, 0.021484375, 0.009765625, 0.068359375, 0.447265625, 0.162109375, 0.0, 0.00390625, 0.0, 0.0078125, 0.0]",0.0,"[0.0, 0.0, 0.0, 0.0, 0.0, 0.0, 0.0, 0.0]","[0.18471619528743144, 0.17647574414527378, 0.052375812723448156, 0.0407931247901252, 0.02815664225695702, 0.02834551938542118, 0.03441843847368853, 0.028531405536253107]","{""1024"": 0.0700809434056282, ""4096"": 0.033205751329660416}",0.5353355407714844,0.01213791869902095,0.61328125,220.360705900006,75.6520780998253,143.98633410000184,220679110656,290987180032,1370532741120,2592832,1024,,,,,
MB,base,21301,A0B0C1,0.012356459246831708,281.4813425016596,217.111572535405,12.097123044267391,0.521240234375,"[0.129638671875, 0.22412109375, 0.07373046875, 0.152099609375, 0.07373046875, 0.039306640625, 0.066650390625, 0.103271484375, 0.00146484375, 0.068115234375, 0.023681640625, 0.0029296875, 0.041259765625]","[0.16015625, 0.1953125, 0.05078125, 0.138671875, 0.041015625, 0.025390625, 0.0546875, 0.158203125, 0.0, 0.05859375, 0.017578125, 0.0, 0.099609375]",0.0,"[0.0, 0.0, 0.0, 0.0, 0.0, 0.0, 0.0, 0.0]","[0.2712834336001433, 0.1527626065080696, 0.06246187361740585, 0.01724077843505789, 0.011795714013124847, 0.01059664745391764, 0.013063848948819956, 0.010563344497014793]","{""1024"": 0.05174032971262932, ""4096"": 0.0330500453710556}",0.47350409626960754,0.020568629889533122,0.751953125,220.85572120001598,75.84444799978519,144.2906578999973,220679110656,290987180032,1370532741120,2592832,1024,,,,,
MB,base,21302,A0B0C0,0.003201411541072563,200.83796403980023,144.48706969727323,9.352919239197035,0.48828125,"[0.185546875, 0.237060546875, 0.1142578125, 0.029052734375, 0.031982421875, 0.0048828125, 0.15966796875, 0.118896484375, 0.0107421875, 0.003662109375, 0.005615234375, 0.009033203125, 0.089599609375]","[0.193359375, 0.27734375, 0.080078125, 0.013671875, 0.048828125, 0.0, 0.095703125, 0.134765625, 0.0, 0.0, 0.0, 0.0, 0.15625]",0.0,"[0.0, 0.0, 0.0, 0.0, 0.0, 0.0, 0.0, 0.0]","[0.18023715652763217, 0.1019641514748546, 0.05484512428057364, 0.013215659471157437, 0.012241486013721659, 0.011490650358238597, 0.010417228129781186, 0.007850192259275524]","{""1024"": 0.07383546233177185, ""4096"": 0.028839746490120888}",0.5463075637817383,0.003013651660023363,0.732421875,222.1569629000005,75.89054230031616,145.55075739999302,220679110656,290987180032,1370532741120,2592832,1024,,,,,
MB,base,21302,A1B0C0,0.0075251825725124455,264.0954302563696,188.80194210755985,20.16434889299353,0.5517578125,"[0.2841796875, 0.158935546875, 0.122802734375, 0.031982421875, 0.146484375, 0.033935546875, 0.002685546875, 0.014892578125, 0.006591796875, 0.048583984375, 0.00146484375, 0.024169921875, 0.123291015625]","[0.25390625, 0.203125, 0.173828125, 0.00390625, 0.05859375, 0.021484375, 0.0, 0.0, 0.0, 0.05078125, 0.0, 0.0, 0.234375]",0.0,"[0.0, 0.0, 0.0, 0.0, 0.0, 0.0, 0.0, 0.0]","[0.2659543829313784, 0.10279941024744943, 0.04159830465683978, 0.02136413083852684, 0.019654878755559047, 0.025056785858090347, 0.017987448869321465, 0.021396045062306523]","{""1024"": 0.08626189827919006, ""4096"": 0.061986345797777176}",0.6268228888511658,0.018824147619518887,0.55859375,221.03444550001586,75.4213652000326,144.88931990001583,220679110656,290987180032,1370532741120,2592832,1024,,,,,
MB,base,21302,A0B1C0,0.006169663474296261,230.81306409903527,177.3736718154605,11.447652703279346,0.465576171875,"[0.24365234375, 0.027099609375, 0.030517578125, 0.055908203125, 0.06005859375, 0.12353515625, 0.18408203125, 0.114990234375, 0.006103515625, 0.00830078125, 0.001953125, 0.013671875, 0.130126953125]","[0.208984375, 0.001953125, 0.025390625, 0.046875, 0.046875, 0.109375, 0.27734375, 0.150390625, 0.0, 0.005859375, 0.0, 0.0, 0.126953125]",0.0,"[0.0, 0.0, 0.0, 0.0, 0.0, 0.0, 0.0, 0.0]","[0.18086968565901973, 0.16556326710555158, 0.03561491338904821, 0.01546323828193108, 0.017698628544758677, 0.01323833615202652, 0.013490247006777256, 0.008868449679315216]","{""1024"": 0.05658743903040886, ""4096"": 0.03511462360620499}",0.49952027201652527,-2.2595040237167584e-07,0.685546875,219.89590269998007,75.93357479988481,143.2297953999805,220679110656,290987180032,1370532741120,2592832,1024,,,,,
MB,base,21302,A0B0C1,0.021148511052216712,276.3409809164691,174.57421233804348,30.597389708916808,0.523193359375,"[0.1396484375, 0.234375, 0.099853515625, 0.18408203125, 0.057373046875, 0.03076171875, 0.050537109375, 0.142822265625, 0.003662109375, 0.00634765625, 0.01708984375, 0.010009765625, 0.0234375]","[0.1796875, 0.275390625, 0.138671875, 0.15625, 0.04296875, 0.009765625, 0.08203125, 0.091796875, 0.0, 0.0, 0.0, 0.013671875, 0.009765625]",0.0,"[0.0, 0.0, 0.0, 0.0, 0.0, 0.0, 0.0, 0.0]","[0.23018745878790847, 0.1107777996848327, 0.053993144686966144, 0.030025294487394216, 0.026978784037713588, 0.028005469892435464, 0.03168479577037031, 0.02807573100485783]","{""1024"": 0.05487365275621414, ""4096"": 0.03688877075910568}",0.7309814095497131,0.0017311384245494105,0.6171875,220.333675700007,75.81399899951066,143.79423899998073,220679110656,290987180032,1370532741120,2592832,1024,,,,,
MB,base,21303,A0B0C0,0.004562637685137538,195.4467812056355,130.8561315487234,12.054593086689692,0.483154296875,"[0.206787109375, 0.29541015625, 0.103759765625, 0.029052734375, 0.0263671875, 0.038818359375, 0.043701171875, 0.093017578125, 0.029541015625, 0.01220703125, 0.006591796875, 0.00830078125, 0.1064453125]","[0.2265625, 0.25, 0.125, 0.0234375, 0.0, 0.037109375, 0.013671875, 0.1328125, 0.005859375, 0.0, 0.0, 0.009765625, 0.17578125]",0.0,"[0.0, 0.0, 0.0, 0.0, 0.0, 0.0, 0.0, 0.0]","[0.1639838875862556, 0.09159449434484479, 0.0541202279423425, 0.02016142046643088, 0.013847165549136342, 0.0144806715308059, 0.013060377210938778, 0.010483749911502027]","{""1024"": 0.05873766168951988, ""4096"": 0.032232724130153656}",0.5612707734107971,0.007312026584816684,0.662109375,220.98804309999105,75.9719739000866,144.29301839998516,220679110656,290987180032,1370532741120,2592832,1024,,,,,
MB,base,21303,A1B0C0,0.022792184484779376,269.8801253412603,153.06354876574846,27.564316506172418,0.554931640625,"[0.295166015625, 0.0361328125, 0.01123046875, 0.028564453125, 0.074462890625, 0.078125, 0.136474609375, 0.044677734375, 0.052490234375, 0.002685546875, 0.0048828125, 0.008056640625, 0.22705078125]","[0.28515625, 0.078125, 0.08203125, 0.03515625, 0.076171875, 0.02734375, 0.025390625, 0.072265625, 0.04296875, 0.0, 0.0, 0.0, 0.275390625]",0.0,"[0.0, 0.0, 0.0, 0.0, 0.0, 0.0, 0.0, 0.0]","[0.2072640529567198, 0.09168819072638268, 0.058112381318677464, 0.04466849551125884, 0.044588195826551935, 0.026951747791440273, 0.026989300307602715, 0.026847255368515288]","{""1024"": 0.07225363701581955, ""4096"": 0.06475292891263962}",0.6183533072471619,0.027143626088540117,0.53125,220.7815513999667,75.30373210021935,144.76445460000832,220679110656,290987180032,1370532741120,2592832,1024,,,,,
MB,base,21303,A0B1C0,0.007001465589503653,287.62905454403585,227.68154605628843,11.320142285060228,0.452880859375,"[0.136474609375, 0.1201171875, 0.05859375, 0.020751953125, 0.056396484375, 0.109375, 0.202880859375, 0.08203125, 0.002685546875, 0.018310546875, 0.04541015625, 0.002197265625, 0.144775390625]","[0.111328125, 0.080078125, 0.076171875, 0.025390625, 0.005859375, 0.091796875, 0.27734375, 0.15234375, 0.0, 0.017578125, 0.005859375, 0.001953125, 0.154296875]",0.0,"[0.0, 0.0, 0.0, 0.0, 0.0, 0.0, 0.0, 0.0]","[0.3003277508337807, 0.14436276880740762, 0.052622670910223324, 0.017852559720873185, 0.012328075768714086, 0.01217201821481284, 0.011048487268106477, 0.011061165632401782]","{""1024"": 0.0634360983967781, ""4096"": 0.03353503346443176}",0.5011447072029114,0.007896064697221743,0.6953125,221.7833542000444,75.65066270013631,145.4155877999874,220679110656,290987180032,1370532741120,2592832,1024,,,,,
MB,base,21303,A0B0C1,0.01365833185776344,286.51548037270663,201.57363723163257,19.729431727834026,0.517578125,"[0.208740234375, 0.19189453125, 0.1064453125, 0.1552734375, 0.071044921875, 0.038818359375, 0.048095703125, 0.1279296875, 0.003173828125, 0.00537109375, 0.00732421875, 0.020263671875, 0.015625]","[0.15625, 0.220703125, 0.119140625, 0.1640625, 0.0546875, 0.0, 0.060546875, 0.115234375, 0.0, 0.0, 0.0, 0.0, 0.109375]",0.0,"[0.0, 0.0, 0.0, 0.0, 0.0, 0.0, 0.0, 0.0]","[0.26207742531654876, 0.1316210849014836, 0.056912779241067746, 0.019595058709669377, 0.024562245618859446, 0.02629790747188787, 0.01914383788016627, 0.01939020846325956]","{""1024"": 0.0717315822839737, ""4096"": 0.039917804300785065}",0.682092010974884,0.014698905900870609,0.712890625,221.10843540000496,75.95538080010738,144.43859279998287,220679110656,290987180032,1370532741120,2592832,1024,,,,,
MB,base,21304,A0B0C0,0.007141665600459923,202.40120020996187,144.97176722225777,16.418242046234354,0.46142578125,"[0.15283203125, 0.27490234375, 0.109130859375, 0.0654296875, 0.020263671875, 0.02490234375, 0.044921875, 0.171875, 0.013671875, 0.008544921875, 0.00439453125, 0.006591796875, 0.1025390625]","[0.162109375, 0.287109375, 0.083984375, 0.1171875, 0.01953125, 0.013671875, 0.037109375, 0.18359375, 0.00390625, 0.00390625, 0.0, 0.0, 0.087890625]",0.0,"[0.0, 0.0, 0.0, 0.0, 0.0, 0.0, 0.0, 0.0]","[0.17500269634591792, 0.10814528651005428, 0.044084722876010396, 0.01205317909219028, 0.011684987690794735, 0.012277092648562693, 0.01314609539668865, 0.018920783599862823]","{""1024"": 0.04707817733287811, ""4096"": 0.03228157013654709}",0.6261807680130005,-0.0007240599289077966,0.630859375,220.2964219999849,75.7086778999219,143.8613261999708,220679110656,290987180032,1370532741120,2592832,1024,,,,,
MB,base,21304,A1B0C0,0.012587360402441572,354.68587620435983,273.84325140542205,19.55922513359633,0.542236328125,"[0.224365234375, 0.089599609375, 0.135498046875, 0.033447265625, 0.097412109375, 0.049560546875, 0.18994140625, 0.0439453125, 0.02783203125, 0.0341796875, 0.034912109375, 0.038330078125, 0.0009765625]","[0.216796875, 0.09375, 0.142578125, 0.0, 0.056640625, 0.04296875, 0.36328125, 0.029296875, 0.048828125, 0.005859375, 0.0, 0.0, 0.0]",0.0,"[0.0, 0.0, 0.0, 0.0, 0.0, 0.0, 0.0, 0.0]","[0.3645269099387427, 0.17032319046247224, 0.04968426966481099, 0.022685088386013685, 0.016450117515981688, 0.030874664404563656, 0.02074163730286971, 0.01745997428618562]","{""1024"": 0.0677691176533699, ""4096"": 0.04299616813659668}",0.6119149923324585,0.02546814773599207,0.49609375,219.83737199997995,75.79745349932637,143.31726530000742,220679110656,290987180032,1370532741120,2592832,1024,,,,,
MB,base,21304,A0B1C0,0.024843282377476683,321.6963329978514,216.02234638763844,34.200341282295994,0.44775390625,"[0.19287109375, 0.058349609375, 0.077880859375, 0.00732421875, 0.047607421875, 0.0966796875, 0.33984375, 0.1083984375, 0.020751953125, 0.028076171875, 0.015625, 0.003173828125, 0.00341796875]","[0.193359375, 0.0390625, 0.0234375, 0.0, 0.0, 0.123046875, 0.4453125, 0.15625, 0.0, 0.0078125, 0.01171875, 0.0, 0.0]",0.0,"[0.0, 0.0, 0.0, 0.0, 0.0, 0.0, 0.0, 0.0]","[0.2876710313871169, 0.1342476139012394, 0.05403371097864751, 0.026688004382944275, 0.02838337456263451, 0.030491873606861564, 0.03591153659620616, 0.030886004970778203]","{""1024"": 0.0604841485619545, ""4096"": 0.04388630762696266}",0.7665513157844543,0.009916229434067277,0.615234375,221.60334859997965,76.2190845007135,144.65176389997941,220679110656,290987180032,1370532741120,2592832,1024,,,,,
MB,base,21304,A0B0C1,0.004201685366601371,217.24797535036032,148.62390481931197,17.2017497674708,0.537841796875,"[0.11767578125, 0.20361328125, 0.075439453125, 0.15478515625, 0.07763671875, 0.029541015625, 0.04931640625, 0.179443359375, 0.003662109375, 0.044677734375, 0.00634765625, 0.0078125, 0.050048828125]","[0.14453125, 0.189453125, 0.080078125, 0.1328125, 0.0390625, 0.029296875, 0.080078125, 0.140625, 0.0, 0.037109375, 0.0, 0.0, 0.126953125]",0.0,"[0.0, 0.0, 0.0, 0.0, 0.0, 0.0, 0.0, 0.0]","[0.20695297834137438, 0.08332808575884432, 0.027647811265320676, 0.02753153209683834, 0.02667641803343157, 0.018578458845771806, 0.01743983655186776, 0.01615733096272365]","{""1024"": 0.051487766206264496, ""4096"": 0.03612150251865387}",0.5726872086524963,0.00024994327938882076,0.78515625,220.76576869998826,76.21466960046382,143.8337165000121,220679110656,290987180032,1370532741120,2592832,1024,,,,,
MB,base,21305,A0B0C0,0.006821961264582566,346.845881787631,278.59004805852646,16.281936793892783,0.462158203125,"[0.222900390625, 0.16064453125, 0.089111328125, 0.03173828125, 0.004150390625, 0.07666015625, 0.0595703125, 0.155517578125, 0.0478515625, 0.00634765625, 0.012451171875, 0.005615234375, 0.12744140625]","[0.275390625, 0.212890625, 0.119140625, 0.005859375, 0.0, 0.02734375, 0.064453125, 0.171875, 0.0, 0.0, 0.00390625, 0.009765625, 0.109375]",0.0,"[0.0, 0.0, 0.0, 0.0, 0.0, 0.0, 0.0, 0.0]","[0.3318382482584381, 0.2122829393558714, 0.05667114697626152, 0.014520866046920933, 0.012262954532114456, 0.018056549896288576, 0.014236155073108492, 0.01756450272746335]","{""1024"": 0.04858473688364029, ""4096"": 0.03048812970519066}",0.45317429304122925,0.009800013682516073,0.646484375,222.89500180000323,76.25977109977975,145.91993009998987,220679110656,290987180032,1370532741120,2592832,1024,,,,,
MB,base,21305,A1B0C0,0.01022489618521849,221.6020116414311,172.01764509811915,16.929917981165772,0.579833984375,"[0.15185546875, 0.078857421875, 0.195556640625, 0.075439453125, 0.074951171875, 0.0341796875, 0.20703125, 0.005859375, 0.007080078125, 0.052734375, 0.002685546875, 0.0234375, 0.09033203125]","[0.1796875, 0.15234375, 0.20703125, 0.001953125, 0.041015625, 0.033203125, 0.279296875, 0.013671875, 0.001953125, 0.01953125, 0.0, 0.0, 0.0703125]",0.0,"[0.0, 0.0, 0.0, 0.0, 0.0, 0.0, 0.0, 0.0]","[0.21492564126208435, 0.1210463218201796, 0.02219957411970963, 0.01033746810318803, 0.014087513302606602, 0.01715366432243748, 0.0165946018396137, 0.0164716442173507]","{""1024"": 0.06686727702617645, ""4096"": 0.04224615916609764}",0.6106341481208801,0.022025323541761694,0.56640625,222.7946562000143,76.19381029943179,145.8792883999995,220679110656,290987180032,1370532741120,2592832,1024,,,,,
MB,base,21305,A0B1C0,0.0094866874768611,233.56921054043755,158.3090528842638,16.473013558345883,0.458740234375,"[0.314208984375, 0.152587890625, 0.017578125, 0.04248046875, 0.002197265625, 0.073974609375, 0.183837890625, 0.0244140625, 0.022705078125, 0.00927734375, 0.011474609375, 0.015380859375, 0.1298828125]","[0.189453125, 0.169921875, 0.005859375, 0.05078125, 0.0, 0.068359375, 0.25, 0.064453125, 0.0078125, 0.0, 0.001953125, 0.001953125, 0.189453125]",0.0,"[0.0, 0.0, 0.0, 0.0, 0.0, 0.0, 0.0, 0.0]","[0.20768942077851715, 0.10150794813606057, 0.054309132468353116, 0.02525639387243217, 0.016838646947976432, 0.018414467527308354, 0.017428829133911528, 0.014745025472232776]","{""1024"": 0.0788043737411499, ""4096"": 0.03335833549499512}",0.5112924575805664,-0.0049310270742647325,0.662109375,220.6118380999833,75.85897670034319,143.99890769999183,220679110656,290987180032,1370532741120,2592832,1024,,,,,
MB,base,21305,A0B0C1,0.013803242664682802,388.72837361402276,237.23761241879788,25.165757403594398,0.50537109375,"[0.1923828125, 0.273681640625, 0.07470703125, 0.130126953125, 0.05419921875, 0.027099609375, 0.051513671875, 0.054443359375, 0.015869140625, 0.08203125, 0.016357421875, 0.00732421875, 0.020263671875]","[0.216796875, 0.166015625, 0.10546875, 0.158203125, 0.037109375, 0.0, 0.05078125, 0.18359375, 0.0, 0.0546875, 0.005859375, 0.005859375, 0.015625]",0.0,"[0.0, 0.0, 0.0, 0.0, 0.0, 0.0, 0.0, 0.0]","[0.2529990493809233, 0.21035566237454129, 0.09469824779661806, 0.06235813992174366, 0.0465267196066077, 0.043145415705558854, 0.02298064422643531, 0.02617122570246]","{""1024"": 0.06443912535905838, ""4096"": 0.044192150235176086}",0.5271626114845276,0.013191454527276675,0.642578125,219.23789280003984,76.19403249961033,142.30521150001732,220679110656,290987180032,1370532741120,2592832,1024,,,,,
MB,base,21306,A0B0C0,0.005239514189089967,272.2647923568354,222.1775944072242,8.610983873775012,0.470703125,"[0.1845703125, 0.211181640625, 0.09521484375, 0.046630859375, 0.087158203125, 0.0439453125, 0.05712890625, 0.15087890625, 0.01025390625, 0.009765625, 0.0107421875, 0.016845703125, 0.07568359375]","[0.2890625, 0.2578125, 0.05859375, 0.041015625, 0.005859375, 0.013671875, 0.025390625, 0.1484375, 0.0, 0.0, 0.0, 0.0, 0.16015625]",0.0,"[0.0, 0.0, 0.0, 0.0, 0.0, 0.0, 0.0, 0.0]","[0.29732793206992225, 0.13661268200668752, 0.03556883303175473, 0.016233019426017847, 0.013014311671022405, 0.016192066488072587, 0.010732285089927185, 0.006086042788539636]","{""1024"": 0.06296402961015701, ""4096"": 0.027179084718227386}",0.4675615131855011,-0.004473124016693933,0.685546875,220.2678184000397,75.26201019986183,144.28951339998457,220679110656,290987180032,1370532741120,2592832,1024,,,,,
MB,base,21306,A1B0C0,0.008437022832745722,212.11086376425237,146.08874589541006,22.850140768532356,0.5947265625,"[0.275146484375, 0.095458984375, 0.142822265625, 0.041259765625, 0.09814453125, 0.013916015625, 0.098876953125, 0.019775390625, 0.056640625, 0.025634765625, 0.002197265625, 0.00732421875, 0.122802734375]","[0.28515625, 0.12109375, 0.166015625, 0.033203125, 0.046875, 0.0, 0.216796875, 0.001953125, 0.005859375, 0.00390625, 0.0, 0.009765625, 0.109375]",0.0,"[0.0, 0.0, 0.0, 0.0, 0.0, 0.0, 0.0, 0.0]","[0.21375621006443968, 0.07157337176253309, 0.02585428193453243, 0.020349767223060145, 0.017772220346633727, 0.020343998269816588, 0.026915651517667172, 0.017713529670872585]","{""1024"": 0.06896094232797623, ""4096"": 0.0533142052590847}",0.5991860628128052,0.03591785787622381,0.578125,219.13571160002903,75.79411670008267,142.61416819998703,220679110656,290987180032,1370532741120,2592832,1024,,,,,
MB,base,21306,A0B1C0,0.002023355967350593,200.8299605356708,148.50013543060618,10.06758636719178,0.4755859375,"[0.13427734375, 0.074951171875, 0.035400390625, 0.013671875, 0.020263671875, 0.158203125, 0.318603515625, 0.096923828125, 0.008544921875, 0.00439453125, 0.01513671875, 0.013671875, 0.10595703125]","[0.11328125, 0.107421875, 0.041015625, 0.0, 0.001953125, 0.142578125, 0.28125, 0.1484375, 0.015625, 0.0, 0.0, 0.0, 0.1484375]",0.0,"[0.0, 0.0, 0.0, 0.0, 0.0, 0.0, 0.0, 0.0]","[0.1705677454774217, 0.11947158153548099, 0.04769521481932859, 0.012752905496606015, 0.011009882489769307, 0.011085432229203995, 0.010450020143239591, 0.009213234480181853]","{""1024"": 0.05158623307943344, ""4096"": 0.0320109948515892}",0.5096157193183899,0.016676438471765597,0.73828125,222.61941549999756,76.25385259986797,145.6438938999927,220679110656,290987180032,1370532741120,2592832,1024,,,,,
MB,base,21306,A0B0C1,0.012331107909345551,285.25607798298256,189.25711947743775,18.533716552007945,0.535888671875,"[0.123046875, 0.27001953125, 0.10595703125, 0.16357421875, 0.07275390625, 0.037353515625, 0.04296875, 0.154296875, 0.00341796875, 0.00048828125, 0.00341796875, 0.0068359375, 0.015869140625]","[0.1484375, 0.19140625, 0.099609375, 0.17578125, 0.0390625, 0.017578125, 0.07421875, 0.16015625, 0.0, 0.0, 0.0, 0.0, 0.09375]",0.0,"[0.0, 0.0, 0.0, 0.0, 0.0, 0.0, 0.0, 0.0]","[0.23399038441911113, 0.13565242706025948, 0.06101011255621813, 0.040083805881431456, 0.024500120091405453, 0.02570526216144664, 0.018980321749611395, 0.017218343391029123]","{""1024"": 0.061469852924346924, ""4096"": 0.037446871399879456}",0.9253013730049133,0.02029108010676375,0.7421875,221.4476984999783,76.21160359984788,144.52907259999483,220679110656,290987180032,1370532741120,2592832,1024,,,,,
MB,base,21307,A0B0C0,0.003013227800542584,262.2959632941206,208.91481779471655,11.753690420275007,0.48193359375,"[0.167724609375, 0.162109375, 0.125244140625, 0.03759765625, 0.055419921875, 0.06103515625, 0.113037109375, 0.14111328125, 0.00244140625, 0.014404296875, 0.01611328125, 0.009765625, 0.093994140625]","[0.17578125, 0.228515625, 0.1171875, 0.01171875, 0.0234375, 0.0, 0.130859375, 0.16796875, 0.0, 0.005859375, 0.0, 0.005859375, 0.1328125]",0.0,"[0.0, 0.0, 0.0, 0.0, 0.0, 0.0, 0.0, 0.0]","[0.2819133242208651, 0.12612342928444065, 0.05156144839015475, 0.011279722745531018, 0.009181103434377391, 0.009281348631360764, 0.011303133069032079, 0.011653293533067544]","{""1024"": 0.048416875302791595, ""4096"": 0.03076019138097763}",0.5019596219062805,0.0024629213383942847,0.685546875,220.36454079995747,75.77196600026218,143.8608857999934,220679110656,290987180032,1370532741120,2592832,1024,,,,,
MB,base,21307,A1B0C0,0.009366871178472458,248.7028248032318,189.0260046051767,17.94023187997618,0.5693359375,"[0.1435546875, 0.103759765625, 0.13427734375, 0.10595703125, 0.087158203125, 0.05126953125, 0.13330078125, 0.021728515625, 0.041748046875, 0.041748046875, 0.007080078125, 0.02001953125, 0.1083984375]","[0.19140625, 0.1171875, 0.109375, 0.01953125, 0.056640625, 0.05078125, 0.1015625, 0.00390625, 0.03125, 0.09375, 0.0078125, 0.00390625, 0.212890625]",0.0,"[0.0, 0.0, 0.0, 0.0, 0.0, 0.0, 0.0, 0.0]","[0.2346389738492527, 0.13455244139523304, 0.021979231727299986, 0.020559694604114664, 0.01790678372430765, 0.021071064003025608, 0.018963451940949838, 0.01607606344962864]","{""1024"": 0.059538282454013824, ""4096"": 0.04693116247653961}",0.6061198711395264,0.012927974660700815,0.619140625,220.55047990001913,75.68004989999463,144.14524270000402,220679110656,290987180032,1370532741120,2592832,1024,,,,,
MB,base,21307,A0B1C0,0.009095955885642937,198.1889916318653,138.44102750112825,12.770515066439657,0.476318359375,"[0.231201171875, 0.034423828125, 0.021240234375, 0.0322265625, 0.0244140625, 0.11181640625, 0.27880859375, 0.121826171875, 0.0029296875, 0.0166015625, 0.004150390625, 0.01123046875, 0.109130859375]","[0.265625, 0.009765625, 0.0234375, 0.00390625, 0.01171875, 0.109375, 0.205078125, 0.16015625, 0.0, 0.005859375, 0.001953125, 0.0078125, 0.1953125]",0.0,"[0.0, 0.0, 0.0, 0.0, 0.0, 0.0, 0.0, 0.0]","[0.1787271315194423, 0.0916655003186988, 0.045493074101036424, 0.019421587147826713, 0.009739653944207838, 0.017098515010634863, 0.012149727304672453, 0.012792684934467502]","{""1024"": 0.058149997144937515, ""4096"": 0.03961700573563576}",0.5268822908401489,0.013419893301191732,0.703125,220.8762115000427,76.0309850990161,144.1330725000007,220679110656,290987180032,1370532741120,2592832,1024,,,,,
MB,base,21307,A0B0C1,0.012077849190000212,274.062642923981,207.47903234864975,14.957095872531681,0.5224609375,"[0.17041015625, 0.197998046875, 0.062744140625, 0.10888671875, 0.093505859375, 0.033447265625, 0.05810546875, 0.111572265625, 0.000732421875, 0.067138671875, 0.03515625, 0.004638671875, 0.0556640625]","[0.11328125, 0.220703125, 0.11328125, 0.162109375, 0.080078125, 0.005859375, 0.05859375, 0.10546875, 0.0, 0.044921875, 0.01953125, 0.0, 0.076171875]",0.0,"[0.0, 0.0, 0.0, 0.0, 0.0, 0.0, 0.0, 0.0]","[0.2712637104436326, 0.13396877461232393, 0.05479977237501377, 0.017549619570329522, 0.015625585680917098, 0.01285805890264502, 0.012776615384819667, 0.016436462491218773]","{""1024"": 0.0615784116089344, ""4096"": 0.0368141271173954}",0.5422208309173584,0.008533992734031447,0.67578125,219.44900359999156,75.27451759997348,143.45279219999793,220679110656,290987180032,1370532741120,2592832,1024,,,,,
MB,base,21308,A0B0C0,0.002578744942505651,233.6493924660067,188.42580426167478,10.769136156065542,0.48486328125,"[0.209228515625, 0.192138671875, 0.11083984375, 0.00439453125, 0.02099609375, 0.05322265625, 0.12744140625, 0.1337890625, 0.020263671875, 0.0009765625, 0.010009765625, 0.01123046875, 0.10546875]","[0.1875, 0.216796875, 0.087890625, 0.0, 0.013671875, 0.03125, 0.11328125, 0.185546875, 0.009765625, 0.0, 0.00390625, 0.0, 0.150390625]",0.0,"[0.0, 0.0, 0.0, 0.0, 0.0, 0.0, 0.0, 0.0]","[0.24861527528835303, 0.11940387366023053, 0.04054592540670354, 0.01031114800303179, 0.00863495008908588, 0.007801828157949053, 0.01138415674168547, 0.009649312313130043]","{""1024"": 0.058560822159051895, ""4096"": 0.032259609550237656}",0.5197978615760803,0.005483917332288283,0.73828125,220.90303939997102,75.1335467005556,145.0492338999611,220679110656,290987180032,1370532741120,2592832,1024,,,,,
MB,base,21308,A1B0C0,0.006120000009377957,231.1084054799221,164.2912142654659,16.397866607049764,0.5595703125,"[0.342529296875, 0.08056640625, 0.164306640625, 0.017578125, 0.1103515625, 0.007568359375, 0.021484375, 0.0283203125, 0.01171875, 0.016357421875, 0.00732421875, 0.016845703125, 0.175048828125]","[0.232421875, 0.095703125, 0.193359375, 0.005859375, 0.087890625, 0.00390625, 0.09765625, 0.001953125, 0.013671875, 0.005859375, 0.0, 0.001953125, 0.259765625]",0.0,"[0.0, 0.0, 0.0, 0.0, 0.0, 0.0, 0.0, 0.0]","[0.1300288260458946, 0.19085245181634347, 0.03142201625562846, 0.017692439436121088, 0.026189805464493787, 0.02317098221759739, 0.019100996546166815, 0.012926086670727255]","{""1024"": 0.080245740711689, ""4096"": 0.04369880631566048}",0.6659648418426514,0.013337836663183293,0.6875,221.71650509997562,76.02603709942196,144.97210549996817,220679110656,290987180032,1370532741120,2592832,1024,,,,,
MB,base,21308,A0B1C0,0.0071477156963242194,188.2091672292188,124.691424843508,10.929072257331882,0.482177734375,"[0.1728515625, 0.0615234375, 0.036376953125, 0.0244140625, 0.011962890625, 0.132568359375, 0.34423828125, 0.07861328125, 0.01318359375, 0.00830078125, 0.0078125, 0.008056640625, 0.10009765625]","[0.1875, 0.025390625, 0.009765625, 0.0390625, 0.001953125, 0.111328125, 0.29296875, 0.162109375, 0.013671875, 0.0, 0.013671875, 0.005859375, 0.13671875]",0.0,"[0.0, 0.0, 0.0, 0.0, 0.0, 0.0, 0.0, 0.0]","[0.15542617084575383, 0.08811176830172274, 0.052191445483334764, 0.023969849821773526, 0.015393698932029132, 0.011157252107352633, 0.01082828573989536, 0.010517558512705971]","{""1024"": 0.059634730219841, ""4096"": 0.033079490065574646}",0.5399364829063416,0.0191493312037385,0.71875,221.15521260000241,75.77710050083988,144.65183380000235,220679110656,290987180032,1370532741120,2592832,1024,,,,,
MB,base,21308,A0B0C1,0.010600482282212553,287.06629629461963,217.1167546670224,17.8297255710404,0.52392578125,"[0.080078125, 0.22607421875, 0.107177734375, 0.12451171875, 0.08984375, 0.0439453125, 0.060791015625, 0.135498046875, 0.004150390625, 0.06884765625, 0.02392578125, 0.00439453125, 0.03076171875]","[0.130859375, 0.1875, 0.0625, 0.1328125, 0.046875, 0.0546875, 0.087890625, 0.166015625, 0.0, 0.0546875, 0.0078125, 0.0, 0.068359375]",0.0,"[0.0, 0.0, 0.0, 0.0, 0.0, 0.0, 0.0, 0.0]","[0.2819051816161413, 0.14215097984288683, 0.043278153818096854, 0.017615337877671777, 0.01817676116762934, 0.022726262872064584, 0.015723129498947053, 0.019100553256991226]","{""1024"": 0.04982388764619827, ""4096"": 0.032128188759088516}",0.5347122550010681,0.019220491064515354,0.7265625,220.7677088000346,75.37287309953535,144.66690650003147,220679110656,290987180032,1370532741120,2592832,1024,,,,,
MB,base,21309,A0B0C0,0.006962171808913009,248.3856925268601,193.42195496881982,12.802595318660678,0.481201171875,"[0.189697265625, 0.197021484375, 0.16845703125, 0.0224609375, 0.024169921875, 0.0400390625, 0.04931640625, 0.136962890625, 0.02099609375, 0.012939453125, 0.01416015625, 0.00390625, 0.119873046875]","[0.177734375, 0.248046875, 0.08203125, 0.009765625, 0.052734375, 0.0, 0.0703125, 0.1796875, 0.0, 0.009765625, 0.0, 0.0, 0.169921875]",0.0,"[0.0, 0.0, 0.0, 0.0, 0.0, 0.0, 0.0, 0.0]","[0.24909989338049598, 0.12867736241798022, 0.04468076730405102, 0.011620965903445413, 0.011462682942637858, 0.014581564786154022, 0.012659370228757627, 0.01234569875300151]","{""1024"": 0.05500028282403946, ""4096"": 0.028035204857587814}",0.49872246384620667,0.021176947499114918,0.67578125,222.41220200005046,76.07594069985498,145.6148137000273,220679110656,290987180032,1370532741120,2592832,1024,,,,,
MB,base,21309,A1B0C0,0.008376794880849747,211.6489700695106,154.3743656400477,19.18181638916235,0.58251953125,"[0.237060546875, 0.087158203125, 0.08642578125, 0.059326171875, 0.08349609375, 0.060546875, 0.138671875, 0.030517578125, 0.01025390625, 0.038818359375, 0.00732421875, 0.006591796875, 0.15380859375]","[0.33984375, 0.095703125, 0.08984375, 0.01953125, 0.033203125, 0.0546875, 0.083984375, 0.0234375, 0.001953125, 0.00390625, 0.0, 0.0, 0.25390625]",0.0,"[0.0, 0.0, 0.0, 0.0, 0.0, 0.0, 0.0, 0.0]","[0.1926148358005486, 0.10889759709016955, 0.02942362940337251, 0.017315103476915006, 0.014182492432777583, 0.01347875132814691, 0.02029573994579481, 0.017168745189287904]","{""1024"": 0.06569170206785202, ""4096"": 0.04186786711215973}",0.5793001651763916,0.021582283904354772,0.66015625,220.06982940000307,75.24752329997136,144.09706439997535,220679110656,290987180032,1370532741120,2592832,1024,,,,,
MB,base,21309,A0B1C0,0.007893296104261704,273.0191712929129,220.722239786586,11.118653791796987,0.46142578125,"[0.16845703125, 0.046142578125, 0.051025390625, 0.0439453125, 0.044189453125, 0.1123046875, 0.193359375, 0.158203125, 0.007080078125, 0.013427734375, 0.009765625, 0.0185546875, 0.133544921875]","[0.251953125, 0.029296875, 0.00390625, 0.017578125, 0.0, 0.087890625, 0.244140625, 0.16796875, 0.0078125, 0.0, 0.009765625, 0.0, 0.1796875]",0.0,"[0.0, 0.0, 0.0, 0.0, 0.0, 0.0, 0.0, 0.0]","[0.2536631022160809, 0.17743502236709485, 0.046656706237096834, 0.011282141936415968, 0.01244977659228308, 0.010037698895395408, 0.01031900237339256, 0.01139711831371093]","{""1024"": 0.04800352826714516, ""4096"": 0.028064042329788208}",0.4423934817314148,0.01850498979071949,0.72265625,222.8945583000168,76.04409839997243,146.13224539997464,220679110656,290987180032,1370532741120,2592832,1024,,,,,
MB,base,21309,A0B0C1,0.014135946717344527,362.52095962869566,263.3686367087955,21.533771524823578,0.5029296875,"[0.155517578125, 0.15771484375, 0.14208984375, 0.19189453125, 0.05029296875, 0.044189453125, 0.04736328125, 0.118408203125, 0.005126953125, 0.002197265625, 0.018798828125, 0.00732421875, 0.05908203125]","[0.15234375, 0.24609375, 0.056640625, 0.220703125, 0.044921875, 0.02734375, 0.005859375, 0.103515625, 0.0, 0.0, 0.009765625, 0.0, 0.1328125]",0.0,"[0.0, 0.0, 0.0, 0.0, 0.0, 0.0, 0.0, 0.0]","[0.3085877063745417, 0.20580416219732456, 0.08532018660020402, 0.02721748001842572, 0.01702505496650808, 0.022036011608371098, 0.021310366208150633, 0.020747781301270418]","{""1024"": 0.06268350780010223, ""4096"": 0.04046475887298584}",0.6233148574829102,0.010923995062994792,0.712890625,223.38306020003802,75.92409000000043,146.74698299999,220679110656,290987180032,1370532741120,2592832,1024,,,,,
MB,base,21310,A0B0C0,0.00778097251982679,224.82037239802776,162.2222649979194,23.686190386147246,0.497314453125,"[0.14599609375, 0.22998046875, 0.061279296875, 0.0771484375, 0.03662109375, 0.07470703125, 0.119140625, 0.146484375, 0.00244140625, 0.000732421875, 0.011474609375, 0.029052734375, 0.06494140625]","[0.18359375, 0.255859375, 0.10546875, 0.033203125, 0.013671875, 0.041015625, 0.1484375, 0.15234375, 0.0, 0.0, 0.001953125, 0.0, 0.064453125]",0.0,"[0.0, 0.0, 0.0, 0.0, 0.0, 0.0, 0.0, 0.0]","[0.2685231779482482, 0.048317183375813144, 0.029473225759124144, 0.01211188072128655, 0.01947516632785895, 0.014939565109623132, 0.01941149121266772, 0.02685059938527612]","{""1024"": 0.05575272813439369, ""4096"": 0.0392875149846077}",0.6642506718635559,0.015617647353267951,0.638671875,220.78060050006025,75.83098009983951,144.23529280000366,220679110656,290987180032,1370532741120,2592832,1024,,,,,
MB,base,21310,A1B0C0,0.009046787753844043,217.71958329728204,143.2812705990309,22.326490471847592,0.56787109375,"[0.218505859375, 0.17138671875, 0.06396484375, 0.088134765625, 0.101806640625, 0.02490234375, 0.0283203125, 0.003662109375, 0.1005859375, 0.018798828125, 0.004150390625, 0.009765625, 0.166015625]","[0.154296875, 0.169921875, 0.11328125, 0.08984375, 0.060546875, 0.013671875, 0.02734375, 0.0, 0.091796875, 0.01171875, 0.005859375, 0.0, 0.26171875]",0.0,"[0.0, 0.0, 0.0, 0.0, 0.0, 0.0, 0.0, 0.0]","[0.16523138696656892, 0.11461484467216332, 0.0342680279040275, 0.027108173319514428, 0.02340635745422537, 0.016998344108177132, 0.022830798938240804, 0.020775627764586524]","{""1024"": 0.07211748510599136, ""4096"": 0.055159881711006165}",0.7402782440185547,0.008462348119069919,0.568359375,219.95278099999996,75.3824759995623,143.85914289999346,220679110656,290987180032,1370532741120,2592832,1024,,,,,
MB,base,21310,A0B1C0,0.008379080654666193,215.50453615488345,157.24639484737077,12.31736952781398,0.458251953125,"[0.280029296875, 0.125, 0.027587890625, 0.00830078125, 0.05712890625, 0.066650390625, 0.175537109375, 0.059814453125, 0.01025390625, 0.006591796875, 0.006591796875, 0.02587890625, 0.150634765625]","[0.22265625, 0.146484375, 0.005859375, 0.0, 0.009765625, 0.115234375, 0.205078125, 0.046875, 0.009765625, 0.0, 0.001953125, 0.0, 0.236328125]",0.0,"[0.0, 0.0, 0.0, 0.0, 0.0, 0.0, 0.0, 0.0]","[0.1761418953139242, 0.13097996962234681, 0.05600924555777853, 0.015794104334753367, 0.007137564968103138, 0.010787155021589001, 0.010758194190979786, 0.013299168168031894]","{""1024"": 0.05838271230459213, ""4096"": 0.031974054872989655}",0.4635370671749115,0.014893150089955651,0.669921875,220.96056070004124,75.85932680078258,144.38183029998618,220679110656,290987180032,1370532741120,2592832,1024,,,,,
MB,base,21310,A0B0C1,0.006990636849476317,238.9641942094122,179.0936769733346,11.970748670260718,0.538330078125,"[0.160888671875, 0.216064453125, 0.083740234375, 0.120361328125, 0.081787109375, 0.031982421875, 0.037109375, 0.12109375, 0.009521484375, 0.050048828125, 0.01513671875, 0.003662109375, 0.068603515625]","[0.203125, 0.173828125, 0.076171875, 0.138671875, 0.05078125, 0.0234375, 0.017578125, 0.15234375, 0.0, 0.056640625, 0.0, 0.0, 0.107421875]",0.0,"[0.0, 0.0, 0.0, 0.0, 0.0, 0.0, 0.0, 0.0]","[0.2442812722018517, 0.10551106563669244, 0.05724162110460318, 0.01240833014923215, 0.010414705885069875, 0.013489578341205899, 0.013624291664317223, 0.009756076832285743]","{""1024"": 0.04633200913667679, ""4096"": 0.03078366257250309}",0.5722330808639526,0.007040944068797525,0.736328125,219.79799989999447,75.67154429978109,143.40741910001088,220679110656,290987180032,1370532741120,2592832,1024,,,,,
MB,base,21311,A0B0C0,0.006826511062118179,284.04770947199154,215.697729933024,14.652129962294566,0.466552734375,"[0.193603515625, 0.176025390625, 0.165283203125, 0.047607421875, 0.024658203125, 0.026611328125, 0.0341796875, 0.161865234375, 0.009033203125, 0.00634765625, 0.001220703125, 0.014892578125, 0.138671875]","[0.220703125, 0.259765625, 0.083984375, 0.0234375, 0.03125, 0.0, 0.001953125, 0.15625, 0.0, 0.0, 0.0, 0.0, 0.22265625]",0.0,"[0.0, 0.0, 0.0, 0.0, 0.0, 0.0, 0.0, 0.0]","[0.25390708008155816, 0.16737754869387933, 0.06381550243166245, 0.015928830076062273, 0.013761202480300216, 0.011373077466414472, 0.01436593470041947, 0.014251506632187105]","{""1024"": 0.05936998501420021, ""4096"": 0.029254404827952385}",0.4823531210422516,0.0043671531650116314,0.662109375,223.5788646999863,75.95273470002576,146.91092629998457,220679110656,290987180032,1370532741120,2592832,1024,,,,,
MB,base,21311,A1B0C0,0.009574545131837642,200.28070946172033,134.7848349279907,18.927812498943467,0.595458984375,"[0.28857421875, 0.131103515625, 0.1162109375, 0.070556640625, 0.04541015625, 0.0576171875, 0.08447265625, 0.048583984375, 0.015380859375, 0.001220703125, 0.010986328125, 0.00146484375, 0.12841796875]","[0.212890625, 0.162109375, 0.11328125, 0.080078125, 0.0234375, 0.041015625, 0.064453125, 0.05078125, 0.001953125, 0.0, 0.0, 0.0, 0.25]",0.0,"[0.0, 0.0, 0.0, 0.0, 0.0, 0.0, 0.0, 0.0]","[0.14634386136641542, 0.11690776935231639, 0.026170719506226625, 0.014875683805761764, 0.02391549183659558, 0.02599135101310779, 0.020607473391898612, 0.016360910395100348]","{""1024"": 0.06071275472640991, ""4096"": 0.051498349756002426}",0.6413576006889343,0.019952134214932325,0.60546875,222.52132060001895,76.32969720051915,145.48138959998323,220679110656,290987180032,1370532741120,2592832,1024,,,,,
MB,base,21311,A0B1C0,0.007441297934167146,265.3855343648488,207.26909781443806,15.46591778767447,0.45166015625,"[0.1513671875, 0.083984375, 0.041259765625, 0.014892578125, 0.067138671875, 0.15283203125, 0.22802734375, 0.083251953125, 0.013916015625, 0.0048828125, 0.009033203125, 0.007568359375, 0.141845703125]","[0.21875, 0.123046875, 0.00390625, 0.005859375, 0.0078125, 0.115234375, 0.287109375, 0.056640625, 0.01171875, 0.0, 0.0, 0.0, 0.169921875]",0.0,"[0.0, 0.0, 0.0, 0.0, 0.0, 0.0, 0.0, 0.0]","[0.22456040244813247, 0.18026205422069186, 0.05211993180075192, 0.01011597519560059, 0.010826262403288656, 0.010239625058828139, 0.01305742408444166, 0.01714944659461004]","{""1024"": 0.06181644648313522, ""4096"": 0.033947184681892395}",0.48278161883354187,0.025914520495026,0.623046875,222.00956120000046,75.78897800012783,145.49697510001715,220679110656,290987180032,1370532741120,2592832,1024,,,,,
MB,base,21311,A0B0C1,0.013208442916477381,296.08128388669274,217.76839558761253,18.536347091481503,0.525390625,"[0.139892578125, 0.27001953125, 0.107177734375, 0.17822265625, 0.063720703125, 0.03466796875, 0.012451171875, 0.104736328125, 0.001708984375, 0.05615234375, 0.011962890625, 0.00732421875, 0.011962890625]","[0.162109375, 0.28125, 0.07421875, 0.17578125, 0.04296875, 0.005859375, 0.001953125, 0.134765625, 0.0, 0.078125, 0.0, 0.0, 0.04296875]",0.0,"[0.0, 0.0, 0.0, 0.0, 0.0, 0.0, 0.0, 0.0]","[0.2556102272734302, 0.16971867035862553, 0.05444911062072988, 0.02242658436829048, 0.020659019646867893, 0.01921634241020298, 0.020742429325349754, 0.015461373587700056]","{""1024"": 0.0651463195681572, ""4096"": 0.039878182113170624}",0.5487253069877625,0.019019807191694785,0.654296875,220.35981090000132,75.24490769958356,144.39197760001116,220679110656,290987180032,1370532741120,2592832,1024,,,,,
MB,base,21312,A0B0C0,0.004177164390083199,202.6764772885192,164.33700664361209,8.882989789062322,0.493896484375,"[0.25048828125, 0.2109375, 0.098388671875, 0.01123046875, 0.02490234375, 0.069580078125, 0.05517578125, 0.13720703125, 0.009033203125, 0.012939453125, 0.00439453125, 0.00390625, 0.11181640625]","[0.208984375, 0.32421875, 0.099609375, 0.001953125, 0.005859375, 0.04296875, 0.005859375, 0.154296875, 0.00390625, 0.001953125, 0.0, 0.0, 0.150390625]",0.0,"[0.0, 0.0, 0.0, 0.0, 0.0, 0.0, 0.0, 0.0]","[0.18775537884503013, 0.13321533725577472, 0.03035894477147938, 0.01022226606468779, 0.006328718465959504, 0.010622259869445205, 0.009301593217374116, 0.008047996214388231]","{""1024"": 0.05393935739994049, ""4096"": 0.03257865086197853}",0.5308542847633362,0.010121972959657482,0.6796875,228.31062400001974,79.58248330019705,147.95682439999655,220679110656,290987180032,1370532741120,2592832,1024,,,,,
MB,base,21312,A1B0C0,0.010073038899951037,227.4768644278272,158.78984026208786,21.445604382535066,0.569580078125,"[0.263671875, 0.10009765625, 0.068603515625, 0.082763671875, 0.081298828125, 0.03955078125, 0.13720703125, 0.0087890625, 0.04638671875, 0.020751953125, 0.012939453125, 0.005126953125, 0.1328125]","[0.216796875, 0.11328125, 0.095703125, 0.076171875, 0.080078125, 0.01953125, 0.158203125, 0.0, 0.0234375, 0.001953125, 0.0, 0.001953125, 0.212890625]",0.0,"[0.0, 0.0, 0.0, 0.0, 0.0, 0.0, 0.0, 0.0]","[0.18299862678749346, 0.1271377799743969, 0.03544099889305441, 0.021421742724622383, 0.020645632960285543, 0.014760023436108494, 0.019025782543644176, 0.022860163515994625]","{""1024"": 0.0647481381893158, ""4096"": 0.04231502488255501}",0.6282731294631958,0.014934184511362757,0.599609375,227.51443789998302,81.24402119961451,145.46732760001032,220679110656,290987180032,1370532741120,2592832,1024,,,,,
MB,base,21312,A0B1C0,0.00533757633340981,288.56199665646,211.4214574001537,12.344081420106704,0.454833984375,"[0.210693359375, 0.026611328125, 0.054931640625, 0.026123046875, 0.041259765625, 0.122314453125, 0.234619140625, 0.105712890625, 0.005615234375, 0.01611328125, 0.00634765625, 0.043701171875, 0.10595703125]","[0.15234375, 0.009765625, 0.0703125, 0.013671875, 0.01171875, 0.115234375, 0.29296875, 0.169921875, 0.0, 0.001953125, 0.0, 0.0, 0.162109375]",0.0,"[0.0, 0.0, 0.0, 0.0, 0.0, 0.0, 0.0, 0.0]","[0.22864274171635257, 0.18428979226832265, 0.06139215751522631, 0.024340242701292425, 0.022281832608988417, 0.018541348885820153, 0.011107337986975718, 0.013002196036670188]","{""1024"": 0.06978064775466919, ""4096"": 0.035224542021751404}",0.47481176257133484,0.006648693832041175,0.70703125,235.81001649999234,82.68669199958094,152.3147331000073,220679110656,290987180032,1370532741120,2592832,1024,,,,,
MB,base,21312,A0B0C1,0.011920593051892858,253.74058234986546,182.79511037340308,17.078912200251125,0.53857421875,"[0.12158203125, 0.200439453125, 0.085693359375, 0.141357421875, 0.0908203125, 0.033203125, 0.0419921875, 0.150146484375, 0.004150390625, 0.055908203125, 0.023193359375, 0.004150390625, 0.04736328125]","[0.138671875, 0.21484375, 0.103515625, 0.140625, 0.072265625, 0.0, 0.01953125, 0.12890625, 0.0, 0.07421875, 0.015625, 0.0, 0.091796875]",0.0,"[0.0, 0.0, 0.0, 0.0, 0.0, 0.0, 0.0, 0.0]","[0.2340379022418202, 0.12298379770623269, 0.047749417404689964, 0.02193579991757222, 0.019116543688161514, 0.016406363552488923, 0.01633557741825875, 0.017021672972856727]","{""1024"": 0.05746219679713249, ""4096"": 0.030595384538173676}",0.5667343735694885,0.009299770588483313,0.6953125,234.7151484999922,82.49125589997857,151.40433779999148,220679110656,290987180032,1370532741120,2592832,1024,,,,,
MB-prior,beta3,21301,A1B1C1,0.01540574681494089,432.4785939606554,321.6824804451055,30.441231764030363,0.701904296875,"[0.244384765625, 0.029541015625, 0.00732421875, 0.084716796875, 0.11376953125, 0.118896484375, 0.234619140625, 0.00390625, 0.011474609375, 0.095458984375, 0.027587890625, 0.00146484375, 0.02685546875]","[0.197265625, 0.037109375, 0.0, 0.111328125, 0.1640625, 0.0703125, 0.1953125, 0.0, 0.03125, 0.076171875, 0.0, 0.0, 0.1171875]",0.0,"[0.0, 0.0, 0.0, 0.0, 0.0, 0.0, 0.0, 0.0]","[0.3740724714089003, 0.2542136232104464, 0.05111997274208191, 0.034617096620495946, 0.03871890595369587, 0.03248715310466288, 0.031646416256218224, 0.027809114532903578]","{""1024"": 0.08674554526805878, ""4096"": 0.06850464642047882}",0.7136865258216858,0.02553773859830555,0.697265625,389.13218230004713,100.96138449932914,287.4718794999644,294163316736,581974360064,2741065482240,2592832,1024,"{""6"": 0.234619140625, ""9"": 0.095458984375, ""12"": 0.02685546875}","{""6"": 0.103515625, ""9"": 0.0380859375, ""12"": 0.05078125}",False,True,False
MB-prior,beta3,21302,A1B1C1,0.033035648459746714,422.5951978954781,287.4187698241419,42.683762670378655,0.697509765625,"[0.160400390625, 0.033935546875, 0.0048828125, 0.183837890625, 0.14208984375, 0.09619140625, 0.18896484375, 0.0107421875, 0.00634765625, 0.008056640625, 0.005859375, 0.01611328125, 0.142578125]","[0.16796875, 0.013671875, 0.001953125, 0.2265625, 0.091796875, 0.119140625, 0.16015625, 0.02734375, 0.01171875, 0.0, 0.0, 0.0, 0.1796875]",0.0,"[0.0, 0.0, 0.0, 0.0, 0.0, 0.0, 0.0, 0.0]","[0.38369855768760575, 0.17766622712517144, 0.06906821118899131, 0.04165576690489026, 0.030756148926811555, 0.03916961009055209, 0.04439060027231667, 0.03897612369326664]","{""1024"": 0.08468690514564514, ""4096"": 0.06150900572538376}",0.6472984552383423,0.029496561328655524,0.666015625,389.6953378000326,101.71569129945419,287.29565389998606,294163316736,581974360064,2741065482240,2592832,1024,"{""6"": 0.18896484375, ""9"": 0.008056640625, ""12"": 0.142578125}","{""6"": 0.103515625, ""9"": 0.0380859375, ""12"": 0.05078125}",False,False,False
MB-prior,beta3,21303,A1B1C1,0.008637768070236529,318.21841022785065,243.47920192099446,19.48506626891549,0.73095703125,"[0.181396484375, 0.05859375, 0.0341796875, 0.10498046875, 0.09033203125, 0.092041015625, 0.188720703125, 0.0244140625, 0.002197265625, 0.093505859375, 0.000732421875, 0.00537109375, 0.12353515625]","[0.23046875, 0.087890625, 0.0, 0.09375, 0.0859375, 0.091796875, 0.189453125, 0.01171875, 0.0, 0.09375, 0.0, 0.0, 0.115234375]",0.0,"[0.0, 0.0, 0.0, 0.0, 0.0, 0.0, 0.0, 0.0]","[0.3698969325735013, 0.10564838367844098, 0.04145913109529209, 0.02009672847979571, 0.026168367291784733, 0.020194019300980415, 0.01986900899473465, 0.018187761061740915]","{""1024"": 0.06982617825269699, ""4096"": 0.075279600918293}",0.7035208344459534,0.0339703032256331,0.72265625,390.3705334000115,102.1224194997485,287.56737850002537,294163316736,581974360064,2741065482240,2592832,1024,"{""6"": 0.188720703125, ""9"": 0.093505859375, ""12"": 0.12353515625}","{""6"": 0.103515625, ""9"": 0.0380859375, ""12"": 0.05078125}",True,True,True
MB-prior,beta3,21304,A1B1C1,0.010105751473247881,324.50000810909523,231.29127898063075,24.493862198334227,0.728759765625,"[0.172119140625, 0.031494140625, 0.029296875, 0.08642578125, 0.071044921875, 0.131591796875, 0.211181640625, 0.034423828125, 0.023681640625, 0.0634765625, 0.01318359375, 0.005859375, 0.126220703125]","[0.203125, 0.01171875, 0.013671875, 0.09765625, 0.064453125, 0.126953125, 0.169921875, 0.033203125, 0.021484375, 0.12890625, 0.001953125, 0.0, 0.126953125]",0.0,"[0.0, 0.0, 0.0, 0.0, 0.0, 0.0, 0.0, 0.0]","[0.315970473058512, 0.13577030620053243, 0.04137059946432187, 0.038110600973956466, 0.0254338503367868, 0.029293673697845524, 0.02114649423563497, 0.026693080370486566]","{""1024"": 0.057668522000312805, ""4096"": 0.06421247869729996}",0.6924328207969666,0.0389325770748572,0.724609375,390.4914662999945,102.62415850016987,287.1936222999939,294163316736,581974360064,2741065482240,2592832,1024,"{""6"": 0.211181640625, ""9"": 0.0634765625, ""12"": 0.126220703125}","{""6"": 0.103515625, ""9"": 0.0380859375, ""12"": 0.05078125}",True,True,True
MB-prior,beta3,21305,A1B1C1,0.0074269448679920025,298.1568039218514,218.44592367137125,22.876323722989127,0.738525390625,"[0.1328125, 0.089111328125, 0.031982421875, 0.0673828125, 0.085205078125, 0.07177734375, 0.26416015625, 0.03076171875, 0.003662109375, 0.0859375, 0.00537109375, 0.001220703125, 0.130615234375]","[0.1015625, 0.02734375, 0.046875, 0.1015625, 0.0859375, 0.103515625, 0.26171875, 0.03125, 0.0, 0.09375, 0.0, 0.0, 0.146484375]",0.0,"[0.0, 0.0, 0.0, 0.0, 0.0, 0.0, 0.0, 0.0]","[0.30714113347524075, 0.11951106119540622, 0.042539018934518946, 0.02754052285683839, 0.01612213969105314, 0.024803311735345446, 0.020843059869383396, 0.023837259902079744]","{""1024"": 0.0874277651309967, ""4096"": 0.062211550772190094}",0.8257455229759216,0.0415639168887072,0.693359375,389.5429634999891,101.7527272003208,287.10125559997687,294163316736,581974360064,2741065482240,2592832,1024,"{""6"": 0.26416015625, ""9"": 0.0859375, ""12"": 0.130615234375}","{""6"": 0.103515625, ""9"": 0.0380859375, ""12"": 0.05078125}",True,True,True
MB-prior,beta3,21306,A1B1C1,0.008500985538614003,388.2368831068784,288.08174067020445,20.540553433586638,0.703369140625,"[0.182861328125, 0.013427734375, 0.078857421875, 0.048583984375, 0.18359375, 0.06396484375, 0.216796875, 0.009521484375, 0.02734375, 0.10595703125, 0.003662109375, 0.002197265625, 0.063232421875]","[0.166015625, 0.00390625, 0.0546875, 0.078125, 0.138671875, 0.09375, 0.220703125, 0.0390625, 0.009765625, 0.09765625, 0.0, 0.0, 0.09765625]",0.0,"[0.0, 0.0, 0.0, 0.0, 0.0, 0.0, 0.0, 0.0]","[0.3583479973174306, 0.20431165242906246, 0.06601248954043237, 0.033955012134164075, 0.03532779680941056, 0.02020194566264788, 0.018634034241775677, 0.021484234183198225]","{""1024"": 0.08685517311096191, ""4096"": 0.05774693191051483}",0.6788908839225769,0.03661580104834927,0.736328125,388.42705150000984,101.76670919971366,285.9623639000347,294163316736,581974360064,2741065482240,2592832,1024,"{""6"": 0.216796875, ""9"": 0.10595703125, ""12"": 0.063232421875}","{""6"": 0.103515625, ""9"": 0.0380859375, ""12"": 0.05078125}",True,True,True
MB-prior,beta3,21307,A1B1C1,0.009499277861380495,320.90518975715236,256.40266790256396,18.150896080356915,0.732421875,"[0.171875, 0.02783203125, 0.024658203125, 0.06787109375, 0.134765625, 0.119384765625, 0.199462890625, 0.010009765625, 0.008544921875, 0.089111328125, 0.003173828125, 0.00537109375, 0.137939453125]","[0.197265625, 0.02734375, 0.00390625, 0.10546875, 0.083984375, 0.109375, 0.216796875, 0.00390625, 0.0, 0.140625, 0.0, 0.0, 0.111328125]",0.0,"[0.0, 0.0, 0.0, 0.0, 0.0, 0.0, 0.0, 0.0]","[0.34820963351722245, 0.1525768272299728, 0.040588539506596355, 0.016076903392745923, 0.018267151898934575, 0.015597924292019005, 0.014291381332030895, 0.021159587574916205]","{""1024"": 0.07326449453830719, ""4096"": 0.05671503767371178}",0.6393763422966003,0.04170793774829651,0.70703125,392.58172119999654,102.50032769959944,289.35896949999733,294163316736,581974360064,2741065482240,2592832,1024,"{""6"": 0.199462890625, ""9"": 0.089111328125, ""12"": 0.137939453125}","{""6"": 0.103515625, ""9"": 0.0380859375, ""12"": 0.05078125}",True,True,True
MB-prior,beta3,21308,A1B1C1,0.0059773609664439675,305.62976943519607,231.46010425865734,26.713242076361894,0.73046875,"[0.17041015625, 0.099609375, 0.01611328125, 0.111572265625, 0.071533203125, 0.110595703125, 0.18310546875, 0.00341796875, 0.010009765625, 0.101318359375, 0.0029296875, 0.006591796875, 0.11279296875]","[0.236328125, 0.037109375, 0.0, 0.1328125, 0.076171875, 0.107421875, 0.185546875, 0.0, 0.0078125, 0.091796875, 0.0, 0.0, 0.125]",0.0,"[0.0, 0.0, 0.0, 0.0, 0.0, 0.0, 0.0, 0.0]","[0.3169469991216789, 0.13512351700851122, 0.029973728791072407, 0.018335398495610278, 0.02092174479936837, 0.023457454281481827, 0.026486360573056533, 0.02568794035733779]","{""1024"": 0.0809272900223732, ""4096"": 0.07879592478275299}",0.7474587559700012,0.04219865255105093,0.78125,393.7070196999557,103.02414320030948,289.98264950000157,294163316736,581974360064,2741065482240,2592832,1024,"{""6"": 0.18310546875, ""9"": 0.101318359375, ""12"": 0.11279296875}","{""6"": 0.103515625, ""9"": 0.0380859375, ""12"": 0.05078125}",True,True,True
MB-prior,beta3,21309,A1B1C1,0.03378874963750356,372.3079615980146,227.92339571266461,44.90226986284324,0.7138671875,"[0.156494140625, 0.048583984375, 0.05908203125, 0.10693359375, 0.080078125, 0.113525390625, 0.218505859375, 0.008056640625, 0.023193359375, 0.002685546875, 0.001708984375, 0.0146484375, 0.16650390625]","[0.23046875, 0.025390625, 0.00390625, 0.119140625, 0.06640625, 0.123046875, 0.23046875, 0.01171875, 0.052734375, 0.0, 0.0, 0.0, 0.13671875]",0.0,"[0.0, 0.0, 0.0, 0.0, 0.0, 0.0, 0.0, 0.0]","[0.33847481720046835, 0.10668806505082973, 0.05845548486304075, 0.04543922499288966, 0.04059039102067841, 0.04981625854234961, 0.05388895309881603, 0.03381079272704968]","{""1024"": 0.08610428124666214, ""4096"": 0.061509259045124054}",0.7478192448616028,0.04671887655550799,0.66015625,393.0056986999989,101.99444129996118,290.3186508000217,294163316736,581974360064,2741065482240,2592832,1024,"{""6"": 0.218505859375, ""9"": 0.002685546875, ""12"": 0.16650390625}","{""6"": 0.103515625, ""9"": 0.0380859375, ""12"": 0.05078125}",False,False,False
MB-prior,beta3,21310,A1B1C1,0.008972131740984768,369.1799199773377,263.4114167401747,25.905158345870632,0.71875,"[0.20068359375, 0.035400390625, 0.064208984375, 0.019287109375, 0.143310546875, 0.0244140625, 0.24365234375, 0.03564453125, 0.025390625, 0.077880859375, 0.005615234375, 0.01171875, 0.11279296875]","[0.232421875, 0.013671875, 0.0546875, 0.033203125, 0.08203125, 0.09765625, 0.2265625, 0.015625, 0.009765625, 0.123046875, 0.0, 0.0, 0.111328125]",0.0,"[0.0, 0.0, 0.0, 0.0, 0.0, 0.0, 0.0, 0.0]","[0.30232327288862626, 0.2121521504320274, 0.04758396905568896, 0.034352302221949405, 0.0381918516069768, 0.035854972606190305, 0.025220596931184502, 0.025375415463094075]","{""1024"": 0.05932815372943878, ""4096"": 0.06154027208685875}",0.671329915523529,0.03743340017262309,0.72265625,394.4812619000004,102.70833749993471,291.0829880999954,294163316736,581974360064,2741065482240,2592832,1024,"{""6"": 0.24365234375, ""9"": 0.077880859375, ""12"": 0.11279296875}","{""6"": 0.103515625, ""9"": 0.0380859375, ""12"": 0.05078125}",True,True,True
MB-prior,beta3,21311,A1B1C1,0.035712159247380804,382.28236453585396,240.3987722784825,48.04005473095208,0.707275390625,"[0.218505859375, 0.02685546875, 0.038330078125, 0.091552734375, 0.08984375, 0.067138671875, 0.2705078125, 0.020263671875, 0.005859375, 0.020263671875, 0.0068359375, 0.0068359375, 0.13720703125]","[0.21875, 0.0, 0.02734375, 0.15234375, 0.078125, 0.080078125, 0.296875, 0.0, 0.005859375, 0.001953125, 0.0078125, 0.0, 0.130859375]",0.0,"[0.0, 0.0, 0.0, 0.0, 0.0, 0.0, 0.0, 0.0]","[0.2720060780141931, 0.19752277409221808, 0.0649032190450578, 0.03845298504339878, 0.037835122231728135, 0.04209683291110311, 0.0480238497286698, 0.04580438216772098]","{""1024"": 0.07123813033103943, ""4096"": 0.07326202094554901}",0.7391670942306519,0.04711712889705266,0.6640625,394.58865430005244,103.33023790018342,290.5600443000003,294163316736,581974360064,2741065482240,2592832,1024,"{""6"": 0.2705078125, ""9"": 0.020263671875, ""12"": 0.13720703125}","{""6"": 0.103515625, ""9"": 0.0380859375, ""12"": 0.05078125}",False,False,False
MB-prior,beta3,21312,A1B1C1,0.01564987987721489,493.2983634817922,351.421210283336,36.30905920160558,0.692138671875,"[0.1689453125, 0.07080078125, 0.054931640625, 0.04736328125, 0.099853515625, 0.068359375, 0.2802734375, 0.02392578125, 0.00732421875, 0.10986328125, 0.01611328125, 0.032470703125, 0.019775390625]","[0.18359375, 0.0234375, 0.044921875, 0.025390625, 0.09765625, 0.068359375, 0.306640625, 0.021484375, 0.01953125, 0.150390625, 0.0, 0.0, 0.05859375]",0.0,"[0.0, 0.0, 0.0, 0.0, 0.0, 0.0, 0.0, 0.0]","[0.4558040289414782, 0.23056552239316241, 0.0829826993042424, 0.04320287010259127, 0.040206316617562354, 0.03979579756320284, 0.03943227457031906, 0.031483856682816835]","{""1024"": 0.0855744257569313, ""4096"": 0.058107759803533554}",0.7160652279853821,0.036757802866200784,0.681640625,392.7347880000307,101.85904960001062,290.1855722999899,294163316736,581974360064,2741065482240,2592832,1024,"{""6"": 0.2802734375, ""9"": 0.10986328125, ""12"": 0.019775390625}","{""6"": 0.103515625, ""9"": 0.0380859375, ""12"": 0.05078125}",False,True,False
MB-prior,beta3,21313,A1B1C1,0.014570001394238918,325.4920951015872,231.2514031689784,29.05217806483165,0.729736328125,"[0.259521484375, 0.035888671875, 0.04443359375, 0.096923828125, 0.108154296875, 0.06982421875, 0.14990234375, 0.017822265625, 0.02783203125, 0.0673828125, 0.000732421875, 0.004150390625, 0.117431640625]","[0.26171875, 0.05859375, 0.017578125, 0.0625, 0.099609375, 0.083984375, 0.1875, 0.0, 0.025390625, 0.07421875, 0.0, 0.0, 0.12890625]",0.0,"[0.0, 0.0, 0.0, 0.0, 0.0, 0.0, 0.0, 0.0]","[0.31042280966715774, 0.14124008714725322, 0.05237097146057934, 0.03373829464254596, 0.02513482666375788, 0.016077223381119055, 0.027399298689879004, 0.029343236592995314]","{""1024"": 0.0834638923406601, ""4096"": 0.07382150739431381}",0.7395208477973938,0.05271802917415069,0.703125,390.0140657000302,102.19899949934916,287.10021040002175,294163316736,581974360064,2741065482240,2592832,1024,"{""6"": 0.14990234375, ""9"": 0.0673828125, ""12"": 0.117431640625}","{""6"": 0.103515625, ""9"": 0.0380859375, ""12"": 0.05078125}",True,True,True
MB-prior,beta3,21314,A1B1C1,0.010064594071508282,370.41999349615185,281.0180746143144,17.10914618862148,0.714111328125,"[0.23681640625, 0.0087890625, 0.032958984375, 0.0751953125, 0.114501953125, 0.04931640625, 0.196044921875, 0.025146484375, 0.0283203125, 0.061279296875, 0.00830078125, 0.021484375, 0.141845703125]","[0.232421875, 0.00390625, 0.013671875, 0.107421875, 0.12109375, 0.078125, 0.2265625, 0.01953125, 0.0, 0.095703125, 0.0, 0.0, 0.1015625]",0.0,"[0.0, 0.0, 0.0, 0.0, 0.0, 0.0, 0.0, 0.0]","[0.32330517501175393, 0.22555825196932888, 0.05715757540261768, 0.03583864845585483, 0.027000210439927397, 0.021200387368037532, 0.0188256382433738, 0.01459066290627753]","{""1024"": 0.07781840860843658, ""4096"": 0.05068683251738548}",0.7550891637802124,0.03529962576004353,0.744140625,393.079247200003,103.43552090073354,288.9396055999823,294163316736,581974360064,2741065482240,2592832,1024,"{""6"": 0.196044921875, ""9"": 0.061279296875, ""12"": 0.141845703125}","{""6"": 0.103515625, ""9"": 0.0380859375, ""12"": 0.05078125}",True,True,True
MB-prior,beta3,21315,A1B1C1,0.02848153605333481,476.4525298745489,309.8654163382721,42.92823457867644,0.679931640625,"[0.260498046875, 0.023681640625, 0.03173828125, 0.067138671875, 0.090087890625, 0.10302734375, 0.281005859375, 0.016357421875, 0.01123046875, 0.070556640625, 0.0048828125, 0.020263671875, 0.01953125]","[0.248046875, 0.03515625, 0.0, 0.09765625, 0.080078125, 0.103515625, 0.31640625, 0.009765625, 0.005859375, 0.1015625, 0.0, 0.0, 0.001953125]",0.0,"[0.0, 0.0, 0.0, 0.0, 0.0, 0.0, 0.0, 0.0]","[0.3570733318316086, 0.24813255945407908, 0.08585863849857711, 0.053720166690977234, 0.04809068998600763, 0.053851752788501184, 0.040884598937401595, 0.04295960922407582]","{""1024"": 0.10754211246967316, ""4096"": 0.057815857231616974}",0.6965110898017883,0.038762872719272146,0.6796875,393.5109136000392,103.55696579994401,289.26561079999374,294163316736,581974360064,2741065482240,2592832,1024,"{""6"": 0.281005859375, ""9"": 0.070556640625, ""12"": 0.01953125}","{""6"": 0.103515625, ""9"": 0.0380859375, ""12"": 0.05078125}",False,False,False
MB-prior,beta3,21316,A1B1C1,0.021239905817630245,314.5516554718979,207.95489114626002,31.642318424990663,0.72705078125,"[0.166015625, 0.015625, 0.06103515625, 0.01220703125, 0.145263671875, 0.05859375, 0.252685546875, 0.032958984375, 0.024169921875, 0.117431640625, 0.008056640625, 0.001220703125, 0.104736328125]","[0.1328125, 0.001953125, 0.091796875, 0.01171875, 0.111328125, 0.0546875, 0.240234375, 0.03515625, 0.03515625, 0.12890625, 0.0, 0.0, 0.15625]",0.0,"[0.0, 0.0, 0.0, 0.0, 0.0, 0.0, 0.0, 0.0]","[0.27516098802761313, 0.13100090874242598, 0.046577855112326816, 0.03078079437549741, 0.03156261165888985, 0.037474141002987515, 0.03338510119838789, 0.028416301975421998]","{""1024"": 0.07500127702951431, ""4096"": 0.06633435189723969}",0.8558006286621094,0.05215632018794247,0.64453125,392.3165324999718,102.2281211000809,289.3917808999977,294163316736,581974360064,2741065482240,2592832,1024,"{""6"": 0.252685546875, ""9"": 0.117431640625, ""12"": 0.104736328125}","{""6"": 0.103515625, ""9"": 0.0380859375, ""12"": 0.05078125}",True,True,True
MB-prior,beta3,21317,A1B1C1,0.008065272070394425,322.5894460023835,256.828391086686,17.65293516830866,0.726318359375,"[0.14208984375, 0.09033203125, 0.058349609375, 0.078125, 0.07275390625, 0.147216796875, 0.19140625, 0.00634765625, 0.01318359375, 0.0693359375, 0.001953125, 0.007080078125, 0.121826171875]","[0.10546875, 0.103515625, 0.095703125, 0.052734375, 0.0703125, 0.103515625, 0.2265625, 0.0, 0.001953125, 0.11328125, 0.0, 0.0, 0.126953125]",0.0,"[0.0, 0.0, 0.0, 0.0, 0.0, 0.0, 0.0, 0.0]","[0.3423941644624886, 0.15922378687869498, 0.04268568158519104, 0.016335652073094398, 0.018689880216278265, 0.016249957507055157, 0.017780357931551194, 0.016698031069051655]","{""1024"": 0.07991314679384232, ""4096"": 0.06107228994369507}",0.6739293336868286,0.03670268980251912,0.681640625,392.4051334999531,102.19668640024611,289.51370779999706,294163316736,581974360064,2741065482240,2592832,1024,"{""6"": 0.19140625, ""9"": 0.0693359375, ""12"": 0.121826171875}","{""6"": 0.103515625, ""9"": 0.0380859375, ""12"": 0.05078125}",True,True,True
MB-prior,beta3,21318,A1B1C1,0.05892613021518134,552.4381075199658,337.81184247784927,64.86665878837857,0.668701171875,"[0.166259765625, 0.058349609375, 0.037353515625, 0.085693359375, 0.118408203125, 0.152587890625, 0.32421875, 0.00244140625, 0.0166015625, 0.0126953125, 0.008056640625, 0.013427734375, 0.00390625]","[0.140625, 0.109375, 0.005859375, 0.158203125, 0.072265625, 0.115234375, 0.373046875, 0.0, 0.013671875, 0.0078125, 0.00390625, 0.0, 0.0]",0.0,"[0.0, 0.0, 0.0, 0.0, 0.0, 0.0, 0.0, 0.0]","[0.43774371048850824, 0.2220450443510411, 0.08359647583350904, 0.07422361495256613, 0.06783434803538979, 0.06684479214286698, 0.06814229075529621, 0.05855040219075569]","{""1024"": 0.08287422358989716, ""4096"": 0.057330671697854996}",0.7823671102523804,0.02911862041562463,0.56640625,392.63501809998706,103.85435770006734,288.08495499999844,294163316736,581974360064,2741065482240,2592832,1024,"{""6"": 0.32421875, ""9"": 0.0126953125, ""12"": 0.00390625}","{""6"": 0.103515625, ""9"": 0.0380859375, ""12"": 0.05078125}",False,False,False
MB-prior,beta3,21319,A1B1C1,0.028092795976782714,453.84439210651203,305.1438110395088,43.076402840292985,0.69921875,"[0.244873046875, 0.031982421875, 0.062255859375, 0.1103515625, 0.072265625, 0.081787109375, 0.241943359375, 0.00439453125, 0.015869140625, 0.0869140625, 0.004638671875, 0.030517578125, 0.01220703125]","[0.19921875, 0.06640625, 0.04296875, 0.1015625, 0.1015625, 0.0859375, 0.287109375, 0.0, 0.00390625, 0.107421875, 0.0, 0.0, 0.00390625]",0.0,"[0.0, 0.0, 0.0, 0.0, 0.0, 0.0, 0.0, 0.0]","[0.3794940798343114, 0.21648992610222928, 0.06853098443580397, 0.05810451818801399, 0.04358830751693965, 0.03607341295828581, 0.042368688201973814, 0.04176491109547342]","{""1024"": 0.08577179908752441, ""4096"": 0.06083033233880997}",0.8362095952033997,0.04191431573660953,0.697265625,385.3844044999714,104.246431000327,280.417162999991,294163316736,581974360064,2741065482240,2592832,1024,"{""6"": 0.241943359375, ""9"": 0.0869140625, ""12"": 0.01220703125}","{""6"": 0.103515625, ""9"": 0.0380859375, ""12"": 0.05078125}",False,False,False
MB-prior,beta3,21320,A1B1C1,0.03520472774470251,346.40115108771647,227.90557972322677,40.96889194486016,0.715576171875,"[0.22705078125, 0.05615234375, 0.024169921875, 0.1396484375, 0.06396484375, 0.1123046875, 0.2041015625, 0.01513671875, 0.018798828125, 0.017333984375, 0.001953125, 0.0029296875, 0.116455078125]","[0.24609375, 0.015625, 0.00390625, 0.1328125, 0.083984375, 0.10546875, 0.232421875, 0.001953125, 0.01953125, 0.0078125, 0.0, 0.0, 0.150390625]",0.0,"[0.0, 0.0, 0.0, 0.0, 0.0, 0.0, 0.0, 0.0]","[0.31073068266165427, 0.134397402735273, 0.04248728234944954, 0.037252620370208156, 0.041659908261624246, 0.030019484760182014, 0.035187754733564613, 0.04482961234624039]","{""1024"": 0.06894124299287796, ""4096"": 0.0620308555662632}",0.7185720205307007,0.02400508637002563,0.66796875,389.4372376999818,102.9883210000844,285.74490440000955,294163316736,581974360064,2741065482240,2592832,1024,"{""6"": 0.2041015625, ""9"": 0.017333984375, ""12"": 0.116455078125}","{""6"": 0.103515625, ""9"": 0.0380859375, ""12"": 0.05078125}",False,False,False
MB-prior,beta3,21321,A1B1C1,0.02408997093755083,367.1945860327237,235.4306850388466,29.84388258986519,0.7138671875,"[0.373046875, 0.031982421875, 0.02099609375, 0.070068359375, 0.006103515625, 0.083740234375, 0.21630859375, 0.002685546875, 0.010986328125, 0.064697265625, 0.004150390625, 0.008056640625, 0.107177734375]","[0.369140625, 0.015625, 0.01953125, 0.07421875, 0.0, 0.08203125, 0.203125, 0.0, 0.00390625, 0.123046875, 0.0, 0.0, 0.109375]",0.0,"[0.0, 0.0, 0.0, 0.0, 0.0, 0.0, 0.0, 0.0]","[0.26682698243121505, 0.19299857428528222, 0.08033446118154242, 0.053691542347853005, 0.03171195187741915, 0.033324580538521165, 0.028652839604981217, 0.02963599357834923]","{""1024"": 0.08317869156599045, ""4096"": 0.060899000614881516}",0.6930074691772461,0.047853270362305356,0.669921875,387.70188030002464,102.89334070023324,284.12029520000215,294163316736,581974360064,2741065482240,2592832,1024,"{""6"": 0.21630859375, ""9"": 0.064697265625, ""12"": 0.107177734375}","{""6"": 0.103515625, ""9"": 0.0380859375, ""12"": 0.05078125}",True,True,True
MB-prior,beta3,21322,A1B1C1,0.010834112082867442,341.3992537079496,220.50690955143887,28.4982808119903,0.71923828125,"[0.223388671875, 0.03515625, 0.048828125, 0.09375, 0.1044921875, 0.037841796875, 0.287353515625, 0.01123046875, 0.01708984375, 0.0986328125, 0.001220703125, 0.00732421875, 0.03369140625]","[0.19140625, 0.021484375, 0.0703125, 0.109375, 0.103515625, 0.0625, 0.22265625, 0.001953125, 0.01171875, 0.09375, 0.0, 0.0, 0.111328125]",0.0,"[0.0, 0.0, 0.0, 0.0, 0.0, 0.0, 0.0, 0.0]","[0.26130740623506865, 0.16937015148258538, 0.05237539790513246, 0.04077288649738042, 0.04389604733418917, 0.04341282323306439, 0.03197861098503685, 0.023682093725881703]","{""1024"": 0.09130285680294037, ""4096"": 0.07178694754838943}",0.6957798600196838,0.04924809419852094,0.720703125,388.179955300031,103.19383240003663,284.27778679999756,294163316736,581974360064,2741065482240,2592832,1024,"{""6"": 0.287353515625, ""9"": 0.0986328125, ""12"": 0.03369140625}","{""6"": 0.103515625, ""9"": 0.0380859375, ""12"": 0.05078125}",False,True,False
MB-prior,beta3,21323,A1B1C1,0.0053012907257143915,323.5497626636959,250.4095560873061,16.80361831745995,0.72119140625,"[0.2060546875, 0.026123046875, 0.038818359375, 0.11767578125, 0.110107421875, 0.04736328125, 0.19189453125, 0.021240234375, 0.01318359375, 0.07666015625, 0.01123046875, 0.00439453125, 0.13525390625]","[0.142578125, 0.029296875, 0.0390625, 0.0625, 0.134765625, 0.07421875, 0.2578125, 0.017578125, 0.015625, 0.119140625, 0.0, 0.0, 0.107421875]",0.0,"[0.0, 0.0, 0.0, 0.0, 0.0, 0.0, 0.0, 0.0]","[0.31994912301051137, 0.16913204122250836, 0.04086876796120542, 0.023888397799591843, 0.020929356538288424, 0.024345876644136677, 0.013584381361741116, 0.01923518566454785]","{""1024"": 0.07445153594017029, ""4096"": 0.06560813635587692}",0.722439169883728,0.038612255189136135,0.69921875,386.67518569999083,102.36375819993555,283.6118540999887,294163316736,581974360064,2741065482240,2592832,1024,"{""6"": 0.19189453125, ""9"": 0.07666015625, ""12"": 0.13525390625}","{""6"": 0.103515625, ""9"": 0.0380859375, ""12"": 0.05078125}",True,True,True
MB-prior,beta3,21324,A1B1C1,0.008406236120267696,361.0927158864388,293.0819926813492,20.234596110192797,0.713134765625,"[0.147705078125, 0.0537109375, 0.039794921875, 0.094970703125, 0.150634765625, 0.075439453125, 0.18505859375, 0.0361328125, 0.017822265625, 0.07373046875, 0.01123046875, 0.001220703125, 0.112548828125]","[0.201171875, 0.04296875, 0.00390625, 0.064453125, 0.099609375, 0.076171875, 0.2265625, 0.015625, 0.046875, 0.109375, 0.0, 0.0, 0.11328125]",0.0,"[0.0, 0.0, 0.0, 0.0, 0.0, 0.0, 0.0, 0.0]","[0.397010064148533, 0.17541570280722718, 0.04589217992980599, 0.017330141741827898, 0.017526070334825672, 0.012564356225760687, 0.018870478645012678, 0.020650216882707628]","{""1024"": 0.08911442756652832, ""4096"": 0.0573141910135746}",0.6721736192703247,0.03822818196186173,0.740234375,387.43071679997956,103.14487450027082,283.59909880001214,294163316736,581974360064,2741065482240,2592832,1024,"{""6"": 0.18505859375, ""9"": 0.07373046875, ""12"": 0.112548828125}","{""6"": 0.103515625, ""9"": 0.0380859375, ""12"": 0.05078125}",True,True,True
MB-prior,beta3,21301,A0B0C0,0.00634560965663411,216.18604780525288,167.0477035896638,10.378402996516797,0.478515625,"[0.207763671875, 0.19140625, 0.062255859375, 0.002685546875, 0.023193359375, 0.077392578125, 0.10595703125, 0.162841796875, 0.03173828125, 0.0146484375, 0.003662109375, 0.005615234375, 0.11083984375]","[0.21875, 0.216796875, 0.076171875, 0.0, 0.0, 0.009765625, 0.091796875, 0.224609375, 0.00390625, 0.001953125, 0.0, 0.01171875, 0.14453125]",0.0,"[0.0, 0.0, 0.0, 0.0, 0.0, 0.0, 0.0, 0.0]","[0.24972217859970014, 0.07654286747386196, 0.041614160024720626, 0.014051186325176879, 0.013876111078645614, 0.006161552764957445, 0.012644865145579498, 0.007625453206992372]","{""1024"": 0.07114936411380768, ""4096"": 0.028601251542568207}",0.534308910369873,0.006271139065980922,0.724609375,383.76604910001333,104.46896160027245,278.55332310002996,294163316736,581974360064,2741065482240,2592832,1024,,,,,
MB-prior,beta3,21301,A1B0C0,0.009986097816783168,207.58131045822324,162.37783303228798,17.37707817018213,0.5732421875,"[0.18115234375, 0.1123046875, 0.1962890625, 0.048828125, 0.04296875, 0.043212890625, 0.106689453125, 0.02001953125, 0.031494140625, 0.02099609375, 0.01806640625, 0.0068359375, 0.171142578125]","[0.208984375, 0.091796875, 0.169921875, 0.025390625, 0.017578125, 0.0390625, 0.173828125, 0.001953125, 0.0390625, 0.0, 0.001953125, 0.0, 0.23046875]",0.0,"[0.0, 0.0, 0.0, 0.0, 0.0, 0.0, 0.0, 0.0]","[0.21461897232921157, 0.1025252328119759, 0.014941340788038993, 0.015578226673627071, 0.010226540162890263, 0.013602328421836507, 0.018480419633594813, 0.01545918616754216]","{""1024"": 0.06393671780824661, ""4096"": 0.04731810837984085}",0.591873824596405,0.021618768094626,0.630859375,392.11217980000947,103.55896090019087,287.8423195999785,294163316736,581974360064,2741065482240,2592832,1024,,,,,
MB-prior,beta3,21301,A0B1C0,0.011917618677020236,261.641755964338,168.75760060065954,19.024451880532297,0.46435546875,"[0.322265625, 0.08984375, 0.042236328125, 0.00341796875, 0.02978515625, 0.082763671875, 0.30322265625, 0.03564453125, 0.004638671875, 0.00830078125, 0.00244140625, 0.015869140625, 0.0595703125]","[0.23828125, 0.111328125, 0.044921875, 0.0, 0.00390625, 0.0625, 0.39453125, 0.01171875, 0.0, 0.0, 0.0, 0.01171875, 0.12109375]",0.0,"[0.0, 0.0, 0.0, 0.0, 0.0, 0.0, 0.0, 0.0]","[0.20733527960358789, 0.12226940906957529, 0.045004532043379175, 0.03960333916774372, 0.028339699214223302, 0.03130966294017368, 0.019757106286300452, 0.01740002629286419]","{""1024"": 0.06625969707965851, ""4096"": 0.03423803299665451}",0.47826409339904785,0.012131893788870014,0.634765625,388.07393180001236,101.25427650012716,286.11354180001945,294163316736,581974360064,2741065482240,2592832,1024,,,,,
MB-prior,beta3,21301,A0B0C1,0.008901800227221202,304.4742897319011,227.84453732537304,13.359414929587047,0.517822265625,"[0.2470703125, 0.169921875, 0.0576171875, 0.10888671875, 0.06884765625, 0.03955078125, 0.029296875, 0.09814453125, 0.005126953125, 0.075439453125, 0.01025390625, 0.0224609375, 0.0673828125]","[0.19921875, 0.197265625, 0.072265625, 0.115234375, 0.044921875, 0.01953125, 0.0, 0.119140625, 0.0, 0.080078125, 0.005859375, 0.0, 0.146484375]",0.0,"[0.0, 0.0, 0.0, 0.0, 0.0, 0.0, 0.0, 0.0]","[0.2793025368102593, 0.16570632515335992, 0.08270491196344487, 0.019170702710376908, 0.011570654904474509, 0.010128608306354092, 0.014579888492153525, 0.011512718792196175]","{""1024"": 0.08469406515359879, ""4096"": 0.03564279526472092}",0.4705106317996979,0.021408495724714434,0.740234375,390.2598668999999,102.33795470044424,287.2236959000147,294163316736,581974360064,2741065482240,2592832,1024,,,,,
MB-prior,beta3,21302,A0B0C0,0.006678344153047355,255.51532663908006,191.88472395176655,12.107762694891562,0.48095703125,"[0.1982421875, 0.2138671875, 0.135498046875, 0.030029296875, 0.05517578125, 0.0244140625, 0.118896484375, 0.125244140625, 0.017822265625, 0.005615234375, 0.004638671875, 0.0185546875, 0.052001953125]","[0.15625, 0.29296875, 0.11328125, 0.01171875, 0.017578125, 0.0234375, 0.140625, 0.123046875, 0.02734375, 0.0, 0.01171875, 0.0, 0.08203125]",0.0,"[0.0, 0.0, 0.0, 0.0, 0.0, 0.0, 0.0, 0.0]","[0.22587837362372598, 0.14889647784456805, 0.058883922745064154, 0.0187174278097455, 0.011163457919556752, 0.011865738385832714, 0.010621125813036425, 0.013026848200423657]","{""1024"": 0.07646257430315018, ""4096"": 0.030413109809160233}",0.527694821357727,0.0047459205317358895,0.681640625,389.7146366000088,102.33662290014036,286.6823968000099,294163316736,581974360064,2741065482240,2592832,1024,,,,,
MB-prior,beta3,21302,A1B0C0,0.005586679689181029,190.89326893282578,111.07977475386247,23.94706476564511,0.5654296875,"[0.293701171875, 0.103759765625, 0.103759765625, 0.0234375, 0.059326171875, 0.0283203125, 0.132080078125, 0.031982421875, 0.049072265625, 0.009033203125, 0.009765625, 0.002197265625, 0.153564453125]","[0.16015625, 0.12890625, 0.2265625, 0.0, 0.041015625, 0.02734375, 0.13671875, 0.017578125, 0.029296875, 0.0, 0.0, 0.0, 0.232421875]",0.0,"[0.0, 0.0, 0.0, 0.0, 0.0, 0.0, 0.0, 0.0]","[0.1213486256103149, 0.09560405945582273, 0.04349313898839258, 0.026743355503331845, 0.020356546337099157, 0.018521079119063533, 0.02178310613355272, 0.024988504736847883]","{""1024"": 0.08042565733194351, ""4096"": 0.0600828155875206}",0.6702196598052979,0.0087276151655703,0.666015625,390.1031905999844,102.88428859924898,286.523319200016,294163316736,581974360064,2741065482240,2592832,1024,,,,,
MB-prior,beta3,21302,A0B1C0,0.006395953424827461,226.36481826227123,167.57871913694203,13.311170870171736,0.466064453125,"[0.2685546875, 0.099609375, 0.034912109375, 0.033447265625, 0.00732421875, 0.127197265625, 0.261962890625, 0.068359375, 0.0068359375, 0.00341796875, 0.01220703125, 0.009765625, 0.06640625]","[0.259765625, 0.029296875, 0.0234375, 0.037109375, 0.00390625, 0.103515625, 0.2578125, 0.13671875, 0.0, 0.005859375, 0.0078125, 0.0, 0.134765625]",0.0,"[0.0, 0.0, 0.0, 0.0, 0.0, 0.0, 0.0, 0.0]","[0.16342977336094489, 0.163872412453395, 0.046752430814524626, 0.018726340054437518, 0.009781343626981798, 0.013558104752410483, 0.014912301475819234, 0.011086079129984938]","{""1024"": 0.05232234299182892, ""4096"": 0.035537101328372955}",0.46096810698509216,-0.003000814229087461,0.677734375,386.20034619999933,107.76139820020762,277.65824140001496,294163316736,581974360064,2741065482240,2592832,1024,,,,,
MB-prior,beta3,21302,A0B0C1,0.00897802517230284,232.60996065819973,173.4233708968561,12.658350238241383,0.528564453125,"[0.187744140625, 0.231689453125, 0.111083984375, 0.1279296875, 0.049560546875, 0.006103515625, 0.0830078125, 0.115478515625, 0.003662109375, 0.041748046875, 0.02685546875, 0.004638671875, 0.010498046875]","[0.20703125, 0.205078125, 0.0625, 0.193359375, 0.03125, 0.0, 0.109375, 0.125, 0.0, 0.044921875, 0.001953125, 0.0, 0.01953125]",0.0,"[0.0, 0.0, 0.0, 0.0, 0.0, 0.0, 0.0, 0.0]","[0.21058081773424941, 0.12813670354867268, 0.04635984426053197, 0.017107408703458837, 0.01422930425406177, 0.013178910600506466, 0.011878928897358865, 0.012844411411706336]","{""1024"": 0.06803609430789948, ""4096"": 0.03674832358956337}",0.5719454884529114,0.007265911771591565,0.67578125,392.50551359998644,104.46809240056609,287.3209881000075,294163316736,581974360064,2741065482240,2592832,1024,,,,,
MB-prior,beta3,21303,A0B0C0,0.0025387330019355225,184.62400127428873,137.98952324086872,11.641658715520862,0.485107421875,"[0.17431640625, 0.28076171875, 0.07861328125, 0.013671875, 0.03515625, 0.052978515625, 0.091796875, 0.11669921875, 0.01416015625, 0.0126953125, 0.001708984375, 0.008056640625, 0.119384765625]","[0.19140625, 0.236328125, 0.130859375, 0.0, 0.005859375, 0.01953125, 0.068359375, 0.158203125, 0.015625, 0.001953125, 0.0, 0.001953125, 0.169921875]",0.0,"[0.0, 0.0, 0.0, 0.0, 0.0, 0.0, 0.0, 0.0]","[0.17991289791982634, 0.08959788965999538, 0.038268522384760306, 0.01279234710151922, 0.007546642432949557, 0.00973783831104269, 0.011523630155176878, 0.011213984523574805]","{""1024"": 0.05864863842725754, ""4096"": 0.03233252465724945}",0.5724170804023743,0.0037021284716863695,0.708984375,392.5747784999985,105.4332789999753,286.41520879999734,294163316736,581974360064,2741065482240,2592832,1024,,,,,
MB-prior,beta3,21303,A1B0C0,0.005660942962217863,266.6664044486015,196.30540780526917,22.435482237417773,0.553466796875,"[0.2109375, 0.109375, 0.16015625, 0.05517578125, 0.114501953125, 0.01318359375, 0.07470703125, 0.024169921875, 0.031982421875, 0.02490234375, 0.052978515625, 0.004638671875, 0.123291015625]","[0.12109375, 0.1328125, 0.267578125, 0.015625, 0.111328125, 0.0, 0.0546875, 0.013671875, 0.021484375, 0.005859375, 0.0, 0.0, 0.255859375]",0.0,"[0.0, 0.0, 0.0, 0.0, 0.0, 0.0, 0.0, 0.0]","[0.24650459264650548, 0.13690440697316086, 0.025964456310120454, 0.021180375902941417, 0.025000487576138486, 0.021459200534851508, 0.02208601182370451, 0.021733289421252078]","{""1024"": 0.08626862615346909, ""4096"": 0.04856850206851959}",0.6181012392044067,0.012537237237298143,0.58984375,393.76881569999387,104.69234970027173,288.3557295999781,294163316736,581974360064,2741065482240,2592832,1024,,,,,
MB-prior,beta3,21303,A0B1C0,0.012793013002883935,244.36931713839613,188.0333351568404,13.119959796801822,0.46337890625,"[0.1806640625, 0.0322265625, 0.044677734375, 0.01953125, 0.00830078125, 0.18505859375, 0.221923828125, 0.116455078125, 0.01806640625, 0.004638671875, 0.02392578125, 0.01513671875, 0.12939453125]","[0.1328125, 0.033203125, 0.080078125, 0.0, 0.0, 0.123046875, 0.21875, 0.13671875, 0.041015625, 0.0, 0.04296875, 0.0, 0.19140625]",0.0,"[0.0, 0.0, 0.0, 0.0, 0.0, 0.0, 0.0, 0.0]","[0.2323281148286731, 0.1349244928995308, 0.04696054362098101, 0.01221304927759137, 0.010773049642239574, 0.014459650788785527, 0.011766775422736409, 0.013858146055392151]","{""1024"": 0.06081599369645119, ""4096"": 0.03575992211699486}",0.48821699619293213,0.014386025632084489,0.63671875,392.940817300012,104.42572859994834,287.7949524000287,294163316736,581974360064,2741065482240,2592832,1024,,,,,
MB-prior,beta3,21303,A0B0C1,0.015150470821165385,269.9915998666643,193.15362357784375,19.18292542701488,0.524658203125,"[0.214599609375, 0.124267578125, 0.05078125, 0.168212890625, 0.0908203125, 0.0185546875, 0.036376953125, 0.186279296875, 0.0048828125, 0.009033203125, 0.03857421875, 0.005126953125, 0.052490234375]","[0.1875, 0.19921875, 0.046875, 0.21484375, 0.064453125, 0.015625, 0.013671875, 0.138671875, 0.0, 0.00390625, 0.001953125, 0.0, 0.11328125]",0.0,"[0.0, 0.0, 0.0, 0.0, 0.0, 0.0, 0.0, 0.0]","[0.25810043141791583, 0.11915273963256023, 0.052478510195232086, 0.021868940682788107, 0.018045104654607513, 0.02021496568183645, 0.019471539492141865, 0.01799511173249657]","{""1024"": 0.05761580169200897, ""4096"": 0.03393670544028282}",0.6093510985374451,0.02572461139071193,0.7109375,392.86901409998245,104.36700060019211,287.782466699995,294163316736,581974360064,2741065482240,2592832,1024,,,,,
MB-prior,beta3,21304,A0B0C0,0.00739664068446233,186.13032847363797,132.14602784388012,12.91355427368967,0.46826171875,"[0.210205078125, 0.283203125, 0.078857421875, 0.0625, 0.013427734375, 0.0126953125, 0.116455078125, 0.1796875, 0.005615234375, 0.009033203125, 0.00830078125, 0.003662109375, 0.016357421875]","[0.181640625, 0.33203125, 0.08203125, 0.041015625, 0.0, 0.013671875, 0.2109375, 0.125, 0.0078125, 0.0, 0.0, 0.0, 0.005859375]",0.0,"[0.0, 0.0, 0.0, 0.0, 0.0, 0.0, 0.0, 0.0]","[0.18083607964826864, 0.07726163098430971, 0.037074950737970624, 0.017204980127987213, 0.014319333202364337, 0.011617037408373498, 0.012890892290833733, 0.012330893399966403]","{""1024"": 0.0446852371096611, ""4096"": 0.03341327980160713}",0.6436280608177185,0.009589957021632407,0.62890625,386.5397215999983,107.71639430052892,278.0525381999614,294163316736,581974360064,2741065482240,2592832,1024,,,,,
MB-prior,beta3,21304,A1B0C0,0.005977021484289136,207.31429460855293,138.52555652071487,23.160053883185583,0.57275390625,"[0.211181640625, 0.100341796875, 0.19140625, 0.055908203125, 0.028076171875, 0.07470703125, 0.14306640625, 0.006591796875, 0.020751953125, 0.02294921875, 0.012451171875, 0.01220703125, 0.120361328125]","[0.140625, 0.1484375, 0.185546875, 0.025390625, 0.005859375, 0.0546875, 0.158203125, 0.01171875, 0.017578125, 0.001953125, 0.0, 0.001953125, 0.248046875]",0.0,"[0.0, 0.0, 0.0, 0.0, 0.0, 0.0, 0.0, 0.0]","[0.1735973345025057, 0.09696039307701554, 0.026090698923375566, 0.02259518784191794, 0.01578040505751055, 0.024652232014407804, 0.02391327288379763, 0.02132120735679921]","{""1024"": 0.052743978798389435, ""4096"": 0.045238371938467026}",0.5700161457061768,0.01737314571858039,0.6796875,387.6628329000232,103.43018640011724,283.50741170001857,294163316736,581974360064,2741065482240,2592832,1024,,,,,
MB-prior,beta3,21304,A0B1C0,0.005417559714033349,284.9344705725555,205.97417976971838,10.494413957731467,0.4541015625,"[0.1943359375, 0.0517578125, 0.089599609375, 0.015380859375, 0.104736328125, 0.0888671875, 0.1845703125, 0.08154296875, 0.005615234375, 0.01904296875, 0.017578125, 0.004150390625, 0.142822265625]","[0.171875, 0.115234375, 0.037109375, 0.0, 0.015625, 0.103515625, 0.26953125, 0.125, 0.0, 0.00390625, 0.001953125, 0.013671875, 0.142578125]",0.0,"[0.0, 0.0, 0.0, 0.0, 0.0, 0.0, 0.0, 0.0]","[0.25025785051379756, 0.15203546934893364, 0.07882622960382202, 0.027854312995816866, 0.01329496326236601, 0.01374690985109206, 0.011988080372970167, 0.008508821888224105]","{""1024"": 0.0525553897023201, ""4096"": 0.03127839416265488}",0.4382619559764862,0.007909151560189964,0.7421875,391.0284469999897,103.1265356001677,287.17301860002044,294163316736,581974360064,2741065482240,2592832,1024,,,,,
MB-prior,beta3,21304,A0B0C1,0.01570470583048822,227.6790398351393,152.82238271023698,17.12894945836115,0.533447265625,"[0.208251953125, 0.229248046875, 0.073486328125, 0.14111328125, 0.00634765625, 0.030517578125, 0.02734375, 0.1318359375, 0.009765625, 0.03515625, 0.01513671875, 0.002685546875, 0.089111328125]","[0.17578125, 0.23828125, 0.0625, 0.166015625, 0.0, 0.029296875, 0.00390625, 0.140625, 0.001953125, 0.048828125, 0.017578125, 0.001953125, 0.11328125]",0.0,"[0.0, 0.0, 0.0, 0.0, 0.0, 0.0, 0.0, 0.0]","[0.20002364751138613, 0.09845756871954547, 0.04195068258285817, 0.02545464745872872, 0.02513517125483844, 0.020208927739787885, 0.015219203410298032, 0.018235776000563586]","{""1024"": 0.07721695303916931, ""4096"": 0.03981646150350571}",0.5612627863883972,0.0010575460415259473,0.712890625,391.1009183999995,103.92560009972658,286.4707264000026,294163316736,581974360064,2741065482240,2592832,1024,,,,,
MB-prior,beta3,21305,A0B0C0,0.004668993496135254,409.28000400524957,334.28213783290335,10.991263838929399,0.443359375,"[0.184326171875, 0.156982421875, 0.04443359375, 0.0478515625, 0.092041015625, 0.027099609375, 0.1201171875, 0.1435546875, 0.0126953125, 0.013671875, 0.0126953125, 0.064208984375, 0.080322265625]","[0.205078125, 0.255859375, 0.07421875, 0.0, 0.04296875, 0.0, 0.15234375, 0.125, 0.00390625, 0.00390625, 0.0, 0.0, 0.13671875]",0.0,"[0.0, 0.0, 0.0, 0.0, 0.0, 0.0, 0.0, 0.0]","[0.38417969183729417, 0.2687151086175952, 0.07067577607889097, 0.026602157488260225, 0.014955436167897407, 0.012779525447406126, 0.009629723074496166, 0.011837589110912816]","{""1024"": 0.05099014937877655, ""4096"": 0.03373328968882561}",0.45378851890563965,0.022482659221916827,0.69140625,391.1231595999998,104.39641260029748,286.01239770000393,294163316736,581974360064,2741065482240,2592832,1024,,,,,
MB-prior,beta3,21305,A1B0C0,0.013279320952776175,265.4598884377781,172.82079107425784,22.66964244457904,0.56591796875,"[0.221435546875, 0.025634765625, 0.166748046875, 0.08642578125, 0.120361328125, 0.068359375, 0.037841796875, 0.003173828125, 0.074951171875, 0.035888671875, 0.001708984375, 0.007080078125, 0.150390625]","[0.23828125, 0.060546875, 0.2265625, 0.013671875, 0.0859375, 0.048828125, 0.021484375, 0.0, 0.037109375, 0.0, 0.0, 0.001953125, 0.265625]",0.0,"[0.0, 0.0, 0.0, 0.0, 0.0, 0.0, 0.0, 0.0]","[0.2245717049794549, 0.11296890258745496, 0.06027355353347508, 0.02503063856462928, 0.025904843342031025, 0.025450056198421667, 0.025252420375472262, 0.019024225024096175]","{""1024"": 0.07410208880901337, ""4096"": 0.05416148155927658}",0.6707375049591064,0.02284164534787369,0.546875,391.2942517999909,103.96609939941845,286.60747830000764,294163316736,581974360064,2741065482240,2592832,1024,,,,,
MB-prior,beta3,21305,A0B1C0,0.006567678012669109,240.1621827600934,166.44989889851604,9.823716677896755,0.4619140625,"[0.206787109375, 0.080322265625, 0.0322265625, 0.0302734375, 0.030517578125, 0.185546875, 0.23095703125, 0.110595703125, 0.005126953125, 0.00439453125, 0.00732421875, 0.001708984375, 0.07421875]","[0.13671875, 0.0859375, 0.0546875, 0.005859375, 0.052734375, 0.0859375, 0.294921875, 0.158203125, 0.0, 0.0, 0.0, 0.0, 0.125]",0.0,"[0.0, 0.0, 0.0, 0.0, 0.0, 0.0, 0.0, 0.0]","[0.18479066270301825, 0.1403067960831459, 0.05796340135760003, 0.03035302753645963, 0.019706525062636704, 0.01675940382392982, 0.010406333000509083, 0.008780613636008017]","{""1024"": 0.0744437724351883, ""4096"": 0.039396800100803375}",0.4683026671409607,-0.007337832233955281,0.73046875,383.11424529996293,108.83503760052554,273.51015719998395,294163316736,581974360064,2741065482240,2592832,1024,,,,,
MB-prior,beta3,21305,A0B0C1,0.018380779734926023,310.7689645722685,209.338601705585,27.338310402911475,0.519287109375,"[0.1591796875, 0.1708984375, 0.104736328125, 0.17431640625, 0.052978515625, 0.03759765625, 0.056884765625, 0.12548828125, 0.001708984375, 0.01025390625, 0.01416015625, 0.00732421875, 0.08447265625]","[0.26953125, 0.138671875, 0.08203125, 0.158203125, 0.056640625, 0.005859375, 0.00390625, 0.154296875, 0.0, 0.001953125, 0.001953125, 0.001953125, 0.125]",0.0,"[0.0, 0.0, 0.0, 0.0, 0.0, 0.0, 0.0, 0.0]","[0.25793000551319567, 0.15093445094302504, 0.06526989291294605, 0.023992333537031563, 0.025292074572747847, 0.030156738945579242, 0.023274480465291347, 0.030120657040395127]","{""1024"": 0.05312390998005867, ""4096"": 0.036437489092350006}",0.5337817072868347,0.012168765342780349,0.677734375,384.6731446000049,104.95343280032102,278.97510239997064,294163316736,581974360064,2741065482240,2592832,1024,,,,,
MB-prior,beta3,21306,A0B0C0,0.0038331592742992804,215.11545924305346,150.883264916999,11.828007317010815,0.48193359375,"[0.234130859375, 0.107177734375, 0.1416015625, 0.023681640625, 0.030029296875, 0.030517578125, 0.0986328125, 0.19482421875, 0.01171875, 0.002197265625, 0.005126953125, 0.00732421875, 0.113037109375]","[0.212890625, 0.19140625, 0.1015625, 0.0, 0.009765625, 0.01953125, 0.087890625, 0.197265625, 0.0, 0.0, 0.0, 0.0, 0.1796875]",0.0,"[0.0, 0.0, 0.0, 0.0, 0.0, 0.0, 0.0, 0.0]","[0.19284454616323998, 0.10184933062777368, 0.030082661468253225, 0.02651093291228168, 0.02640369090603434, 0.01935464246546914, 0.014238754811968679, 0.00886282197906807]","{""1024"": 0.0670044794678688, ""4096"": 0.03338819369673729}",0.46403181552886963,-0.0024730175332112027,0.69140625,388.2558605999948,104.64073070048471,282.89686120001716,294163316736,581974360064,2741065482240,2592832,1024,,,,,
MB-prior,beta3,21306,A1B0C0,0.014419066780636314,251.3733950558078,180.3715438092272,24.762046867324443,0.58349609375,"[0.1748046875, 0.12744140625, 0.205078125, 0.11083984375, 0.093017578125, 0.031005859375, 0.121826171875, 0.03173828125, 0.019775390625, 0.00390625, 0.018310546875, 0.001953125, 0.060302734375]","[0.125, 0.1484375, 0.26953125, 0.029296875, 0.05859375, 0.009765625, 0.279296875, 0.0, 0.048828125, 0.0, 0.001953125, 0.0, 0.029296875]",0.0,"[0.0, 0.0, 0.0, 0.0, 0.0, 0.0, 0.0, 0.0]","[0.25423712905990703, 0.09805104244248986, 0.02896131261359658, 0.01993752051667741, 0.02005346222122828, 0.021359822576732412, 0.028459445032621655, 0.019903927755121398]","{""1024"": 0.06660149991512299, ""4096"": 0.04582327976822853}",0.6574634909629822,0.03901923210750373,0.4609375,386.0507556000375,104.15894370040041,281.16433729998244,294163316736,581974360064,2741065482240,2592832,1024,,,,,
MB-prior,beta3,21306,A0B1C0,0.007061533675081222,221.46136689423975,162.01545085272892,13.306878034230749,0.47412109375,"[0.167236328125, 0.1416015625, 0.03955078125, 0.009765625, 0.051513671875, 0.095458984375, 0.310546875, 0.035400390625, 0.010009765625, 0.008056640625, 0.00341796875, 0.02294921875, 0.1044921875]","[0.142578125, 0.19921875, 0.0078125, 0.0, 0.025390625, 0.103515625, 0.330078125, 0.03125, 0.0078125, 0.0, 0.0078125, 0.0, 0.14453125]",0.0,"[0.0, 0.0, 0.0, 0.0, 0.0, 0.0, 0.0, 0.0]","[0.21054517737608558, 0.10589125007065059, 0.04063392380548292, 0.018021436228249588, 0.014666515752704168, 0.016793432821532228, 0.013157864516965656, 0.012832131643641276]","{""1024"": 0.05335240066051483, ""4096"": 0.032676562666893005}",0.5160201191902161,0.01912141018674825,0.638671875,387.4252130000241,104.11448500050756,282.58108509999875,294163316736,581974360064,2741065482240,2592832,1024,,,,,
MB-prior,beta3,21306,A0B0C1,0.01631723440847388,282.02088532201014,197.1953407819235,20.043837774934673,0.53515625,"[0.14794921875, 0.2177734375, 0.079345703125, 0.161865234375, 0.08056640625, 0.04638671875, 0.049072265625, 0.138671875, 0.009521484375, 0.0068359375, 0.0068359375, 0.0029296875, 0.05224609375]","[0.193359375, 0.17578125, 0.05078125, 0.16015625, 0.04296875, 0.03125, 0.005859375, 0.189453125, 0.021484375, 0.0, 0.001953125, 0.0, 0.126953125]",0.0,"[0.0, 0.0, 0.0, 0.0, 0.0, 0.0, 0.0, 0.0]","[0.23557632361254832, 0.14957082635214602, 0.05620838337219558, 0.030131063670289837, 0.020436085136337656, 0.01975123884686436, 0.020174196662765542, 0.01897392399140374]","{""1024"": 0.05581033229827881, ""4096"": 0.034096959978342056}",0.6204857230186462,0.030007512465200514,0.720703125,387.7118492999725,104.20979119979893,282.7784192999825,294163316736,581974360064,2741065482240,2592832,1024,,,,,
MB-prior,beta3,21307,A0B0C0,0.0032265090242877825,235.85503237016587,179.2432869810409,11.029584908522793,0.487548828125,"[0.1513671875, 0.19189453125, 0.148681640625, 0.0322265625, 0.009521484375, 0.065673828125, 0.10546875, 0.142578125, 0.0107421875, 0.00537109375, 0.01123046875, 0.008056640625, 0.1171875]","[0.154296875, 0.287109375, 0.15234375, 0.01171875, 0.0078125, 0.0234375, 0.060546875, 0.146484375, 0.0, 0.001953125, 0.00390625, 0.0, 0.150390625]",0.0,"[0.0, 0.0, 0.0, 0.0, 0.0, 0.0, 0.0, 0.0]","[0.25963557249956315, 0.09044897238528238, 0.05533851666876988, 0.01189163182738584, 0.011712116092598368, 0.010085392599922027, 0.011530581147253471, 0.010011576877205108]","{""1024"": 0.041521891951560974, ""4096"": 0.02820332907140255}",0.4927840530872345,-0.001131189581633275,0.681640625,379.8829528999777,108.40207300010661,270.69576419999066,294163316736,581974360064,2741065482240,2592832,1024,,,,,
MB-prior,beta3,21307,A1B0C0,0.010504688182770838,303.51917294660143,220.56018983052468,22.711727995097363,0.558837890625,"[0.197265625, 0.12353515625, 0.1708984375, 0.05615234375, 0.066650390625, 0.05322265625, 0.139404296875, 0.01025390625, 0.052001953125, 0.017578125, 0.034912109375, 0.00341796875, 0.07470703125]","[0.26171875, 0.162109375, 0.107421875, 0.017578125, 0.01953125, 0.056640625, 0.083984375, 0.009765625, 0.013671875, 0.015625, 0.00390625, 0.0, 0.248046875]",0.0,"[0.0, 0.0, 0.0, 0.0, 0.0, 0.0, 0.0, 0.0]","[0.2676341452067348, 0.16314747555600873, 0.035017231871615095, 0.03230483628172687, 0.02438717665883372, 0.025961175345987186, 0.021860544146674155, 0.02249829959375038]","{""1024"": 0.06718305498361588, ""4096"": 0.050408124923706055}",0.6105704307556152,0.01579812198144443,0.611328125,384.3944464999804,105.754189999745,277.8809783000179,294163316736,581974360064,2741065482240,2592832,1024,,,,,
MB-prior,beta3,21307,A0B1C0,0.007275285817324395,186.13038916239816,135.98633538608647,14.107984872050793,0.480224609375,"[0.197509765625, 0.060791015625, 0.035888671875, 0.031005859375, 0.020751953125, 0.096435546875, 0.2431640625, 0.136962890625, 0.005126953125, 0.01220703125, 0.0048828125, 0.013671875, 0.1416015625]","[0.201171875, 0.041015625, 0.001953125, 0.076171875, 0.0, 0.107421875, 0.25, 0.166015625, 0.0, 0.017578125, 0.0, 0.0, 0.138671875]",0.0,"[0.0, 0.0, 0.0, 0.0, 0.0, 0.0, 0.0, 0.0]","[0.18875621272222665, 0.07684209857872348, 0.03513353090151927, 0.012539957897041099, 0.009433934315371761, 0.01327552396470244, 0.01584131825343338, 0.011713339699790826]","{""1024"": 0.06399272382259369, ""4096"": 0.04138634353876114}",0.5520243048667908,0.007775167737135633,0.671875,388.1329487999901,105.36297340018791,282.02448740000546,294163316736,581974360064,2741065482240,2592832,1024,,,,,
MB-prior,beta3,21307,A0B0C1,0.01717275998844281,282.8708580509099,202.60829986289173,19.531963388011945,0.52685546875,"[0.22412109375, 0.218994140625, 0.060302734375, 0.1298828125, 0.062255859375, 0.021484375, 0.08544921875, 0.105224609375, 0.005859375, 0.00341796875, 0.039306640625, 0.003173828125, 0.04052734375]","[0.17578125, 0.1953125, 0.056640625, 0.15625, 0.07421875, 0.0, 0.185546875, 0.125, 0.001953125, 0.0, 0.005859375, 0.0, 0.0234375]",0.0,"[0.0, 0.0, 0.0, 0.0, 0.0, 0.0, 0.0, 0.0]","[0.23808863257162827, 0.15763070309808214, 0.05395026844436179, 0.01867644555721526, 0.026516051957214515, 0.019471677009970545, 0.014415808441744282, 0.02373255755046655]","{""1024"": 0.07571281492710114, ""4096"": 0.04254920780658722}",0.6583361625671387,0.01651218349014462,0.611328125,388.3268020999967,105.57410910025646,282.0338434000296,294163316736,581974360064,2741065482240,2592832,1024,,,,,
MB-prior,beta3,21308,A0B0C0,0.005019428280788496,203.21866734426635,160.1793273480564,9.854819143119812,0.48828125,"[0.213623046875, 0.209228515625, 0.1376953125, 0.001220703125, 0.021484375, 0.058349609375, 0.00390625, 0.154052734375, 0.004638671875, 0.0341796875, 0.0068359375, 0.00732421875, 0.1474609375]","[0.232421875, 0.32421875, 0.078125, 0.0, 0.0, 0.02734375, 0.0, 0.173828125, 0.0, 0.01171875, 0.001953125, 0.005859375, 0.14453125]",0.0,"[0.0, 0.0, 0.0, 0.0, 0.0, 0.0, 0.0, 0.0]","[0.21903055389341963, 0.09381969483325303, 0.03155817954595408, 0.012610380852163594, 0.010962108505966572, 0.009682848387107423, 0.01013558156333838, 0.009112112075567502]","{""1024"": 0.05504651740193367, ""4096"": 0.03250928968191147}",0.5634370446205139,0.012440322377209623,0.6875,388.04819439997664,105.78380259881669,281.55138360000274,294163316736,581974360064,2741065482240,2592832,1024,,,,,
MB-prior,beta3,21308,A1B0C0,0.007687366010213914,229.39579244275023,164.86125202256903,17.212137835391104,0.56298828125,"[0.173828125, 0.0595703125, 0.128173828125, 0.109130859375, 0.087890625, 0.047119140625, 0.118896484375, 0.018798828125, 0.06884765625, 0.000732421875, 0.003662109375, 0.0146484375, 0.168701171875]","[0.173828125, 0.1640625, 0.1171875, 0.09375, 0.0703125, 0.037109375, 0.0546875, 0.0078125, 0.025390625, 0.0, 0.0, 0.00390625, 0.251953125]",0.0,"[0.0, 0.0, 0.0, 0.0, 0.0, 0.0, 0.0, 0.0]","[0.20590919158826582, 0.11608544126831433, 0.026323175119940423, 0.024361607733591306, 0.022247499461421683, 0.019494285233464748, 0.016789605223801907, 0.016827851485946344]","{""1024"": 0.06635559350252151, ""4096"": 0.04699485003948212}",0.6245427131652832,0.020394797571953078,0.630859375,386.8034898000042,105.09671850038285,280.98928199998045,294163316736,581974360064,2741065482240,2592832,1024,,,,,
MB-prior,beta3,21308,A0B1C0,0.003556287304210315,256.81490130239627,187.1961738532534,9.111028436899687,0.46630859375,"[0.19091796875, 0.131103515625, 0.041748046875, 0.025390625, 0.003662109375, 0.16015625, 0.22509765625, 0.08544921875, 0.00537109375, 0.0078125, 0.0009765625, 0.031005859375, 0.09130859375]","[0.1484375, 0.060546875, 0.04296875, 0.0078125, 0.0, 0.15625, 0.279296875, 0.162109375, 0.009765625, 0.0, 0.0, 0.00390625, 0.12890625]",0.0,"[0.0, 0.0, 0.0, 0.0, 0.0, 0.0, 0.0, 0.0]","[0.18729907077437913, 0.17831845628275644, 0.06996609248178576, 0.019437518663773634, 0.020013146549951344, 0.008762341937776696, 0.008363836004783298, 0.009431141411036403]","{""1024"": 0.08180783689022064, ""4096"": 0.03661877289414406}",0.4934481084346771,0.010558879666882438,0.7421875,382.1524318000156,108.16021020032349,273.2229189000209,294163316736,581974360064,2741065482240,2592832,1024,,,,,
MB-prior,beta3,21308,A0B0C1,0.009615610366046301,285.5658570057028,219.30022305009788,13.794026771033487,0.5205078125,"[0.1298828125, 0.232421875, 0.09765625, 0.140869140625, 0.085693359375, 0.036865234375, 0.02783203125, 0.109375, 0.014404296875, 0.05859375, 0.008056640625, 0.00537109375, 0.052978515625]","[0.1328125, 0.208984375, 0.0625, 0.1328125, 0.04296875, 0.03515625, 0.037109375, 0.208984375, 0.0, 0.064453125, 0.0, 0.00390625, 0.0703125]",0.0,"[0.0, 0.0, 0.0, 0.0, 0.0, 0.0, 0.0, 0.0]","[0.2934749950134812, 0.13484575313124125, 0.0527021441281561, 0.01644824285977675, 0.012252040683651266, 0.021081180110781972, 0.012187458802462636, 0.014753999734712142]","{""1024"": 0.0571531318128109, ""4096"": 0.03766085207462311}",0.5211180448532104,0.016016632026289147,0.708984375,383.9599371000222,106.31963389996963,276.87806190000265,294163316736,581974360064,2741065482240,2592832,1024,,,,,
MB-prior,beta3,21309,A0B0C0,0.0103600886029942,264.5463061917526,186.43635160961912,17.860879793157437,0.477294921875,"[0.200439453125, 0.222412109375, 0.117431640625, 0.0244140625, 0.046875, 0.005859375, 0.1494140625, 0.166259765625, 0.013427734375, 0.015380859375, 0.02001953125, 0.01318359375, 0.0048828125]","[0.21875, 0.240234375, 0.126953125, 0.005859375, 0.0234375, 0.0, 0.20703125, 0.15625, 0.001953125, 0.017578125, 0.001953125, 0.0, 0.0]",0.0,"[0.0, 0.0, 0.0, 0.0, 0.0, 0.0, 0.0, 0.0]","[0.23732832914794155, 0.1268051700895958, 0.051375770431163925, 0.018658214160821363, 0.02205454425791853, 0.025585445347314995, 0.015773901552535552, 0.019110629293475068]","{""1024"": 0.04520241171121597, ""4096"": 0.032875701785087585}",0.5689524412155151,0.012877960090542949,0.556640625,388.32564150005055,105.27813359926222,282.3269774000073,294163316736,581974360064,2741065482240,2592832,1024,,,,,
MB-prior,beta3,21309,A1B0C0,0.013063405264463146,202.9232802289457,124.08407348003743,24.476367976900065,0.5859375,"[0.29150390625, 0.135009765625, 0.092041015625, 0.058349609375, 0.068115234375, 0.03564453125, 0.13916015625, 0.015625, 0.031494140625, 0.02490234375, 0.010498046875, 0.000732421875, 0.096923828125]","[0.271484375, 0.201171875, 0.115234375, 0.001953125, 0.046875, 0.025390625, 0.080078125, 0.0, 0.01171875, 0.087890625, 0.0, 0.0, 0.158203125]",0.0,"[0.0, 0.0, 0.0, 0.0, 0.0, 0.0, 0.0, 0.0]","[0.15104653998418538, 0.09130516603151273, 0.039497203485745036, 0.021788898100018717, 0.019444723345587, 0.025446594545227796, 0.029544792470803216, 0.018260613734079723]","{""1024"": 0.07179585099220276, ""4096"": 0.0454058013856411}",0.6382702589035034,0.01910474294424161,0.54296875,387.36690389997966,104.54436899969005,282.1079544999957,294163316736,581974360064,2741065482240,2592832,1024,,,,,
MB-prior,beta3,21309,A0B1C0,0.006469677728045298,203.55561981101664,142.13241549308987,17.389470148060582,0.48291015625,"[0.209228515625, 0.072265625, 0.018798828125, 0.061279296875, 0.036865234375, 0.07275390625, 0.260498046875, 0.083984375, 0.005859375, 0.00244140625, 0.017822265625, 0.011474609375, 0.146728515625]","[0.189453125, 0.0703125, 0.01171875, 0.056640625, 0.0078125, 0.080078125, 0.255859375, 0.130859375, 0.0, 0.0, 0.001953125, 0.0, 0.1953125]",0.0,"[0.0, 0.0, 0.0, 0.0, 0.0, 0.0, 0.0, 0.0]","[0.17396664660456418, 0.10363572740537697, 0.047448909405612305, 0.01219797025198277, 0.012391585578877429, 0.013964921814047404, 0.014028039038443296, 0.019935769844487528]","{""1024"": 0.0676252543926239, ""4096"": 0.03479263558983803}",0.5243561863899231,0.009325400288185329,0.642578125,389.3023511000356,105.67771069980517,282.91663940002036,294163316736,581974360064,2741065482240,2592832,1024,,,,,
MB-prior,beta3,21309,A0B0C1,0.0064747012512778035,260.78751343711065,190.86028177469052,17.014596366427895,0.5322265625,"[0.197998046875, 0.21826171875, 0.089111328125, 0.12451171875, 0.04443359375, 0.010498046875, 0.0263671875, 0.11669921875, 0.009521484375, 0.052734375, 0.031982421875, 0.0087890625, 0.069091796875]","[0.169921875, 0.203125, 0.080078125, 0.16015625, 0.029296875, 0.015625, 0.0546875, 0.103515625, 0.0, 0.05859375, 0.015625, 0.00390625, 0.10546875]",0.0,"[0.0, 0.0, 0.0, 0.0, 0.0, 0.0, 0.0, 0.0]","[0.21571727561570775, 0.15705671222548467, 0.06245987463713076, 0.012877541990838903, 0.013774963967453147, 0.014232610217062014, 0.010430101425807248, 0.022801532102372235]","{""1024"": 0.05633345991373062, ""4096"": 0.03688231110572815}",0.5830379724502563,0.013599063117709975,0.728515625,388.0106291000411,104.96946959989145,282.32371359996614,294163316736,581974360064,2741065482240,2592832,1024,,,,,
MB-prior,beta3,21310,A0B0C0,0.006698498495642635,217.5415431349836,162.8049091409846,12.901789720551506,0.501220703125,"[0.149658203125, 0.19873046875, 0.072021484375, 0.034423828125, 0.058837890625, 0.0595703125, 0.164794921875, 0.15087890625, 0.006103515625, 0.015869140625, 0.00244140625, 0.0048828125, 0.081787109375]","[0.220703125, 0.2109375, 0.080078125, 0.001953125, 0.017578125, 0.025390625, 0.17578125, 0.18359375, 0.0, 0.00390625, 0.0, 0.0, 0.080078125]",0.0,"[0.0, 0.0, 0.0, 0.0, 0.0, 0.0, 0.0, 0.0]","[0.22644051699931023, 0.0915378211666753, 0.043770305181360936, 0.017017352803982977, 0.009606714503868297, 0.01131430773236497, 0.012733123040645111, 0.012465685007307048]","{""1024"": 0.04898642748594284, ""4096"": 0.029812583699822426}",0.4989357888698578,0.016652266926468193,0.6875,383.35293060001277,107.44160320005903,275.1482355000189,294163316736,581974360064,2741065482240,2592832,1024,,,,,
MB-prior,beta3,21310,A1B0C0,0.0071359732863753855,244.93947290056553,174.16470391258486,21.37960602008934,0.570556640625,"[0.26513671875, 0.088134765625, 0.156494140625, 0.03857421875, 0.102294921875, 0.022216796875, 0.083251953125, 0.0244140625, 0.02734375, 0.023193359375, 0.0166015625, 0.022705078125, 0.129638671875]","[0.21484375, 0.103515625, 0.1328125, 0.09375, 0.05859375, 0.015625, 0.17578125, 0.001953125, 0.005859375, 0.01171875, 0.0, 0.005859375, 0.1796875]",0.0,"[0.0, 0.0, 0.0, 0.0, 0.0, 0.0, 0.0, 0.0]","[0.17042727636283272, 0.16973816096643457, 0.026913205850528144, 0.027354219299493554, 0.019628866506780085, 0.022578636014860987, 0.021572930301705817, 0.020184112706281176]","{""1024"": 0.07063886523246765, ""4096"": 0.045078374445438385}",0.58914715051651,0.01140532591742232,0.64453125,380.971379399969,105.94140509965655,274.2652032000042,294163316736,581974360064,2741065482240,2592832,1024,,,,,
MB-prior,beta3,21310,A0B1C0,0.005698089802579798,182.0973234381829,144.42715950779052,7.8851151461255995,0.467529296875,"[0.260009765625, 0.081298828125, 0.03662109375, 0.015380859375, 0.00048828125, 0.124755859375, 0.207275390625, 0.1064453125, 0.00439453125, 0.006591796875, 0.00732421875, 0.000732421875, 0.148681640625]","[0.197265625, 0.080078125, 0.046875, 0.0, 0.0, 0.11328125, 0.234375, 0.09375, 0.0, 0.0, 0.0, 0.0, 0.234375]",0.0,"[0.0, 0.0, 0.0, 0.0, 0.0, 0.0, 0.0, 0.0]","[0.16847518173432352, 0.11360911417932984, 0.03285321580624512, 0.008589651458917213, 0.006219559281991582, 0.010511496859617164, 0.0060547370719983284, 0.009345878447778233]","{""1024"": 0.05858564376831055, ""4096"": 0.036410510540008545}",0.5116644501686096,0.013552577644680777,0.705078125,388.4197947999637,104.48520290003216,283.2177950999903,294163316736,581974360064,2741065482240,2592832,1024,,,,,
MB-prior,beta3,21310,A0B0C1,0.010480430409661068,322.7361689825807,248.06566547811985,16.826090309871006,0.515380859375,"[0.1337890625, 0.17578125, 0.091552734375, 0.152099609375, 0.06494140625, 0.032470703125, 0.08349609375, 0.117919921875, 0.01513671875, 0.06396484375, 0.002685546875, 0.003173828125, 0.06298828125]","[0.1328125, 0.22265625, 0.078125, 0.140625, 0.068359375, 0.001953125, 0.07421875, 0.125, 0.001953125, 0.05859375, 0.0, 0.0, 0.095703125]",0.0,"[0.0, 0.0, 0.0, 0.0, 0.0, 0.0, 0.0, 0.0]","[0.3089011378099742, 0.17560211507697865, 0.06619930891810055, 0.014297404672146019, 0.016344624954772513, 0.016136030975664184, 0.016292691771827794, 0.016570765864639014]","{""1024"": 0.06290207803249359, ""4096"": 0.038996774703264236}",0.5375770926475525,0.0038661751346798913,0.70703125,387.8832293000014,103.8989632006851,283.2662896999973,294163316736,581974360064,2741065482240,2592832,1024,,,,,
MB-prior,beta3,21311,A0B0C0,0.0046729843003538996,254.82538257682836,182.98978725915845,10.80537220543738,0.4716796875,"[0.1357421875, 0.2119140625, 0.177490234375, 0.024658203125, 0.034423828125, 0.01025390625, 0.1259765625, 0.139404296875, 0.005615234375, 0.000244140625, 0.004150390625, 0.013427734375, 0.11669921875]","[0.2109375, 0.232421875, 0.09375, 0.015625, 0.001953125, 0.0, 0.123046875, 0.15625, 0.0, 0.0, 0.0, 0.001953125, 0.1640625]",0.0,"[0.0, 0.0, 0.0, 0.0, 0.0, 0.0, 0.0, 0.0]","[0.21562469844436816, 0.14177722979617569, 0.06212941716391329, 0.02813344273406404, 0.021250556985909608, 0.007686237632192228, 0.011730271145113047, 0.009373971443631834]","{""1024"": 0.06422069668769836, ""4096"": 0.02637479081749916}",0.5888881683349609,0.0036648242854833953,0.701171875,387.6819209000096,104.2246025006898,282.73581969998486,294163316736,581974360064,2741065482240,2592832,1024,,,,,
MB-prior,beta3,21311,A1B0C0,0.009162457750275799,285.98603953797783,227.93550157308596,20.60549324742169,0.573486328125,"[0.28564453125, 0.117431640625, 0.142822265625, 0.010498046875, 0.0830078125, 0.078369140625, 0.015625, 0.044677734375, 0.014892578125, 0.0029296875, 0.037109375, 0.002197265625, 0.164794921875]","[0.265625, 0.17578125, 0.091796875, 0.017578125, 0.046875, 0.06640625, 0.021484375, 0.009765625, 0.0078125, 0.0, 0.0, 0.0, 0.296875]",0.0,"[0.0, 0.0, 0.0, 0.0, 0.0, 0.0, 0.0, 0.0]","[0.292383621312279, 0.1528029051976545, 0.02658513858720557, 0.013173398375543766, 0.013188330144766613, 0.020187985856293, 0.0175430314968823, 0.02270207250198819]","{""1024"": 0.06783218681812286, ""4096"": 0.05422687903046608}",0.6177055239677429,0.020050859520492733,0.58984375,387.0282074999559,104.40703250026854,281.90724450002017,294163316736,581974360064,2741065482240,2592832,1024,,,,,
MB-prior,beta3,21311,A0B1C0,0.009327661405873489,207.65538104084794,156.47819256545586,13.236189396721329,0.465576171875,"[0.2177734375, 0.113037109375, 0.04931640625, 0.02587890625, 0.023681640625, 0.15087890625, 0.2177734375, 0.076416015625, 0.009765625, 0.006591796875, 0.001708984375, 0.002685546875, 0.1044921875]","[0.16015625, 0.12890625, 0.04296875, 0.009765625, 0.001953125, 0.162109375, 0.265625, 0.09765625, 0.001953125, 0.001953125, 0.0, 0.0, 0.126953125]",0.0,"[0.0, 0.0, 0.0, 0.0, 0.0, 0.0, 0.0, 0.0]","[0.1659659628631096, 0.13965550699129636, 0.03531726947449121, 0.010548709915569887, 0.014430724718299981, 0.013806809717167745, 0.014401920777348032, 0.011450011638123314]","{""1024"": 0.06584209203720093, ""4096"": 0.03699447214603424}",0.5508618950843811,0.026921227151289313,0.642578125,384.41760540005635,106.60431360018265,277.07763099999283,294163316736,581974360064,2741065482240,2592832,1024,,,,,
MB-prior,beta3,21311,A0B0C1,0.01940320273315166,314.53668147055737,230.0527081301268,24.569302527702803,0.520263671875,"[0.160400390625, 0.2001953125, 0.086181640625, 0.17626953125, 0.040283203125, 0.040771484375, 0.10595703125, 0.129638671875, 0.00732421875, 0.0009765625, 0.01904296875, 0.02587890625, 0.007080078125]","[0.17578125, 0.166015625, 0.091796875, 0.240234375, 0.0390625, 0.0078125, 0.0703125, 0.189453125, 0.0, 0.0, 0.017578125, 0.001953125, 0.0]",0.0,"[0.0, 0.0, 0.0, 0.0, 0.0, 0.0, 0.0, 0.0]","[0.2789684695701635, 0.1703532259964904, 0.044579636057275884, 0.025550280239063028, 0.029050844920549324, 0.017840080214220677, 0.02400544532705018, 0.023981473672369358]","{""1024"": 0.05312877148389816, ""4096"": 0.038109757006168365}",0.9368788599967957,0.018361913807887563,0.6328125,378.46179539999866,106.92370640013542,270.7721673000051,294163316736,581974360064,2741065482240,2592832,1024,,,,,
MB-prior,beta3,21312,A0B0C0,0.010521400291883864,211.26705612097408,146.37208218579008,18.125859441624016,0.4921875,"[0.21826171875, 0.272705078125, 0.007080078125, 0.0712890625, 0.019287109375, 0.044921875, 0.08935546875, 0.114501953125, 0.025146484375, 0.01123046875, 0.006591796875, 0.00537109375, 0.1142578125]","[0.162109375, 0.23828125, 0.0, 0.072265625, 0.017578125, 0.04296875, 0.12109375, 0.173828125, 0.03125, 0.0, 0.0, 0.001953125, 0.138671875]",0.0,"[0.0, 0.0, 0.0, 0.0, 0.0, 0.0, 0.0, 0.0]","[0.17579368855013877, 0.11008928446898247, 0.045360965657359476, 0.018261175709191946, 0.013054985727968038, 0.014668799650714881, 0.014120886086737006, 0.0212811831351849]","{""1024"": 0.05655467510223389, ""4096"": 0.0359719842672348}",0.5972277522087097,0.004097988743529283,0.693359375,387.3974217999639,105.856652700415,280.8099807000108,294163316736,581974360064,2741065482240,2592832,1024,,,,,
MB-prior,beta3,21312,A1B0C0,0.01460398558017495,254.93391200286192,177.33996518660615,23.879497329179912,0.5654296875,"[0.151611328125, 0.1455078125, 0.163818359375, 0.07568359375, 0.02197265625, 0.0966796875, 0.163818359375, 0.037841796875, 0.044921875, 0.00537109375, 0.01220703125, 0.012451171875, 0.068115234375]","[0.125, 0.13671875, 0.212890625, 0.03125, 0.0234375, 0.052734375, 0.240234375, 0.056640625, 0.01171875, 0.00390625, 0.0, 0.0, 0.10546875]",0.0,"[0.0, 0.0, 0.0, 0.0, 0.0, 0.0, 0.0, 0.0]","[0.19100659315175195, 0.1553605263533382, 0.03370186844719969, 0.02269748582571962, 0.025122181978127323, 0.023389497903398393, 0.024856826436332913, 0.021782816784721604]","{""1024"": 0.06021174043416977, ""4096"": 0.045943327248096466}",0.6896706223487854,0.021153086256848603,0.53515625,389.3315331000049,106.1404314997344,282.4783543999947,294163316736,581974360064,2741065482240,2592832,1024,,,,,
MB-prior,beta3,21312,A0B1C0,0.008273323801856858,224.9709571263238,163.51965717597432,16.78684346097407,0.47412109375,"[0.182373046875, 0.083984375, 0.050537109375, 0.03369140625, 0.01708984375, 0.107666015625, 0.233642578125, 0.094970703125, 0.00732421875, 0.01416015625, 0.019775390625, 0.0107421875, 0.14404296875]","[0.1640625, 0.076171875, 0.025390625, 0.0703125, 0.03125, 0.056640625, 0.271484375, 0.166015625, 0.001953125, 0.0, 0.0, 0.005859375, 0.130859375]",0.0,"[0.0, 0.0, 0.0, 0.0, 0.0, 0.0, 0.0, 0.0]","[0.22283512181775622, 0.09653920860406862, 0.03562816515926048, 0.022381474941379764, 0.016409283415726783, 0.012816343064444347, 0.01846607862908467, 0.014320725005630308]","{""1024"": 0.04556884616613388, ""4096"": 0.035416629165410995}",0.4959511458873749,0.01912548684496195,0.6484375,388.4036879000196,105.41252049891045,282.2734982999973,294163316736,581974360064,2741065482240,2592832,1024,,,,,
MB-prior,beta3,21312,A0B0C1,0.015240886094610051,290.12339012265625,214.18301413024687,19.118405223802938,0.532958984375,"[0.1357421875, 0.20458984375, 0.11474609375, 0.10302734375, 0.081787109375, 0.03173828125, 0.03076171875, 0.1611328125, 0.003662109375, 0.057373046875, 0.043701171875, 0.001220703125, 0.030517578125]","[0.16015625, 0.27734375, 0.095703125, 0.111328125, 0.05078125, 0.021484375, 0.041015625, 0.140625, 0.0, 0.072265625, 0.013671875, 0.0, 0.015625]",0.0,"[0.0, 0.0, 0.0, 0.0, 0.0, 0.0, 0.0, 0.0]","[0.29881983975590476, 0.11950635971723367, 0.045431270216752306, 0.02318755928794891, 0.022084028586665916, 0.020277553566067308, 0.01995861256783016, 0.017382022634909955]","{""1024"": 0.060656532645225525, ""4096"": 0.031977564096450806}",0.5579255819320679,0.009171677936829669,0.66796875,387.06713599999784,105.9396422002028,280.39478129998315,294163316736,581974360064,2741065482240,2592832,1024,,,,,
MB-count,c0.05,21301,A1B1C1,0.012857626539733769,331.69926793869604,249.09428602485627,30.07121463800513,0.730712890625,"[0.118896484375, 0.061767578125, 0.068359375, 0.097412109375, 0.093017578125, 0.1123046875, 0.1474609375, 0.043701171875, 0.050537109375, 0.068603515625, 0.0146484375, 0.009521484375, 0.11376953125]","[0.111328125, 0.072265625, 0.0546875, 0.099609375, 0.0703125, 0.142578125, 0.169921875, 0.009765625, 0.041015625, 0.0703125, 0.0, 0.0, 0.158203125]",0.1796875,"[0.189453125, 0.0234375, 0.095703125, 0.146484375, 0.228515625, 0.208984375, 0.259765625, 0.28515625]","[0.2890836957955334, 0.19742858159676402, 0.03070294023695741, 0.019631996054209733, 0.02581974263996356, 0.026450335279483816, 0.025633955493185923, 0.03309888559666785]","{""1024"": 0.07838428765535355, ""4096"": 0.06895098090171814}",0.7538484930992126,0.05401647375049734,0.69140625,222.5833874000091,75.68692830001237,146.16829219998908,220679110656,290987180032,1370532741120,2592832,1024,"{""6"": 0.1474609375, ""9"": 0.068603515625, ""12"": 0.11376953125}","{""6"": 0.103515625, ""9"": 0.0380859375, ""12"": 0.05078125}",True,True,True
MB-count,c0.05,21302,A1B1C1,0.008645095087647547,282.78335041277,210.17048566020776,19.55581374135545,0.73095703125,"[0.16748046875, 0.05908203125, 0.06103515625, 0.088623046875, 0.07568359375, 0.08447265625, 0.1650390625, 0.029296875, 0.037109375, 0.081298828125, 0.01123046875, 0.0107421875, 0.12890625]","[0.240234375, 0.001953125, 0.017578125, 0.08203125, 0.068359375, 0.119140625, 0.212890625, 0.017578125, 0.005859375, 0.119140625, 0.005859375, 0.0, 0.109375]",0.15234375,"[0.173828125, 0.046875, 0.109375, 0.138671875, 0.197265625, 0.185546875, 0.18359375, 0.18359375]","[0.27556459673272515, 0.13492463307236813, 0.04540094546086193, 0.025121521385296663, 0.016134955290489028, 0.01696963061961565, 0.017905311030142812, 0.020289637683442052]","{""1024"": 0.09228407591581345, ""4096"": 0.05573488771915436}",0.7049239277839661,0.033352003573725586,0.72265625,224.1664168000134,75.80164900039381,147.6445410999877,220679110656,290987180032,1370532741120,2592832,1024,"{""6"": 0.1650390625, ""9"": 0.081298828125, ""12"": 0.12890625}","{""6"": 0.103515625, ""9"": 0.0380859375, ""12"": 0.05078125}",True,True,True
MB-count,c0.05,21303,A1B1C1,0.008115293147676006,354.28383450732736,277.6397939804672,17.52428334256024,0.720458984375,"[0.117919921875, 0.073974609375, 0.06298828125, 0.088134765625, 0.081298828125, 0.091064453125, 0.15673828125, 0.048583984375, 0.05029296875, 0.079833984375, 0.021484375, 0.0234375, 0.104248046875]","[0.142578125, 0.078125, 0.056640625, 0.080078125, 0.091796875, 0.099609375, 0.166015625, 0.021484375, 0.02734375, 0.11328125, 0.0, 0.001953125, 0.12109375]",0.15234375,"[0.1484375, 0.01953125, 0.044921875, 0.123046875, 0.19140625, 0.24609375, 0.205078125, 0.240234375]","[0.3489829526007684, 0.19328227001733156, 0.04925052811416819, 0.022671555900570795, 0.02140961539301811, 0.02213657634282873, 0.015020496684031048, 0.019206619219406917]","{""1024"": 0.06880125403404236, ""4096"": 0.05420009419322014}",0.6724247932434082,0.03290550780822832,0.712890625,224.98066239999025,74.97257120041468,149.29126569998334,220679110656,290987180032,1370532741120,2592832,1024,"{""6"": 0.15673828125, ""9"": 0.079833984375, ""12"": 0.104248046875}","{""6"": 0.103515625, ""9"": 0.0380859375, ""12"": 0.05078125}",True,True,True
MB-count,c0.05,21304,A1B1C1,0.011452188737538282,328.2135027933564,247.4629697462019,30.947455082810166,0.732666015625,"[0.125732421875, 0.051025390625, 0.051513671875, 0.0908203125, 0.083251953125, 0.0986328125, 0.1669921875, 0.04345703125, 0.043212890625, 0.08251953125, 0.019775390625, 0.0224609375, 0.12060546875]","[0.099609375, 0.025390625, 0.02734375, 0.16015625, 0.04296875, 0.1484375, 0.224609375, 0.03125, 0.037109375, 0.09375, 0.001953125, 0.0, 0.107421875]",0.172119140625,"[0.203125, 0.025390625, 0.07421875, 0.15625, 0.228515625, 0.201171875, 0.224609375, 0.263671875]","[0.3013854549179902, 0.18194065786756042, 0.02713744148761732, 0.020587487842101737, 0.02289554376392422, 0.026651163555466706, 0.027824633552642197, 0.03261961465597141]","{""1024"": 0.062523752450943, ""4096"": 0.05929729714989662}",0.7096958756446838,0.04590961506346414,0.685546875,224.52800739997474,74.9130343003344,148.8973832999909,220679110656,290987180032,1370532741120,2592832,1024,"{""6"": 0.1669921875, ""9"": 0.08251953125, ""12"": 0.12060546875}","{""6"": 0.103515625, ""9"": 0.0380859375, ""12"": 0.05078125}",True,True,True
MB-count,c0.05,21305,A1B1C1,0.010340823883999484,343.63607211624367,240.60587741199356,24.329573211464094,0.72412109375,"[0.15625, 0.06982421875, 0.059326171875, 0.0654296875, 0.06494140625, 0.08447265625, 0.171630859375, 0.04833984375, 0.050537109375, 0.066162109375, 0.017333984375, 0.015625, 0.130126953125]","[0.22265625, 0.0390625, 0.04296875, 0.037109375, 0.076171875, 0.07421875, 0.2109375, 0.0078125, 0.02734375, 0.119140625, 0.0, 0.0, 0.142578125]",0.197265625,"[0.216796875, 0.03515625, 0.1484375, 0.154296875, 0.224609375, 0.248046875, 0.27734375, 0.2734375]","[0.3108256125641988, 0.1591077417561011, 0.05025809798109693, 0.032849965430066685, 0.026772162496528473, 0.043831925445405595, 0.02709122756282989, 0.02042747011581092]","{""1024"": 0.0730237364768982, ""4096"": 0.05412933602929115}",0.6817187070846558,0.05143009404612853,0.728515625,224.80256779998308,74.94303010043222,149.16048689997115,220679110656,290987180032,1370532741120,2592832,1024,"{""6"": 0.171630859375, ""9"": 0.066162109375, ""12"": 0.130126953125}","{""6"": 0.103515625, ""9"": 0.0380859375, ""12"": 0.05078125}",True,True,True
MB-count,c0.05,21306,A1B1C1,0.01841150356808896,382.3737546213031,288.82769019998796,19.957293975979155,0.709228515625,"[0.09326171875, 0.052001953125, 0.05517578125, 0.1162109375, 0.07861328125, 0.121337890625, 0.171142578125, 0.0556640625, 0.044189453125, 0.059326171875, 0.0126953125, 0.0146484375, 0.125732421875]","[0.11328125, 0.01171875, 0.03125, 0.16796875, 0.078125, 0.119140625, 0.212890625, 0.060546875, 0.0, 0.064453125, 0.0, 0.0, 0.140625]",0.1943359375,"[0.201171875, 0.01953125, 0.1484375, 0.185546875, 0.1953125, 0.25, 0.26171875, 0.29296875]","[0.3532623742856251, 0.21085420813622635, 0.047020142686232, 0.036698266908930854, 0.03126178008821601, 0.028747877592667948, 0.019355845713717734, 0.019623244083116553]","{""1024"": 0.07438921183347702, ""4096"": 0.05543220043182373}",0.7420922517776489,0.0426676979175622,0.697265625,226.49545320002653,74.38443799992092,151.39641020003182,220679110656,290987180032,1370532741120,2592832,1024,"{""6"": 0.171142578125, ""9"": 0.059326171875, ""12"": 0.125732421875}","{""6"": 0.103515625, ""9"": 0.0380859375, ""12"": 0.05078125}",True,True,True
MB-count,c0.05,21307,A1B1C1,0.011276813990691359,361.81489638513995,245.51213789819963,28.371673729315717,0.7216796875,"[0.15478515625, 0.0595703125, 0.044677734375, 0.07861328125, 0.06884765625, 0.0986328125, 0.177978515625, 0.04736328125, 0.03515625, 0.060546875, 0.017578125, 0.01513671875, 0.14111328125]","[0.2109375, 0.046875, 0.0078125, 0.123046875, 0.0703125, 0.12109375, 0.193359375, 0.001953125, 0.009765625, 0.07421875, 0.001953125, 0.0, 0.138671875]",0.1630859375,"[0.154296875, 0.029296875, 0.056640625, 0.16796875, 0.208984375, 0.224609375, 0.2265625, 0.236328125]","[0.3199882518984869, 0.15952764243393425, 0.057197791467583414, 0.035200667970744615, 0.03934835178377716, 0.039993588695130367, 0.02725331249139451, 0.02816011276117525]","{""1024"": 0.07704353332519531, ""4096"": 0.058737948536872864}",0.6448531746864319,0.03538064525366513,0.75390625,219.55375360001926,74.90706889987632,143.92077179999615,220679110656,290987180032,1370532741120,2592832,1024,"{""6"": 0.177978515625, ""9"": 0.060546875, ""12"": 0.14111328125}","{""6"": 0.103515625, ""9"": 0.0380859375, ""12"": 0.05078125}",True,True,True
MB-count,c0.05,21308,A1B1C1,0.009592609015308895,319.55749125549323,238.57401590160316,22.314381652735847,0.7265625,"[0.132080078125, 0.059814453125, 0.05126953125, 0.08544921875, 0.0771484375, 0.072021484375, 0.174560546875, 0.045166015625, 0.0556640625, 0.0849609375, 0.020263671875, 0.026611328125, 0.114990234375]","[0.162109375, 0.068359375, 0.0, 0.111328125, 0.08203125, 0.09375, 0.1953125, 0.013671875, 0.04296875, 0.09765625, 0.0, 0.005859375, 0.126953125]",0.19384765625,"[0.20703125, 0.015625, 0.099609375, 0.197265625, 0.21484375, 0.2578125, 0.2890625, 0.26953125]","[0.28275012276471667, 0.183214752043102, 0.04113818854978035, 0.02538084889529646, 0.021589935301378205, 0.02647910088861183, 0.02116473282947684, 0.02241804383602286]","{""1024"": 0.07978358864784241, ""4096"": 0.05429789796471596}",0.7319976091384888,0.053593613123402495,0.73046875,223.28175510001893,74.50127649981005,148.06562950000807,220679110656,290987180032,1370532741120,2592832,1024,"{""6"": 0.174560546875, ""9"": 0.0849609375, ""12"": 0.114990234375}","{""6"": 0.103515625, ""9"": 0.0380859375, ""12"": 0.05078125}",True,True,True
MB-count,c0.05,21309,A1B1C1,0.00995238248085073,373.0245422870091,286.13672800162635,27.373418099317405,0.711181640625,"[0.1171875, 0.075439453125, 0.057861328125, 0.095947265625, 0.0712890625, 0.093505859375, 0.155029296875, 0.046875, 0.052001953125, 0.08740234375, 0.021240234375, 0.029296875, 0.096923828125]","[0.1484375, 0.078125, 0.021484375, 0.138671875, 0.076171875, 0.11328125, 0.212890625, 0.001953125, 0.029296875, 0.091796875, 0.005859375, 0.0, 0.08203125]",0.179443359375,"[0.1875, 0.0234375, 0.083984375, 0.197265625, 0.201171875, 0.251953125, 0.21484375, 0.275390625]","[0.3679576089222043, 0.19090318795597216, 0.0395697765669647, 0.026635731373762628, 0.025360991358913676, 0.02467255575126792, 0.025763107053631273, 0.027700600171598033]","{""1024"": 0.06985081732273102, ""4096"": 0.0588994063436985}",0.6288018226623535,0.04235443161568542,0.71484375,226.51697669996065,75.05417819935246,150.74439000000712,220679110656,290987180032,1370532741120,2592832,1024,"{""6"": 0.155029296875, ""9"": 0.08740234375, ""12"": 0.096923828125}","{""6"": 0.103515625, ""9"": 0.0380859375, ""12"": 0.05078125}",True,True,True
MB-count,c0.05,21310,A1B1C1,0.01342243151899769,291.58571300023505,216.3388273014741,20.84661664130772,0.737060546875,"[0.1630859375, 0.052490234375, 0.0439453125, 0.065673828125, 0.084228515625, 0.072509765625, 0.163818359375, 0.053955078125, 0.045654296875, 0.0888671875, 0.0078125, 0.010986328125, 0.14697265625]","[0.216796875, 0.0, 0.0234375, 0.083984375, 0.0546875, 0.099609375, 0.203125, 0.056640625, 0.00390625, 0.103515625, 0.0, 0.0, 0.154296875]",0.177490234375,"[0.201171875, 0.05078125, 0.091796875, 0.158203125, 0.21875, 0.2109375, 0.251953125, 0.236328125]","[0.292909308440922, 0.12962746363226962, 0.030432540521631246, 0.027497823577145475, 0.02813163639680738, 0.02018852500725421, 0.02154246713880248, 0.01917358098875166]","{""1024"": 0.07372165471315384, ""4096"": 0.053815558552742004}",0.7423937916755676,0.051466293009985176,0.69921875,226.57689479997498,75.31399270011752,150.542640700005,220679110656,290987180032,1370532741120,2592832,1024,"{""6"": 0.163818359375, ""9"": 0.0888671875, ""12"": 0.14697265625}","{""6"": 0.103515625, ""9"": 0.0380859375, ""12"": 0.05078125}",True,True,True
MB-count,c0.05,21311,A1B1C1,0.007913948972228635,301.02863846307605,215.67245173214997,31.32532662798326,0.7314453125,"[0.09912109375, 0.07177734375, 0.06640625, 0.07177734375, 0.0966796875, 0.07080078125, 0.1884765625, 0.054443359375, 0.0556640625, 0.08984375, 0.019287109375, 0.014892578125, 0.100830078125]","[0.1171875, 0.072265625, 0.033203125, 0.0625, 0.115234375, 0.068359375, 0.24609375, 0.015625, 0.05859375, 0.115234375, 0.0, 0.0, 0.095703125]",0.1953125,"[0.197265625, 0.029296875, 0.123046875, 0.18359375, 0.244140625, 0.26171875, 0.275390625, 0.248046875]","[0.299867473378157, 0.1213677839111984, 0.03395947704862756, 0.023816962629882532, 0.024813322146260752, 0.022939261813789358, 0.031708716246980906, 0.029473562323298896]","{""1024"": 0.08350372314453125, ""4096"": 0.062472082674503326}",0.7002615332603455,0.043623538392632,0.705078125,226.07739590002166,75.72093800055154,149.64474369998788,220679110656,290987180032,1370532741120,2592832,1024,"{""6"": 0.1884765625, ""9"": 0.08984375, ""12"": 0.100830078125}","{""6"": 0.103515625, ""9"": 0.0380859375, ""12"": 0.05078125}",True,True,True
MB-count,c0.05,21312,A1B1C1,0.006023488229240037,333.4751760460315,233.81544988591327,29.72601432083502,0.731689453125,"[0.125244140625, 0.055419921875, 0.0634765625, 0.07568359375, 0.088623046875, 0.074951171875, 0.1650390625, 0.04736328125, 0.06298828125, 0.083251953125, 0.013671875, 0.023193359375, 0.12109375]","[0.16015625, 0.01953125, 0.0703125, 0.064453125, 0.078125, 0.08203125, 0.287109375, 0.00390625, 0.029296875, 0.091796875, 0.0, 0.001953125, 0.111328125]",0.184814453125,"[0.220703125, 0.01953125, 0.0546875, 0.17578125, 0.251953125, 0.232421875, 0.26171875, 0.26171875]","[0.34229655643449775, 0.1143742441239266, 0.04267151772649003, 0.031117477726460674, 0.02880738563184604, 0.03399289985130327, 0.03000731974708959, 0.02805130197329131]","{""1024"": 0.06792057305574417, ""4096"": 0.061050061136484146}",0.6443414092063904,0.044094254771186225,0.740234375,225.32201840003836,74.60382930024934,150.00598929998523,220679110656,290987180032,1370532741120,2592832,1024,"{""6"": 0.1650390625, ""9"": 0.083251953125, ""12"": 0.12109375}","{""6"": 0.103515625, ""9"": 0.0380859375, ""12"": 0.05078125}",True,True,True
MB-count,c0.05,21313,A1B1C1,0.012058028540050003,379.57188428781546,268.3794813766465,33.80158676826818,0.718994140625,"[0.11767578125, 0.08203125, 0.07958984375, 0.091796875, 0.081787109375, 0.08544921875, 0.139404296875, 0.0478515625, 0.046630859375, 0.073974609375, 0.023193359375, 0.023681640625, 0.10693359375]","[0.181640625, 0.083984375, 0.0625, 0.1015625, 0.083984375, 0.072265625, 0.2109375, 0.0, 0.0078125, 0.087890625, 0.001953125, 0.001953125, 0.103515625]",0.173583984375,"[0.22265625, 0.025390625, 0.064453125, 0.125, 0.23046875, 0.236328125, 0.24609375, 0.23828125]","[0.3364545239213008, 0.18772415064246184, 0.044253370625336075, 0.03659001837671205, 0.03724449088822368, 0.033066057888831324, 0.03193500273140648, 0.03408372142536731]","{""1024"": 0.08855578303337097, ""4096"": 0.06105715408921242}",0.732438862323761,0.05223882634475574,0.71875,221.46030089998385,75.00425889945473,145.73042579997855,220679110656,290987180032,1370532741120,2592832,1024,"{""6"": 0.139404296875, ""9"": 0.073974609375, ""12"": 0.10693359375}","{""6"": 0.103515625, ""9"": 0.0380859375, ""12"": 0.05078125}",True,True,True
MB-count,c0.05,21314,A1B1C1,0.009416597966204865,337.5498609576682,259.4372037059736,22.493135455024003,0.720703125,"[0.16845703125, 0.060546875, 0.05322265625, 0.087158203125, 0.080078125, 0.095947265625, 0.1435546875, 0.036376953125, 0.047119140625, 0.0654296875, 0.010498046875, 0.02490234375, 0.126708984375]","[0.240234375, 0.013671875, 0.01953125, 0.080078125, 0.08984375, 0.103515625, 0.263671875, 0.0078125, 0.0, 0.076171875, 0.0, 0.0, 0.10546875]",0.186767578125,"[0.171875, 0.0390625, 0.10546875, 0.205078125, 0.21484375, 0.267578125, 0.25390625, 0.236328125]","[0.3312977206116843, 0.17541556787654544, 0.038852913001586664, 0.03245946222674023, 0.016356148870998677, 0.020963354409796686, 0.018805295178196513, 0.025126610007397243]","{""1024"": 0.06279703974723816, ""4096"": 0.05453309789299965}",0.6698266863822937,0.039229207540096844,0.76171875,223.18748000002233,74.01756779987772,148.45846780002466,220679110656,290987180032,1370532741120,2592832,1024,"{""6"": 0.1435546875, ""9"": 0.0654296875, ""12"": 0.126708984375}","{""6"": 0.103515625, ""9"": 0.0380859375, ""12"": 0.05078125}",True,True,True
MB-count,c0.05,21315,A1B1C1,0.010819600075311797,301.2971157658535,215.71908727430127,23.541572955045467,0.72509765625,"[0.121337890625, 0.07470703125, 0.06640625, 0.10400390625, 0.064453125, 0.072998046875, 0.165771484375, 0.0390625, 0.05126953125, 0.07861328125, 0.018310546875, 0.01708984375, 0.1259765625]","[0.171875, 0.060546875, 0.064453125, 0.1015625, 0.041015625, 0.09375, 0.19921875, 0.009765625, 0.025390625, 0.095703125, 0.00390625, 0.0, 0.1328125]",0.17822265625,"[0.201171875, 0.03125, 0.091796875, 0.134765625, 0.1875, 0.248046875, 0.26171875, 0.26953125]","[0.2864651162558083, 0.1348612260768114, 0.040702603040402074, 0.03187994809898731, 0.024690030927155604, 0.023892370153194786, 0.02126929729315563, 0.024710337384667547]","{""1024"": 0.07333260029554367, ""4096"": 0.0547165609896183}",0.6901547908782959,0.05223278200153958,0.708984375,224.93409579998115,74.61738659974071,149.60786580000422,220679110656,290987180032,1370532741120,2592832,1024,"{""6"": 0.165771484375, ""9"": 0.07861328125, ""12"": 0.1259765625}","{""6"": 0.103515625, ""9"": 0.0380859375, ""12"": 0.05078125}",True,True,True
MB-count,c0.05,21316,A1B1C1,0.009720842534385099,346.18262994897395,281.68988611787677,21.850135768529753,0.7255859375,"[0.11328125, 0.0751953125, 0.065185546875, 0.079345703125, 0.09228515625, 0.098388671875, 0.1494140625, 0.050048828125, 0.02978515625, 0.089111328125, 0.0205078125, 0.01611328125, 0.121337890625]","[0.162109375, 0.046875, 0.060546875, 0.076171875, 0.08203125, 0.091796875, 0.16796875, 0.017578125, 0.021484375, 0.126953125, 0.0, 0.0, 0.146484375]",0.158447265625,"[0.171875, 0.017578125, 0.0625, 0.123046875, 0.201171875, 0.236328125, 0.244140625, 0.2109375]","[0.35908935718119706, 0.191086201642781, 0.03245080183920246, 0.018352241626143684, 0.018394995862959007, 0.014088304543896868, 0.01906990000083386, 0.023606146422075813]","{""1024"": 0.06884130835533142, ""4096"": 0.04794812202453613}",0.6591446995735168,0.049772848834142014,0.6953125,224.30289230000926,73.94837779992667,149.6415337999788,220679110656,290987180032,1370532741120,2592832,1024,"{""6"": 0.1494140625, ""9"": 0.089111328125, ""12"": 0.121337890625}","{""6"": 0.103515625, ""9"": 0.0380859375, ""12"": 0.05078125}",True,True,True
MB-count,c0.05,21317,A1B1C1,0.006970711705212462,327.53741054003626,247.92956191319604,18.146267030867875,0.725830078125,"[0.089111328125, 0.077392578125, 0.07421875, 0.07177734375, 0.09521484375, 0.087890625, 0.16357421875, 0.049072265625, 0.052734375, 0.093994140625, 0.01220703125, 0.0126953125, 0.1201171875]","[0.119140625, 0.06640625, 0.080078125, 0.052734375, 0.09765625, 0.099609375, 0.22265625, 0.01953125, 0.001953125, 0.12109375, 0.0, 0.0, 0.119140625]",0.150146484375,"[0.16015625, 0.025390625, 0.0703125, 0.138671875, 0.19921875, 0.1875, 0.201171875, 0.21875]","[0.3611237718560134, 0.1231136537556976, 0.04024910618467237, 0.028396204824153504, 0.029389010120395298, 0.022007830425412322, 0.018231838198847328, 0.01721008959581649]","{""1024"": 0.07088732719421387, ""4096"": 0.04893553629517555}",0.6711960434913635,0.040948336110716355,0.71484375,225.43330840002454,74.67812580055033,150.04620379999687,220679110656,290987180032,1370532741120,2592832,1024,"{""6"": 0.16357421875, ""9"": 0.093994140625, ""12"": 0.1201171875}","{""6"": 0.103515625, ""9"": 0.0380859375, ""12"": 0.05078125}",True,True,True
MB-count,c0.05,21318,A1B1C1,0.007013999509248858,359.1614032754587,278.8089916674087,22.000952734021894,0.71240234375,"[0.1435546875, 0.07080078125, 0.057373046875, 0.06787109375, 0.086669921875, 0.082275390625, 0.14453125, 0.0458984375, 0.043212890625, 0.096923828125, 0.019775390625, 0.0224609375, 0.11865234375]","[0.205078125, 0.033203125, 0.0234375, 0.05859375, 0.0859375, 0.119140625, 0.201171875, 0.025390625, 0.021484375, 0.12890625, 0.0, 0.0, 0.09765625]",0.152587890625,"[0.197265625, 0.025390625, 0.07421875, 0.16015625, 0.181640625, 0.166015625, 0.19140625, 0.224609375]","[0.35299202020375064, 0.19155679164665695, 0.03986915705633365, 0.02708825975665885, 0.023034185965489673, 0.02397609033485404, 0.016642546870209163, 0.02632806393842735]","{""1024"": 0.0664634183049202, ""4096"": 0.04965803399682045}",0.7030243873596191,0.03261997613296863,0.751953125,225.44327869999688,74.70164199959254,150.02855799999088,220679110656,290987180032,1370532741120,2592832,1024,"{""6"": 0.14453125, ""9"": 0.096923828125, ""12"": 0.11865234375}","{""6"": 0.103515625, ""9"": 0.0380859375, ""12"": 0.05078125}",True,True,True
MB-count,c0.05,21319,A1B1C1,0.0066636796010799415,330.41453249996675,241.62248292762933,22.338004886091085,0.72216796875,"[0.1318359375, 0.062255859375, 0.078369140625, 0.108154296875, 0.078125, 0.0732421875, 0.148193359375, 0.062744140625, 0.041748046875, 0.075927734375, 0.015869140625, 0.013671875, 0.10986328125]","[0.189453125, 0.001953125, 0.04296875, 0.130859375, 0.080078125, 0.1015625, 0.181640625, 0.04296875, 0.01953125, 0.091796875, 0.0, 0.0, 0.1171875]",0.198486328125,"[0.208984375, 0.0234375, 0.115234375, 0.173828125, 0.2578125, 0.283203125, 0.244140625, 0.28125]","[0.32519360404032716, 0.1467253079276989, 0.05275231817672843, 0.026553145939687273, 0.029045538766003354, 0.021442053145405815, 0.02476184480224708, 0.01886707099089957]","{""1024"": 0.06715593487024307, ""4096"": 0.057655684649944305}",0.7261642813682556,0.04653999809821263,0.771484375,221.0297231000004,75.17928019975079,145.14287859998876,220679110656,290987180032,1370532741120,2592832,1024,"{""6"": 0.148193359375, ""9"": 0.075927734375, ""12"": 0.10986328125}","{""6"": 0.103515625, ""9"": 0.0380859375, ""12"": 0.05078125}",True,True,True
MB-count,c0.05,21320,A1B1C1,0.007983383771556163,284.0373064913151,201.5170249463024,21.281135345973553,0.729248046875,"[0.127685546875, 0.05859375, 0.046875, 0.10009765625, 0.064697265625, 0.072021484375, 0.214111328125, 0.046630859375, 0.04638671875, 0.064453125, 0.01953125, 0.01611328125, 0.122802734375]","[0.1953125, 0.015625, 0.013671875, 0.12109375, 0.08203125, 0.083984375, 0.228515625, 0.044921875, 0.009765625, 0.08984375, 0.0, 0.0, 0.115234375]",0.187255859375,"[0.173828125, 0.037109375, 0.12109375, 0.158203125, 0.212890625, 0.279296875, 0.248046875, 0.267578125]","[0.28422520170705967, 0.1093627376411872, 0.03436145281704661, 0.031038317030338547, 0.03083075461948681, 0.023377182953126407, 0.01916649998342157, 0.022398217489183025]","{""1024"": 0.0706411749124527, ""4096"": 0.05937990918755531}",0.6917349696159363,0.03548226461268955,0.720703125,222.2363561999955,74.43135590011661,147.09488099999726,220679110656,290987180032,1370532741120,2592832,1024,"{""6"": 0.214111328125, ""9"": 0.064453125, ""12"": 0.122802734375}","{""6"": 0.103515625, ""9"": 0.0380859375, ""12"": 0.05078125}",True,True,True
MB-count,c0.05,21321,A1B1C1,0.008858499136884301,310.6357410940416,219.50877952074802,26.061992381492246,0.728759765625,"[0.13232421875, 0.052978515625, 0.06005859375, 0.08642578125, 0.081298828125, 0.07568359375, 0.170166015625, 0.06103515625, 0.06005859375, 0.06884765625, 0.014892578125, 0.009765625, 0.12646484375]","[0.162109375, 0.0625, 0.029296875, 0.078125, 0.095703125, 0.08984375, 0.185546875, 0.017578125, 0.046875, 0.107421875, 0.00390625, 0.0, 0.12109375]",0.177490234375,"[0.255859375, 0.037109375, 0.09375, 0.1484375, 0.203125, 0.22265625, 0.251953125, 0.20703125]","[0.3055129302164139, 0.12321515478504708, 0.04240391893733131, 0.036219362658764354, 0.018752320281935297, 0.029704416074705975, 0.029285259826870025, 0.021617069043232018]","{""1024"": 0.07527980953454971, ""4096"": 0.05240693315863609}",0.6997559070587158,0.04050754293074377,0.734375,224.14403809998475,74.62758709960326,148.8113566999964,220679110656,290987180032,1370532741120,2592832,1024,"{""6"": 0.170166015625, ""9"": 0.06884765625, ""12"": 0.12646484375}","{""6"": 0.103515625, ""9"": 0.0380859375, ""12"": 0.05078125}",True,True,True
MB-count,c0.05,21322,A1B1C1,0.00947326145086036,324.7297865705207,248.44485667980462,19.945032888407013,0.724853515625,"[0.14501953125, 0.05419921875, 0.053466796875, 0.070556640625, 0.106689453125, 0.080810546875, 0.162841796875, 0.0419921875, 0.04541015625, 0.0771484375, 0.021240234375, 0.0166015625, 0.1240234375]","[0.228515625, 0.03125, 0.02734375, 0.044921875, 0.068359375, 0.12109375, 0.201171875, 0.01171875, 0.0234375, 0.095703125, 0.001953125, 0.0, 0.14453125]",0.17919921875,"[0.189453125, 0.05078125, 0.115234375, 0.15234375, 0.259765625, 0.22265625, 0.205078125, 0.23828125]","[0.34195183102761595, 0.14329202967512744, 0.033517290923369636, 0.027272931319454408, 0.028299309544404405, 0.020949329545406403, 0.02207111268496842, 0.01688402967520153]","{""1024"": 0.07465961575508118, ""4096"": 0.05711684376001358}",0.6874388456344604,0.05527915205961875,0.73046875,223.5766354999796,74.54613819962833,148.3155967000057,220679110656,290987180032,1370532741120,2592832,1024,"{""6"": 0.162841796875, ""9"": 0.0771484375, ""12"": 0.1240234375}","{""6"": 0.103515625, ""9"": 0.0380859375, ""12"": 0.05078125}",True,True,True
MB-count,c0.05,21323,A1B1C1,0.006299598670002293,367.5111929747636,277.8983394795398,33.398585973555555,0.70703125,"[0.135498046875, 0.06005859375, 0.064208984375, 0.080078125, 0.085205078125, 0.0693359375, 0.153564453125, 0.05712890625, 0.049072265625, 0.081298828125, 0.01953125, 0.0302734375, 0.11474609375]","[0.16796875, 0.03125, 0.03125, 0.125, 0.1015625, 0.080078125, 0.201171875, 0.033203125, 0.017578125, 0.103515625, 0.0, 0.0, 0.107421875]",0.201416015625,"[0.197265625, 0.0390625, 0.154296875, 0.177734375, 0.23828125, 0.248046875, 0.279296875, 0.27734375]","[0.35702696926135324, 0.18574322503462293, 0.03825772030094221, 0.022302767191693995, 0.02215588376578559, 0.02707711999483653, 0.026413279839186288, 0.038818333390414406]","{""1024"": 0.07387533783912659, ""4096"": 0.05841446295380592}",0.6547572612762451,0.043259700087974196,0.771484375,226.0934873999795,75.34088849942782,150.05415900000662,220679110656,290987180032,1370532741120,2592832,1024,"{""6"": 0.153564453125, ""9"": 0.081298828125, ""12"": 0.11474609375}","{""6"": 0.103515625, ""9"": 0.0380859375, ""12"": 0.05078125}",True,True,True
MB-count,c0.05,21324,A1B1C1,0.006642868297693116,296.6404113922383,220.09812894106562,20.61069632151998,0.728271484375,"[0.157470703125, 0.05126953125, 0.054931640625, 0.0810546875, 0.093505859375, 0.076904296875, 0.1572265625, 0.05322265625, 0.0390625, 0.09716796875, 0.01708984375, 0.015869140625, 0.105224609375]","[0.2109375, 0.001953125, 0.005859375, 0.119140625, 0.1015625, 0.083984375, 0.22265625, 0.03125, 0.02734375, 0.091796875, 0.00390625, 0.0, 0.099609375]",0.171630859375,"[0.177734375, 0.03515625, 0.107421875, 0.15234375, 0.20703125, 0.21875, 0.232421875, 0.2421875]","[0.32083545213531917, 0.10904370595269963, 0.04277667368350935, 0.026678550728565398, 0.022144729434434574, 0.01764142531296864, 0.019351725936659125, 0.020903540316309588]","{""1024"": 0.07690158486366272, ""4096"": 0.053806085139513016}",0.6700466275215149,0.04266412270880071,0.751953125,224.72469019997516,75.21354139971663,148.80225069998414,220679110656,290987180032,1370532741120,2592832,1024,"{""6"": 0.1572265625, ""9"": 0.09716796875, ""12"": 0.105224609375}","{""6"": 0.103515625, ""9"": 0.0380859375, ""12"": 0.05078125}",True,True,True
MB-count,c0.05,21301,A0B0C0,0.006514008690317485,225.98442105914182,165.09564618886566,14.43443329366255,0.4814453125,"[0.1201171875, 0.179443359375, 0.112060546875, 0.05419921875, 0.06005859375, 0.046142578125, 0.080810546875, 0.124267578125, 0.04638671875, 0.03173828125, 0.040283203125, 0.03173828125, 0.07275390625]","[0.154296875, 0.232421875, 0.12890625, 0.0078125, 0.0234375, 0.001953125, 0.099609375, 0.208984375, 0.001953125, 0.0, 0.0, 0.0, 0.140625]",0.222900390625,"[0.185546875, 0.087890625, 0.1484375, 0.2109375, 0.267578125, 0.30859375, 0.265625, 0.30859375]","[0.20201909606700363, 0.1204333378956246, 0.04209080128959952, 0.018803158551659926, 0.014728837246505755, 0.015108338804058263, 0.01464619917720622, 0.013546053349478449]","{""1024"": 0.05267864838242531, ""4096"": 0.02689974755048752}",0.5198826193809509,0.006579071427879509,0.693359375,223.1526488000236,75.97924110064923,146.4444334999862,220679110656,290987180032,1370532741120,2592832,1024,,,,,
MB-count,c0.05,21301,A1B0C0,0.012994723295271626,216.69067988885035,152.31332673827228,26.460312705007254,0.56884765625,"[0.138671875, 0.089111328125, 0.072265625, 0.076171875, 0.059814453125, 0.05517578125, 0.07177734375, 0.064208984375, 0.06787109375, 0.06103515625, 0.057861328125, 0.046875, 0.13916015625]","[0.205078125, 0.17578125, 0.111328125, 0.0703125, 0.033203125, 0.01953125, 0.01953125, 0.00390625, 0.02734375, 0.025390625, 0.0, 0.00390625, 0.3046875]",0.2890625,"[0.2265625, 0.064453125, 0.208984375, 0.310546875, 0.3671875, 0.384765625, 0.37109375, 0.37890625]","[0.19427802990671283, 0.10320893637897521, 0.018053235432344383, 0.020726647350403304, 0.01611599297223698, 0.019160843865270838, 0.02660401637673404, 0.025076281875233253]","{""1024"": 0.06277578324079514, ""4096"": 0.04273657128214836}",0.6249166131019592,0.025163475443434627,0.552734375,220.5440196999989,74.24058810056886,145.58834979998937,220679110656,290987180032,1370532741120,2592832,1024,,,,,
MB-count,c0.05,21301,A0B1C0,0.010434539102801121,207.07056914090344,151.44173969088092,15.698745356997733,0.47900390625,"[0.160400390625, 0.1171875, 0.05322265625, 0.0458984375, 0.054443359375, 0.074462890625, 0.20068359375, 0.042236328125, 0.04296875, 0.03857421875, 0.033447265625, 0.026611328125, 0.10986328125]","[0.154296875, 0.201171875, 0.060546875, 0.017578125, 0.01953125, 0.06640625, 0.296875, 0.021484375, 0.0, 0.0, 0.00390625, 0.0, 0.158203125]",0.199462890625,"[0.205078125, 0.078125, 0.072265625, 0.232421875, 0.228515625, 0.25, 0.267578125, 0.26171875]","[0.19630893351952006, 0.09947571431423174, 0.03176300772828622, 0.01658846470566333, 0.015924738775527914, 0.013712234284711577, 0.015951995245613304, 0.014709616779772894]","{""1024"": 0.05253225192427635, ""4096"": 0.029051123186945915}",0.47928640246391296,0.02013028417735338,0.615234375,223.90480820002267,75.96108160019503,147.22743400000036,220679110656,290987180032,1370532741120,2592832,1024,,,,,
MB-count,c0.05,21301,A0B0C1,0.007806733572153224,241.89157898535336,176.39829134136153,15.143285107831844,0.529052734375,"[0.134033203125, 0.162109375, 0.061767578125, 0.102783203125, 0.099853515625, 0.046875, 0.067626953125, 0.118896484375, 0.0341796875, 0.045654296875, 0.0400390625, 0.033935546875, 0.05224609375]","[0.158203125, 0.201171875, 0.044921875, 0.142578125, 0.068359375, 0.021484375, 0.083984375, 0.126953125, 0.005859375, 0.076171875, 0.00390625, 0.0, 0.06640625]",0.20166015625,"[0.205078125, 0.06640625, 0.0625, 0.228515625, 0.232421875, 0.271484375, 0.259765625, 0.287109375]","[0.2423491013667758, 0.10217881140932095, 0.044470170176805546, 0.019725733153461267, 0.018599716484952733, 0.015544228888217937, 0.015514978736954621, 0.014061749989279448]","{""1024"": 0.061036281287670135, ""4096"": 0.03441273793578148}",0.5046648979187012,0.010854429584595246,0.712890625,225.27542909998738,75.3952254998294,149.17668740001682,220679110656,290987180032,1370532741120,2592832,1024,,,,,
MB-count,c0.05,21302,A0B0C0,0.005129706376520993,205.15217489191195,145.63101845086248,14.348043923133446,0.489990234375,"[0.149658203125, 0.193359375, 0.118896484375, 0.049560546875, 0.049072265625, 0.04736328125, 0.080810546875, 0.116455078125, 0.0380859375, 0.031005859375, 0.0400390625, 0.0283203125, 0.057373046875]","[0.19140625, 0.224609375, 0.138671875, 0.0078125, 0.044921875, 0.00390625, 0.0546875, 0.158203125, 0.0, 0.00390625, 0.0, 0.0, 0.171875]",0.22412109375,"[0.21484375, 0.052734375, 0.119140625, 0.25390625, 0.283203125, 0.3203125, 0.279296875, 0.26953125]","[0.1802053814137099, 0.10423020149813089, 0.041858868132051086, 0.014476740892785944, 0.014677349985352528, 0.017215776376365177, 0.013688764023684463, 0.014334759263685548]","{""1024"": 0.04138250648975372, ""4096"": 0.03130393475294113}",0.5078545212745667,0.0038666797256118515,0.671875,225.87934949999908,75.63714049958799,149.54214190000494,220679110656,290987180032,1370532741120,2592832,1024,,,,,
MB-count,c0.05,21302,A1B0C0,0.016674166114265088,253.38139195646568,162.30007922102936,28.632183079964307,0.550537109375,"[0.1357421875, 0.121337890625, 0.085205078125, 0.107177734375, 0.069580078125, 0.05810546875, 0.108642578125, 0.060791015625, 0.042724609375, 0.05126953125, 0.040771484375, 0.04248046875, 0.076171875]","[0.19921875, 0.15234375, 0.12109375, 0.19921875, 0.046875, 0.01171875, 0.1171875, 0.0078125, 0.001953125, 0.009765625, 0.00390625, 0.0, 0.12890625]",0.260009765625,"[0.1953125, 0.01953125, 0.140625, 0.259765625, 0.337890625, 0.369140625, 0.388671875, 0.369140625]","[0.19937371072059973, 0.11761863150797325, 0.03840787421074321, 0.028203028954250975, 0.02911200037445738, 0.026248052818892198, 0.02923776778896281, 0.026684464789092477]","{""1024"": 0.07628558576107025, ""4096"": 0.04924320429563522}",0.5907084941864014,0.025463208682909966,0.48046875,225.05225589998008,75.27352040016558,149.06104010003037,220679110656,290987180032,1370532741120,2592832,1024,,,,,
MB-count,c0.05,21302,A0B1C0,0.004771349444492756,209.80658129478184,164.19622232764823,11.727064310841115,0.469482421875,"[0.14208984375, 0.092041015625, 0.05078125, 0.05615234375, 0.058349609375, 0.119140625, 0.158447265625, 0.0615234375, 0.032958984375, 0.03759765625, 0.039794921875, 0.039306640625, 0.11181640625]","[0.19140625, 0.1484375, 0.029296875, 0.03515625, 0.021484375, 0.111328125, 0.2421875, 0.0625, 0.0, 0.0, 0.00390625, 0.0, 0.154296875]",0.219482421875,"[0.19140625, 0.03125, 0.080078125, 0.271484375, 0.271484375, 0.271484375, 0.310546875, 0.328125]","[0.20086326881345995, 0.119832477920228, 0.02990281670422945, 0.011667906509567061, 0.009667786668464018, 0.014939799993310743, 0.012201514839504046, 0.010702907642607506]","{""1024"": 0.04560701549053192, ""4096"": 0.02792796678841114}",0.4331073760986328,-0.005607461609045699,0.658203125,223.41314700001385,75.60392229961872,147.09784380003111,220679110656,290987180032,1370532741120,2592832,1024,,,,,
MB-count,c0.05,21302,A0B0C1,0.009487393526184107,241.97076615941364,177.79045467235505,17.807852916518186,0.52978515625,"[0.177001953125, 0.154541015625, 0.0732421875, 0.099609375, 0.070068359375, 0.044189453125, 0.05224609375, 0.1005859375, 0.039794921875, 0.05419921875, 0.048095703125, 0.03466796875, 0.0517578125]","[0.2734375, 0.201171875, 0.04296875, 0.115234375, 0.052734375, 0.001953125, 0.0, 0.125, 0.0, 0.072265625, 0.00390625, 0.0078125, 0.103515625]",0.178955078125,"[0.197265625, 0.0390625, 0.06640625, 0.18359375, 0.208984375, 0.28125, 0.201171875, 0.25390625]","[0.23075023093906566, 0.1164967508428778, 0.05096303304035521, 0.011680582907673376, 0.01708697781288837, 0.010840614384669767, 0.01726076914078689, 0.01752019358678769]","{""1024"": 0.05159863084554672, ""4096"": 0.03220715373754501}",0.5155465006828308,0.010888715112060271,0.724609375,220.79674180001894,75.2529726002831,144.81232859997544,220679110656,290987180032,1370532741120,2592832,1024,,,,,
MB-count,c0.05,21303,A0B0C0,0.00499963354433719,247.18593008655716,181.3691587396993,12.736364108490761,0.47216796875,"[0.17529296875, 0.19287109375, 0.103271484375, 0.048095703125, 0.044677734375, 0.04736328125, 0.059326171875, 0.102783203125, 0.0361328125, 0.04150390625, 0.04296875, 0.038330078125, 0.0673828125]","[0.1953125, 0.201171875, 0.130859375, 0.001953125, 0.001953125, 0.00390625, 0.15625, 0.205078125, 0.0, 0.0, 0.001953125, 0.005859375, 0.095703125]",0.2197265625,"[0.220703125, 0.0546875, 0.109375, 0.201171875, 0.294921875, 0.29296875, 0.3046875, 0.279296875]","[0.1933160045395974, 0.16092063362387776, 0.06550579071525409, 0.01765948703163822, 0.008987028610853098, 0.011520364029690366, 0.010136116959478247, 0.01473959418991777]","{""1024"": 0.04639718681573868, ""4096"": 0.027697745710611343}",0.47995415329933167,0.009964813455640901,0.6875,224.57717600003525,75.26740040069853,148.58787570000277,220679110656,290987180032,1370532741120,2592832,1024,,,,,
MB-count,c0.05,21303,A1B0C0,0.011200344214651992,197.05796212642713,121.21269729819642,35.005259334056746,0.572509765625,"[0.160400390625, 0.086669921875, 0.114990234375, 0.073486328125, 0.08154296875, 0.051513671875, 0.0947265625, 0.040771484375, 0.04345703125, 0.05126953125, 0.052490234375, 0.039794921875, 0.10888671875]","[0.109375, 0.099609375, 0.283203125, 0.017578125, 0.08203125, 0.01171875, 0.06640625, 0.015625, 0.001953125, 0.015625, 0.0, 0.0, 0.296875]",0.272705078125,"[0.232421875, 0.033203125, 0.16015625, 0.2578125, 0.337890625, 0.376953125, 0.3984375, 0.384765625]","[0.1529276368528727, 0.08381591255766718, 0.02409085443781178, 0.02008075676243548, 0.01888401347688884, 0.016710011053672424, 0.030624844198431145, 0.037744802938398436]","{""1024"": 0.06447151303291321, ""4096"": 0.049403704702854156}",0.6057710647583008,0.021136215616031594,0.5625,225.20997549999447,74.86721710050188,149.63825539998652,220679110656,290987180032,1370532741120,2592832,1024,,,,,
MB-count,c0.05,21303,A0B1C0,0.004833575211522501,176.61371212241716,128.23120208704404,11.069986519339182,0.47998046875,"[0.1767578125, 0.05908203125, 0.05126953125, 0.046875, 0.053466796875, 0.073974609375, 0.200927734375, 0.0625, 0.038818359375, 0.038330078125, 0.041015625, 0.032958984375, 0.1240234375]","[0.16015625, 0.029296875, 0.048828125, 0.046875, 0.005859375, 0.115234375, 0.3125, 0.14453125, 0.0, 0.0, 0.0, 0.0, 0.13671875]",0.23828125,"[0.19921875, 0.076171875, 0.119140625, 0.28125, 0.30859375, 0.330078125, 0.298828125, 0.29296875]","[0.18028536279503538, 0.07016620378122251, 0.028278682288302104, 0.01800547517676465, 0.011957284174853644, 0.014634580852333379, 0.009981688881793627, 0.011639378538790712]","{""1024"": 0.05430854856967926, ""4096"": 0.03190438076853752}",0.4695884585380554,0.005025760181566857,0.681640625,225.4082646000461,75.01969109958736,149.6710036999866,220679110656,290987180032,1370532741120,2592832,1024,,,,,
MB-count,c0.05,21303,A0B0C1,0.015052563487452542,227.86037314594978,160.07248947720996,17.51057677872177,0.5302734375,"[0.119873046875, 0.16162109375, 0.08984375, 0.107177734375, 0.077880859375, 0.044921875, 0.0771484375, 0.13330078125, 0.030029296875, 0.046630859375, 0.0361328125, 0.04248046875, 0.032958984375]","[0.154296875, 0.24609375, 0.060546875, 0.13671875, 0.0703125, 0.00390625, 0.08203125, 0.1328125, 0.0, 0.109375, 0.00390625, 0.0, 0.0]",0.18359375,"[0.203125, 0.044921875, 0.060546875, 0.1640625, 0.251953125, 0.265625, 0.2421875, 0.236328125]","[0.22335771838813523, 0.08928386262204047, 0.041574703025353266, 0.019329718280082453, 0.017065038156514056, 0.020228405557616735, 0.01662886197752611, 0.017571483293414847]","{""1024"": 0.048975612968206406, ""4096"": 0.03348938748240471}",0.5100933313369751,0.020113581138396758,0.640625,224.87837589999253,75.57016950036632,148.60893349998514,220679110656,290987180032,1370532741120,2592832,1024,,,,,
MB-count,c0.05,21304,A0B0C0,0.005282636881096536,189.3354468642492,138.0952020946611,10.5255256067353,0.46875,"[0.15380859375, 0.21044921875, 0.077392578125, 0.046142578125, 0.052001953125, 0.0556640625, 0.080810546875, 0.117431640625, 0.032958984375, 0.03759765625, 0.03857421875, 0.034423828125, 0.062744140625]","[0.1484375, 0.2734375, 0.138671875, 0.013671875, 0.041015625, 0.0, 0.099609375, 0.15234375, 0.0, 0.0, 0.0, 0.0, 0.1328125]",0.225830078125,"[0.232421875, 0.04296875, 0.08984375, 0.232421875, 0.33203125, 0.27734375, 0.322265625, 0.27734375]","[0.17341665217879942, 0.09630053941233552, 0.04545388248553106, 0.009946407479987762, 0.011017454836435014, 0.01310319106299307, 0.01008065526700408, 0.010477011933650804]","{""1024"": 0.05319450423121452, ""4096"": 0.027902750298380852}",0.46306779980659485,0.006465234301145822,0.689453125,223.95643120002933,75.61222230030398,147.61641849999432,220679110656,290987180032,1370532741120,2592832,1024,,,,,
MB-count,c0.05,21304,A1B0C0,0.011917401772183034,201.3552792676619,130.97378781124644,21.278948448855317,0.578125,"[0.184326171875, 0.093994140625, 0.083984375, 0.06396484375, 0.0654296875, 0.065185546875, 0.10791015625, 0.060302734375, 0.042724609375, 0.056396484375, 0.037353515625, 0.03466796875, 0.103759765625]","[0.162109375, 0.146484375, 0.13671875, 0.009765625, 0.009765625, 0.046875, 0.193359375, 0.00390625, 0.0, 0.0703125, 0.0, 0.00390625, 0.216796875]",0.24951171875,"[0.185546875, 0.044921875, 0.189453125, 0.248046875, 0.30859375, 0.30859375, 0.359375, 0.3515625]","[0.17048503407875515, 0.08532314524008555, 0.030876879715658223, 0.026536979722109333, 0.015239154780281705, 0.023250390093591644, 0.022960071855733233, 0.01860037433343731]","{""1024"": 0.055772487074136734, ""4096"": 0.04917585104703903}",0.6086256504058838,0.0267153219791259,0.63671875,220.91966059998958,75.1522742996749,145.01726900003268,220679110656,290987180032,1370532741120,2592832,1024,,,,,
MB-count,c0.05,21304,A0B1C0,0.005003905830137878,203.50758049161527,149.17534680212748,11.53615932858088,0.472412109375,"[0.188232421875, 0.077392578125, 0.045654296875, 0.041015625, 0.044189453125, 0.096435546875, 0.17919921875, 0.06201171875, 0.042724609375, 0.033935546875, 0.0439453125, 0.03759765625, 0.107666015625]","[0.2109375, 0.056640625, 0.0, 0.0, 0.00390625, 0.134765625, 0.255859375, 0.1640625, 0.00390625, 0.0, 0.0, 0.029296875, 0.140625]",0.217529296875,"[0.197265625, 0.0546875, 0.107421875, 0.2265625, 0.28515625, 0.322265625, 0.283203125, 0.263671875]","[0.18723834764979985, 0.10411975157310538, 0.051378421003694275, 0.011658785206263289, 0.009989244164860356, 0.010559632361328397, 0.010730513331734581, 0.011801047856899949]","{""1024"": 0.047770604491233826, ""4096"": 0.03238914534449577}",0.44909119606018066,0.0018359782464361161,0.70703125,224.2888774000021,75.0243195998919,148.5409617999976,220679110656,290987180032,1370532741120,2592832,1024,,,,,
MB-count,c0.05,21304,A0B0C1,0.010700964207459585,247.97103990109713,177.00302613811664,14.979523322825116,0.530029296875,"[0.129150390625, 0.164794921875, 0.07958984375, 0.127685546875, 0.0830078125, 0.06787109375, 0.076416015625, 0.1015625, 0.03173828125, 0.040283203125, 0.0302734375, 0.033447265625, 0.0341796875]","[0.140625, 0.234375, 0.06640625, 0.140625, 0.037109375, 0.056640625, 0.126953125, 0.103515625, 0.0, 0.087890625, 0.005859375, 0.0, 0.0]",0.18310546875,"[0.2265625, 0.03515625, 0.05078125, 0.19921875, 0.220703125, 0.248046875, 0.23046875, 0.25390625]","[0.22867959375683, 0.11702944166917906, 0.04711848764068849, 0.020336574690771325, 0.022094045435338217, 0.019803412624130434, 0.014351081767023377, 0.014905799722869428]","{""1024"": 0.05687027424573898, ""4096"": 0.03319760784506798}",0.4917488992214203,0.0024203984393543513,0.671875,224.78906939997978,74.88113689988677,149.20537739999418,220679110656,290987180032,1370532741120,2592832,1024,,,,,
MB-count,c0.05,21305,A0B0C0,0.004442025829119345,273.6809839199095,212.81679059812086,11.248665580480974,0.475341796875,"[0.132568359375, 0.191650390625, 0.118408203125, 0.063720703125, 0.064208984375, 0.04541015625, 0.064697265625, 0.10791015625, 0.037841796875, 0.0390625, 0.03564453125, 0.037353515625, 0.0615234375]","[0.2265625, 0.2421875, 0.095703125, 0.017578125, 0.03125, 0.0, 0.08203125, 0.158203125, 0.0, 0.0, 0.0, 0.0, 0.146484375]",0.213134765625,"[0.22265625, 0.033203125, 0.083984375, 0.240234375, 0.2734375, 0.265625, 0.259765625, 0.326171875]","[0.24296136502920618, 0.17269642910774863, 0.053902350474440475, 0.017714553027327273, 0.01296431160436562, 0.01232411251360821, 0.01131792968555434, 0.010652120276322563]","{""1024"": 0.05110103264451027, ""4096"": 0.02928740717470646}",0.4880378544330597,0.016612805151747328,0.689453125,225.09956749997218,75.32333269977244,149.04216139999335,220679110656,290987180032,1370532741120,2592832,1024,,,,,
MB-count,c0.05,21305,A1B0C0,0.00845773344709233,237.60285028984094,172.7825264440528,19.100280308589618,0.57861328125,"[0.162841796875, 0.108642578125, 0.084716796875, 0.046142578125, 0.076416015625, 0.06689453125, 0.125244140625, 0.0537109375, 0.06298828125, 0.05078125, 0.047607421875, 0.0361328125, 0.077880859375]","[0.18359375, 0.1953125, 0.1796875, 0.009765625, 0.072265625, 0.021484375, 0.1484375, 0.0078125, 0.037109375, 0.001953125, 0.0, 0.001953125, 0.140625]",0.261962890625,"[0.181640625, 0.048828125, 0.216796875, 0.2890625, 0.314453125, 0.33203125, 0.33984375, 0.373046875]","[0.1973502746349669, 0.1401155973260737, 0.026437950716247105, 0.022665422199128926, 0.01904546468119417, 0.02114812243702069, 0.01779121182679333, 0.019514023150920767]","{""1024"": 0.0600866936147213, ""4096"": 0.047142304480075836}",0.6226668953895569,0.023990440293978905,0.591796875,225.3231651999813,75.43311099956918,149.1706254999881,220679110656,290987180032,1370532741120,2592832,1024,,,,,
MB-count,c0.05,21305,A0B1C0,0.006304564573954341,228.90968811419975,164.81670196381128,12.059856042438469,0.46044921875,"[0.12646484375, 0.08056640625, 0.0673828125, 0.05859375, 0.062255859375, 0.111083984375, 0.193359375, 0.0703125, 0.028076171875, 0.043212890625, 0.035888671875, 0.036865234375, 0.0859375]","[0.16015625, 0.056640625, 0.03125, 0.033203125, 0.009765625, 0.125, 0.29296875, 0.171875, 0.0, 0.0, 0.0, 0.001953125, 0.1171875]",0.210205078125,"[0.208984375, 0.03125, 0.1015625, 0.224609375, 0.28125, 0.267578125, 0.30078125, 0.265625]","[0.22046381063904974, 0.10144381038401917, 0.043913302994305514, 0.01894409768887373, 0.0188599717721587, 0.0199098347867519, 0.011108880195741744, 0.01244552613714589]","{""1024"": 0.04370355233550072, ""4096"": 0.0341186486184597}",0.4071315824985504,-0.00486258790063494,0.689453125,223.04084259997762,74.93436060058593,147.36968770000385,220679110656,290987180032,1370532741120,2592832,1024,,,,,
MB-count,c0.05,21305,A0B0C1,0.012003297511589572,288.4768812953148,196.18541343987226,24.14812367522245,0.523193359375,"[0.1767578125, 0.129638671875, 0.09814453125, 0.11279296875, 0.082763671875, 0.043212890625, 0.063232421875, 0.10986328125, 0.03271484375, 0.04443359375, 0.035888671875, 0.0283203125, 0.042236328125]","[0.193359375, 0.189453125, 0.185546875, 0.115234375, 0.03515625, 0.005859375, 0.060546875, 0.123046875, 0.0, 0.046875, 0.01171875, 0.00390625, 0.029296875]",0.169677734375,"[0.216796875, 0.048828125, 0.08203125, 0.169921875, 0.205078125, 0.21875, 0.189453125, 0.2265625]","[0.24021714933434968, 0.14295748629040084, 0.06541146275058685, 0.027095093359841282, 0.018452181946069235, 0.022133731045494986, 0.024143991642917584, 0.023020312410251265]","{""1024"": 0.05622745305299759, ""4096"": 0.03594980761408806}",0.4749099910259247,0.012599147578637001,0.66015625,220.15820649998204,74.59592459980922,144.82830760000797,220679110656,290987180032,1370532741120,2592832,1024,,,,,
MB-count,c0.05,21306,A0B0C0,0.004742951511857552,200.1173363451826,145.4240620493656,11.117995617378938,0.4853515625,"[0.146484375, 0.200927734375, 0.099853515625, 0.05126953125, 0.043701171875, 0.053466796875, 0.066650390625, 0.136962890625, 0.03515625, 0.03857421875, 0.03857421875, 0.03369140625, 0.0546875]","[0.205078125, 0.21875, 0.11328125, 0.0078125, 0.0, 0.015625, 0.115234375, 0.150390625, 0.001953125, 0.0078125, 0.0, 0.00390625, 0.16015625]",0.214111328125,"[0.232421875, 0.056640625, 0.138671875, 0.25, 0.255859375, 0.234375, 0.232421875, 0.3125]","[0.19554610323475696, 0.08848526795541023, 0.03206014299781934, 0.019216009871958484, 0.019352333720688897, 0.014479479578357601, 0.012214650114556136, 0.009500185075637102]","{""1024"": 0.04694356396794319, ""4096"": 0.030736008659005165}",0.4679146707057953,-0.002135047221391564,0.681640625,223.7625735999609,74.55654629984929,148.46691480001027,220679110656,290987180032,1370532741120,2592832,1024,,,,,
MB-count,c0.05,21306,A1B0C0,0.015467868198358659,246.48994571365847,155.5896585339524,30.67319487711302,0.585693359375,"[0.13525390625, 0.1005859375, 0.165771484375, 0.085693359375, 0.09130859375, 0.067626953125, 0.096923828125, 0.0361328125, 0.057373046875, 0.052490234375, 0.034912109375, 0.03466796875, 0.041259765625]","[0.146484375, 0.171875, 0.302734375, 0.017578125, 0.078125, 0.00390625, 0.248046875, 0.0, 0.00390625, 0.00390625, 0.0, 0.001953125, 0.021484375]",0.2587890625,"[0.212890625, 0.025390625, 0.2109375, 0.279296875, 0.310546875, 0.306640625, 0.326171875, 0.3984375]","[0.21636876181941833, 0.08751729000470743, 0.03696316155869539, 0.024232822127119746, 0.02693270592048913, 0.02950235004719781, 0.034731315604664026, 0.02517726813969734]","{""1024"": 0.054465703666210175, ""4096"": 0.04510168731212616}",0.6509642601013184,0.041734024311504754,0.43359375,225.03272459999425,75.2996368995664,149.0157038999896,220679110656,290987180032,1370532741120,2592832,1024,,,,,
MB-count,c0.05,21306,A0B1C0,0.005771467833608046,217.18613048607517,158.61154240078577,10.479124418704032,0.472900390625,"[0.16650390625, 0.087158203125, 0.04833984375, 0.049072265625, 0.0517578125, 0.091796875, 0.20166015625, 0.051513671875, 0.0283203125, 0.036376953125, 0.042236328125, 0.031005859375, 0.1142578125]","[0.13671875, 0.166015625, 0.037109375, 0.009765625, 0.048828125, 0.080078125, 0.2421875, 0.056640625, 0.0, 0.009765625, 0.00390625, 0.0, 0.208984375]",0.2265625,"[0.212890625, 0.041015625, 0.107421875, 0.240234375, 0.314453125, 0.298828125, 0.28125, 0.31640625]","[0.18542487843065958, 0.12436329032087512, 0.04960081885351597, 0.015289396112782683, 0.01326902854208667, 0.015777208965414236, 0.012514149745251668, 0.007952890135029644]","{""1024"": 0.05383938178420067, ""4096"": 0.029370129108428955}",0.4182904064655304,0.015455283695137385,0.669921875,225.83623169997009,75.34331690022373,149.77811259998998,220679110656,290987180032,1370532741120,2592832,1024,,,,,
MB-count,c0.05,21306,A0B0C1,0.010013920806469123,245.5096460699515,172.41086663720216,18.474983245784415,0.536865234375,"[0.117431640625, 0.19140625, 0.074951171875, 0.115966796875, 0.06640625, 0.047119140625, 0.068603515625, 0.140380859375, 0.03515625, 0.04638671875, 0.033935546875, 0.02880859375, 0.033447265625]","[0.15625, 0.1953125, 0.076171875, 0.1875, 0.068359375, 0.001953125, 0.109375, 0.181640625, 0.0, 0.0234375, 0.0, 0.0, 0.0]",0.19140625,"[0.212890625, 0.041015625, 0.068359375, 0.177734375, 0.234375, 0.265625, 0.2734375, 0.2578125]","[0.2174217381903487, 0.11931823571043676, 0.04078244958512478, 0.027710663428059057, 0.019470333688697217, 0.018723655225784785, 0.019784684952894427, 0.01629926669902826]","{""1024"": 0.053630053997039795, ""4096"": 0.03054315783083439}",0.5160099267959595,0.016082364409245563,0.6640625,226.07633290000376,75.91352870111587,149.44672840001294,220679110656,290987180032,1370532741120,2592832,1024,,,,,
MB-count,c0.05,21307,A0B0C0,0.006961117466498301,168.11778914995466,115.96584046468979,14.546267088051081,0.504638671875,"[0.1650390625, 0.228515625, 0.09765625, 0.0400390625, 0.041748046875, 0.03564453125, 0.102783203125, 0.10205078125, 0.046142578125, 0.02685546875, 0.031494140625, 0.034912109375, 0.047119140625]","[0.23828125, 0.337890625, 0.083984375, 0.00390625, 0.015625, 0.013671875, 0.099609375, 0.109375, 0.0, 0.009765625, 0.0, 0.00390625, 0.083984375]",0.22900390625,"[0.228515625, 0.078125, 0.10546875, 0.208984375, 0.296875, 0.298828125, 0.3203125, 0.294921875]","[0.15475707736167665, 0.0717387047959206, 0.03983123603518646, 0.013647154896179625, 0.011221497450865758, 0.00874870848732634, 0.014136163585385386, 0.014274514320964382]","{""1024"": 0.05253986269235611, ""4096"": 0.0348663330078125}",0.5214254856109619,0.006598061723711952,0.677734375,223.13434549997328,75.5994553995406,146.79470459998993,220679110656,290987180032,1370532741120,2592832,1024,,,,,
MB-count,c0.05,21307,A1B0C0,0.012268500560427054,252.95778392684701,129.36715489238668,38.0021356049042,0.570068359375,"[0.210693359375, 0.095703125, 0.107666015625, 0.083251953125, 0.0673828125, 0.05810546875, 0.061279296875, 0.059814453125, 0.0546875, 0.054931640625, 0.05419921875, 0.04150390625, 0.05078125]","[0.255859375, 0.16015625, 0.099609375, 0.087890625, 0.052734375, 0.0, 0.00390625, 0.001953125, 0.00390625, 0.015625, 0.0, 0.001953125, 0.31640625]",0.31396484375,"[0.1875, 0.0390625, 0.22265625, 0.359375, 0.41015625, 0.4453125, 0.4296875, 0.41796875]","[0.18809980055986442, 0.06457042383932832, 0.035836843064275925, 0.03241231988668947, 0.04314322165094975, 0.05577264162768669, 0.04653793836971998, 0.027684982733608532]","{""1024"": 0.06613953411579132, ""4096"": 0.04700760170817375}",0.6219695806503296,0.02464636948530545,0.568359375,220.13263029999507,75.52000669967674,143.89111139999295,220679110656,290987180032,1370532741120,2592832,1024,,,,,
MB-count,c0.05,21307,A0B1C0,0.009541249023795384,184.23495851853795,131.34439419764863,16.435387853507336,0.4833984375,"[0.156982421875, 0.094482421875, 0.054443359375, 0.038818359375, 0.069091796875, 0.072998046875, 0.167236328125, 0.082275390625, 0.040771484375, 0.0263671875, 0.029052734375, 0.037353515625, 0.130126953125]","[0.154296875, 0.07421875, 0.1015625, 0.0, 0.05078125, 0.076171875, 0.234375, 0.162109375, 0.0, 0.0, 0.0, 0.0, 0.146484375]",0.236083984375,"[0.23046875, 0.103515625, 0.15234375, 0.236328125, 0.2734375, 0.29296875, 0.291015625, 0.30859375]","[0.18120300678522172, 0.07532901313206075, 0.02960907870298346, 0.01348654540128269, 0.015392800610619428, 0.012713091822969869, 0.0185688777123878, 0.013531489188993717]","{""1024"": 0.06121588498353958, ""4096"": 0.03473478555679321}",0.5126516819000244,0.01223156556420813,0.681640625,223.88518420000037,75.70014230064407,147.46006580001267,220679110656,290987180032,1370532741120,2592832,1024,,,,,
MB-count,c0.05,21307,A0B0C1,0.015466421908385097,307.9265456130631,223.73060878606998,21.02528671713253,0.5146484375,"[0.129150390625, 0.158935546875, 0.0966796875, 0.123779296875, 0.065185546875, 0.0556640625, 0.069091796875, 0.107421875, 0.036376953125, 0.05322265625, 0.031982421875, 0.032470703125, 0.0400390625]","[0.228515625, 0.1953125, 0.072265625, 0.14453125, 0.0625, 0.0078125, 0.076171875, 0.1328125, 0.0, 0.0703125, 0.00390625, 0.0, 0.005859375]",0.185302734375,"[0.205078125, 0.03125, 0.048828125, 0.212890625, 0.21875, 0.232421875, 0.25, 0.283203125]","[0.2480288016706913, 0.18894504361460163, 0.06340681463796782, 0.021184457190135397, 0.021558103576232224, 0.017230800591486073, 0.019351683094302352, 0.02171333002509712]","{""1024"": 0.06630468368530273, ""4096"": 0.03890989348292351}",0.5107107758522034,0.010454210419906632,0.611328125,224.08580899998196,75.40192860005482,147.96673699998064,220679110656,290987180032,1370532741120,2592832,1024,,,,,
MB-count,c0.05,21308,A0B0C0,0.004805146480369782,242.43310372416386,183.19850345649456,13.065251256014108,0.48046875,"[0.18896484375, 0.1728515625, 0.125, 0.041015625, 0.05322265625, 0.033935546875, 0.048583984375, 0.111083984375, 0.0458984375, 0.03369140625, 0.035888671875, 0.04541015625, 0.064453125]","[0.23046875, 0.255859375, 0.125, 0.001953125, 0.0234375, 0.001953125, 0.021484375, 0.181640625, 0.001953125, 0.0, 0.00390625, 0.0, 0.15234375]",0.237060546875,"[0.22265625, 0.0390625, 0.08984375, 0.23046875, 0.296875, 0.337890625, 0.359375, 0.3203125]","[0.22378107635783495, 0.134028500705631, 0.04505162687204978, 0.014099487622797113, 0.014903832390662064, 0.01611956290288008, 0.01481594789247831, 0.010702120966924245]","{""1024"": 0.05117601901292801, ""4096"": 0.032630737870931625}",0.48443177342414856,0.013834759301393496,0.66796875,224.8860087999783,74.905151599698,149.25534119999793,220679110656,290987180032,1370532741120,2592832,1024,,,,,
MB-count,c0.05,21308,A1B0C0,0.00951083345061532,207.52309147265055,137.39022694001414,22.200857043038013,0.567626953125,"[0.166259765625, 0.100341796875, 0.150634765625, 0.052734375, 0.0537109375, 0.064208984375, 0.060302734375, 0.04541015625, 0.077392578125, 0.0302734375, 0.037109375, 0.04248046875, 0.119140625]","[0.189453125, 0.1640625, 0.1875, 0.0, 0.03515625, 0.0390625, 0.015625, 0.0, 0.064453125, 0.015625, 0.0, 0.0, 0.2890625]",0.258544921875,"[0.22265625, 0.03125, 0.146484375, 0.30859375, 0.34765625, 0.287109375, 0.357421875, 0.3671875]","[0.15952519453334268, 0.10881509245887244, 0.027485506031241336, 0.023062033583119312, 0.02040667061864232, 0.02266299189511889, 0.024569097783032845, 0.018791951129150775]","{""1024"": 0.07130959630012512, ""4096"": 0.048668503761291504}",0.6545546650886536,0.026485897822971657,0.642578125,223.94900380000763,75.18869980095769,148.03869119998126,220679110656,290987180032,1370532741120,2592832,1024,,,,,
MB-count,c0.05,21308,A0B1C0,0.0058043853889158115,244.49497833861528,171.50814073701576,16.754888616812877,0.468017578125,"[0.161376953125, 0.078125, 0.048828125, 0.044677734375, 0.077880859375, 0.080078125, 0.187255859375, 0.074462890625, 0.033935546875, 0.03271484375, 0.038330078125, 0.04736328125, 0.094970703125]","[0.150390625, 0.115234375, 0.048828125, 0.0, 0.04296875, 0.111328125, 0.275390625, 0.11328125, 0.0, 0.001953125, 0.0, 0.0078125, 0.1328125]",0.21240234375,"[0.208984375, 0.04296875, 0.080078125, 0.22265625, 0.267578125, 0.298828125, 0.296875, 0.28125]","[0.19699450080476, 0.13798233657222392, 0.07104703914847921, 0.014890507736486036, 0.013158335145435629, 0.010732143330510535, 0.018086038028684026, 0.014638353801028625]","{""1024"": 0.06109411269426346, ""4096"": 0.033313386142253876}",0.45090141892433167,0.010987394387671476,0.671875,220.12097220002033,74.80420070006221,144.60562899999786,220679110656,290987180032,1370532741120,2592832,1024,,,,,
MB-count,c0.05,21308,A0B0C1,0.011288531115845046,247.8830004845397,180.2575555093622,14.388700127313768,0.53173828125,"[0.142822265625, 0.206298828125, 0.0576171875, 0.12841796875, 0.095458984375, 0.041259765625, 0.050048828125, 0.092529296875, 0.03369140625, 0.0419921875, 0.033203125, 0.03125, 0.04541015625]","[0.201171875, 0.279296875, 0.0234375, 0.126953125, 0.078125, 0.0, 0.033203125, 0.1015625, 0.0, 0.056640625, 0.0, 0.0, 0.099609375]",0.185546875,"[0.244140625, 0.029296875, 0.0625, 0.169921875, 0.24609375, 0.21875, 0.23828125, 0.275390625]","[0.20730031561298867, 0.14476522249123436, 0.055293536784923436, 0.01565312794293794, 0.013541460620701162, 0.019489891932421344, 0.014189316588524292, 0.013913613347635412]","{""1024"": 0.05871577560901642, ""4096"": 0.029095975682139397}",0.5133654475212097,0.01641057622964298,0.701171875,218.87487830000464,74.70825610079919,143.44066870000097,220679110656,290987180032,1370532741120,2592832,1024,,,,,
MB-count,c0.05,21309,A0B0C0,0.005569344913641139,227.58732431986277,178.1422926191583,9.268423316048484,0.489990234375,"[0.159423828125, 0.18603515625, 0.087890625, 0.051513671875, 0.045654296875, 0.054931640625, 0.072265625, 0.101806640625, 0.037109375, 0.03271484375, 0.038330078125, 0.048828125, 0.08349609375]","[0.166015625, 0.25390625, 0.109375, 0.0, 0.021484375, 0.0234375, 0.08203125, 0.15234375, 0.001953125, 0.0, 0.0, 0.0, 0.189453125]",0.21826171875,"[0.203125, 0.048828125, 0.08984375, 0.259765625, 0.255859375, 0.263671875, 0.30859375, 0.31640625]","[0.18042321965041008, 0.16751094562138347, 0.053394213762581355, 0.008946974860300383, 0.004902988276592968, 0.011225761351806529, 0.008509767372728128, 0.009592621916429067]","{""1024"": 0.047215864062309265, ""4096"": 0.027477456256747246}",0.5053274035453796,0.015229274896491299,0.720703125,220.88537919998635,75.6517047995585,144.51836510002613,220679110656,290987180032,1370532741120,2592832,1024,,,,,
MB-count,c0.05,21309,A1B0C0,0.008040566584487152,200.00597433714233,134.1545697774618,21.808581903675986,0.586181640625,"[0.1796875, 0.107177734375, 0.074462890625, 0.06005859375, 0.072998046875, 0.04931640625, 0.094970703125, 0.056640625, 0.054931640625, 0.059326171875, 0.042236328125, 0.037353515625, 0.11083984375]","[0.265625, 0.126953125, 0.12890625, 0.0, 0.025390625, 0.017578125, 0.08984375, 0.001953125, 0.03515625, 0.05859375, 0.0, 0.001953125, 0.248046875]",0.2490234375,"[0.197265625, 0.03125, 0.146484375, 0.232421875, 0.3125, 0.365234375, 0.337890625, 0.369140625]","[0.16369508711146263, 0.09832555698514245, 0.032250921376166364, 0.019287701017707715, 0.01603585426114984, 0.01844666134498496, 0.02183551173206233, 0.02075937479855483]","{""1024"": 0.06322823464870453, ""4096"": 0.04570402577519417}",0.6205389499664307,0.014391974197256775,0.66015625,221.36067169999296,75.11123220008449,145.53799330000766,220679110656,290987180032,1370532741120,2592832,1024,,,,,
MB-count,c0.05,21309,A0B1C0,0.004571941316069861,241.80700544826686,180.89444814886429,13.994599197868183,0.4677734375,"[0.106201171875, 0.09521484375, 0.06494140625, 0.05322265625, 0.060791015625, 0.120361328125, 0.201171875, 0.0517578125, 0.04736328125, 0.0302734375, 0.04248046875, 0.033447265625, 0.0927734375]","[0.1484375, 0.125, 0.09765625, 0.0, 0.005859375, 0.076171875, 0.267578125, 0.1015625, 0.0, 0.0, 0.001953125, 0.0, 0.17578125]",0.2255859375,"[0.212890625, 0.029296875, 0.080078125, 0.236328125, 0.271484375, 0.318359375, 0.314453125, 0.341796875]","[0.20012336779295614, 0.15318610124779442, 0.05280536777445599, 0.01602781184767066, 0.010061885827583605, 0.012741571467349111, 0.0099046476448863, 0.017428553913449996]","{""1024"": 0.05928956717252731, ""4096"": 0.032367393374443054}",0.4182828366756439,0.007631046088461982,0.703125,223.26647020000382,75.4309755005961,147.1134977000038,220679110656,290987180032,1370532741120,2592832,1024,,,,,
MB-count,c0.05,21309,A0B0C1,0.008728047035575504,292.2285954568938,208.00580497198484,19.555807545278412,0.521728515625,"[0.150146484375, 0.14599609375, 0.1005859375, 0.115234375, 0.057861328125, 0.05029296875, 0.053955078125, 0.11376953125, 0.031494140625, 0.05224609375, 0.03369140625, 0.040771484375, 0.053955078125]","[0.154296875, 0.173828125, 0.109375, 0.1640625, 0.05859375, 0.017578125, 0.013671875, 0.158203125, 0.0, 0.044921875, 0.00390625, 0.001953125, 0.099609375]",0.18603515625,"[0.2421875, 0.0390625, 0.099609375, 0.177734375, 0.23046875, 0.22265625, 0.23828125, 0.23828125]","[0.26569929297540584, 0.14056204486050206, 0.06721494239429537, 0.019356975496445994, 0.02055772423233604, 0.019173058930888498, 0.018060170602315573, 0.020134766009556326]","{""1024"": 0.061652522534132004, ""4096"": 0.03359256312251091}",0.4748679995536804,0.014751079544726332,0.734375,221.5917886999814,75.47286250040634,145.42066719998547,220679110656,290987180032,1370532741120,2592832,1024,,,,,
MB-count,c0.05,21310,A0B0C0,0.014703867267533255,248.2269242922746,169.62107555984107,19.89849212885042,0.486572265625,"[0.20166015625, 0.177734375, 0.090576171875, 0.057373046875, 0.046142578125, 0.045654296875, 0.07861328125, 0.129150390625, 0.03369140625, 0.0390625, 0.033447265625, 0.032958984375, 0.033935546875]","[0.23828125, 0.19140625, 0.083984375, 0.15625, 0.0, 0.0390625, 0.091796875, 0.1875, 0.00390625, 0.0, 0.0, 0.0, 0.0078125]",0.207763671875,"[0.220703125, 0.05859375, 0.0625, 0.208984375, 0.271484375, 0.271484375, 0.29296875, 0.275390625]","[0.19349848867336128, 0.13779267452945332, 0.06662264200791768, 0.020697410628271573, 0.013238958520719546, 0.014103794709464434, 0.01696261328086246, 0.02190162915829852]","{""1024"": 0.0512993298470974, ""4096"": 0.03002593107521534}",0.45870301127433777,0.019969632145517165,0.54296875,218.8445694999973,74.51135389998672,143.61401910001587,220679110656,290987180032,1370532741120,2592832,1024,,,,,
MB-count,c0.05,21310,A1B0C0,0.010782544100108371,223.15081653305742,140.07933963107507,26.46482882578539,0.570556640625,"[0.181884765625, 0.068115234375, 0.106689453125, 0.064208984375, 0.06689453125, 0.06640625, 0.12109375, 0.0419921875, 0.058837890625, 0.05224609375, 0.041015625, 0.0458984375, 0.084716796875]","[0.1796875, 0.09765625, 0.197265625, 0.015625, 0.04296875, 0.044921875, 0.23828125, 0.00390625, 0.0078125, 0.0, 0.0, 0.001953125, 0.169921875]",0.275634765625,"[0.2109375, 0.02734375, 0.2109375, 0.298828125, 0.396484375, 0.345703125, 0.373046875, 0.341796875]","[0.16256593945111097, 0.11102652076583253, 0.03297280873302455, 0.026756385308614572, 0.026288049372891642, 0.024542616109291426, 0.024070076318898348, 0.02761904248146374]","{""1024"": 0.06197628751397133, ""4096"": 0.040933892130851746}",0.6658228635787964,0.014673500121664768,0.603515625,221.2876492999785,75.8268906994781,144.74374860001262,220679110656,290987180032,1370532741120,2592832,1024,,,,,
MB-count,c0.05,21310,A0B1C0,0.007633101545359455,204.8810735324205,145.3571266648114,12.15812012854667,0.462646484375,"[0.16357421875, 0.081787109375, 0.046630859375, 0.049560546875, 0.04931640625, 0.1123046875, 0.19873046875, 0.043701171875, 0.025390625, 0.0302734375, 0.044921875, 0.042724609375, 0.111083984375]","[0.158203125, 0.1015625, 0.005859375, 0.05078125, 0.01171875, 0.166015625, 0.263671875, 0.080078125, 0.0, 0.0, 0.0, 0.0, 0.162109375]",0.231201171875,"[0.205078125, 0.0234375, 0.115234375, 0.2265625, 0.291015625, 0.3203125, 0.341796875, 0.326171875]","[0.1692871611326523, 0.11461347688455747, 0.056147063162764965, 0.014687559184886734, 0.008986857647815594, 0.012689900354263983, 0.010161523395029182, 0.013584804981038534]","{""1024"": 0.05460462346673012, ""4096"": 0.031382448971271515}",0.431759774684906,0.005141769567134826,0.65234375,220.64530689998355,75.85714470034873,144.07083690002037,220679110656,290987180032,1370532741120,2592832,1024,,,,,
MB-count,c0.05,21310,A0B0C1,0.016634469672841767,244.12669824698582,168.32804847245006,17.641408879909932,0.53515625,"[0.097900390625, 0.1494140625, 0.08056640625, 0.15966796875, 0.078857421875, 0.059814453125, 0.090576171875, 0.110107421875, 0.02490234375, 0.035888671875, 0.03564453125, 0.031982421875, 0.044677734375]","[0.11328125, 0.228515625, 0.087890625, 0.166015625, 0.083984375, 0.00390625, 0.126953125, 0.1015625, 0.0, 0.02734375, 0.00390625, 0.0, 0.056640625]",0.174560546875,"[0.208984375, 0.0546875, 0.080078125, 0.18359375, 0.19140625, 0.203125, 0.240234375, 0.234375]","[0.23721314993361364, 0.09155256973914039, 0.051106503407794435, 0.023405743787220157, 0.01951188291491146, 0.01956423101239002, 0.01611249978121565, 0.018343376937358435]","{""1024"": 0.05889201909303665, ""4096"": 0.03010144829750061}",0.5044886469841003,0.006328950595380331,0.650390625,223.45376330001454,75.37238930012973,147.36158030001388,220679110656,290987180032,1370532741120,2592832,1024,,,,,
MB-count,c0.05,21311,A0B0C0,0.005735849489065359,208.8816999415276,154.0883205098255,13.556828160434634,0.487060546875,"[0.140869140625, 0.175537109375, 0.07177734375, 0.06787109375, 0.051513671875, 0.050048828125, 0.08935546875, 0.1494140625, 0.029052734375, 0.034912109375, 0.031982421875, 0.041259765625, 0.06640625]","[0.193359375, 0.248046875, 0.064453125, 0.025390625, 0.015625, 0.013671875, 0.125, 0.171875, 0.0, 0.0, 0.0078125, 0.0, 0.134765625]",0.205078125,"[0.21875, 0.05078125, 0.0859375, 0.216796875, 0.248046875, 0.28515625, 0.265625, 0.26953125]","[0.20079561837552484, 0.1001581326202281, 0.031316835029440604, 0.018546525128039892, 0.017586865162796617, 0.013089913881417115, 0.01429364966508162, 0.012184530335767274]","{""1024"": 0.04564887285232544, ""4096"": 0.02853112295269966}",0.45706701278686523,0.00994691154149148,0.689453125,222.61255569999048,75.30476320069283,146.5987291000347,220679110656,290987180032,1370532741120,2592832,1024,,,,,
MB-count,c0.05,21311,A1B0C0,0.007690292548690358,256.6110871083956,183.90312665633746,25.58314471888866,0.58251953125,"[0.120361328125, 0.140625, 0.099609375, 0.06005859375, 0.076171875, 0.068359375, 0.130859375, 0.062255859375, 0.03955078125, 0.054931640625, 0.034423828125, 0.04931640625, 0.0634765625]","[0.119140625, 0.16796875, 0.138671875, 0.0078125, 0.064453125, 0.0390625, 0.19140625, 0.015625, 0.0, 0.05078125, 0.0, 0.0, 0.205078125]",0.244873046875,"[0.16796875, 0.033203125, 0.134765625, 0.296875, 0.310546875, 0.314453125, 0.337890625, 0.36328125]","[0.22867756529008387, 0.13050822896057523, 0.02573927177865798, 0.01894962059867078, 0.02094087621964169, 0.026410887131876226, 0.028655160872724572, 0.021311918656354845]","{""1024"": 0.060699012130498886, ""4096"": 0.03984731063246727}",0.5788218975067139,0.0213007573399541,0.603515625,223.180747099992,75.8863380990806,146.58851350002806,220679110656,290987180032,1370532741120,2592832,1024,,,,,
MB-count,c0.05,21311,A0B1C0,0.010298306690882608,236.0951437544245,163.4034098127272,16.66944455277371,0.461669921875,"[0.146240234375, 0.080322265625, 0.05029296875, 0.052001953125, 0.062744140625, 0.087158203125, 0.187255859375, 0.0732421875, 0.036865234375, 0.032958984375, 0.043212890625, 0.02978515625, 0.117919921875]","[0.193359375, 0.087890625, 0.03515625, 0.0, 0.048828125, 0.11328125, 0.23828125, 0.10546875, 0.00390625, 0.0, 0.009765625, 0.017578125, 0.146484375]",0.2109375,"[0.224609375, 0.04296875, 0.060546875, 0.228515625, 0.26171875, 0.279296875, 0.291015625, 0.298828125]","[0.1673665665581301, 0.15178071823235273, 0.060890932539243714, 0.015626335470885433, 0.01444645544953893, 0.018454810503073293, 0.0162828526442671, 0.016274656247869057]","{""1024"": 0.06042305380105972, ""4096"": 0.03048674575984478}",0.4582824110984802,0.026876218707735405,0.63671875,221.0043123000214,75.71298839927476,144.57272439997178,220679110656,290987180032,1370532741120,2592832,1024,,,,,
MB-count,c0.05,21311,A0B0C1,0.01252699141372382,294.33526971599827,210.01802608675644,20.57787633130374,0.52490234375,"[0.10400390625, 0.16748046875, 0.0927734375, 0.135009765625, 0.08935546875, 0.053955078125, 0.066162109375, 0.105712890625, 0.035888671875, 0.048095703125, 0.0419921875, 0.0283203125, 0.03125]","[0.16796875, 0.1953125, 0.046875, 0.162109375, 0.0703125, 0.001953125, 0.099609375, 0.15625, 0.0, 0.091796875, 0.001953125, 0.0, 0.005859375]",0.178466796875,"[0.193359375, 0.04296875, 0.05859375, 0.228515625, 0.220703125, 0.263671875, 0.208984375, 0.2109375]","[0.2371033132423479, 0.17308814395834826, 0.05849287876408438, 0.023025633321434036, 0.023057328230049023, 0.019915111438217892, 0.022055866164223836, 0.018135298545353784]","{""1024"": 0.05760766938328743, ""4096"": 0.037630531936883926}",0.5013285875320435,0.01892021817710681,0.654296875,220.09836370000266,75.61760099996172,143.7496885000146,220679110656,290987180032,1370532741120,2592832,1024,,,,,
MB-count,c0.05,21312,A0B0C0,0.015452561244407637,244.18742187886164,176.20623679719665,20.431472766837715,0.48681640625,"[0.13623046875, 0.230712890625, 0.1015625, 0.055419921875, 0.054443359375, 0.059326171875, 0.06396484375, 0.120849609375, 0.036376953125, 0.03515625, 0.030029296875, 0.03662109375, 0.039306640625]","[0.14453125, 0.44140625, 0.126953125, 0.0078125, 0.025390625, 0.02734375, 0.03515625, 0.154296875, 0.0, 0.0, 0.0, 0.0, 0.037109375]",0.208740234375,"[0.220703125, 0.041015625, 0.068359375, 0.2265625, 0.275390625, 0.267578125, 0.279296875, 0.291015625]","[0.21597637674391246, 0.12817642950061225, 0.041777675931380376, 0.019817354446132196, 0.014693085679507778, 0.01658241580787667, 0.023488598688949924, 0.016416621558779987]","{""1024"": 0.04578181356191635, ""4096"": 0.02660580351948738}",0.5096210241317749,0.014321943934136341,0.5546875,220.31134849996306,75.37520349996339,144.1974954999896,220679110656,290987180032,1370532741120,2592832,1024,,,,,
MB-count,c0.05,21312,A1B0C0,0.01477036993843317,236.81635730070093,142.67291794007065,31.9114322059213,0.5673828125,"[0.13671875, 0.090087890625, 0.19091796875, 0.050048828125, 0.06640625, 0.052978515625, 0.114990234375, 0.061279296875, 0.0537109375, 0.048828125, 0.04736328125, 0.03759765625, 0.049072265625]","[0.10546875, 0.142578125, 0.3125, 0.001953125, 0.03515625, 0.033203125, 0.26953125, 0.0390625, 0.015625, 0.0, 0.0, 0.0, 0.044921875]",0.288330078125,"[0.205078125, 0.009765625, 0.140625, 0.333984375, 0.369140625, 0.412109375, 0.4453125, 0.390625]","[0.16891426056680592, 0.10974378228489456, 0.036672589926409316, 0.022513348429427538, 0.02715114927619755, 0.035209801342006575, 0.02869255722790287, 0.03363445879928717]","{""1024"": 0.07432833313941956, ""4096"": 0.04653052240610123}",0.6199372410774231,0.020815576759934624,0.48046875,226.03079329998582,75.71757249950315,149.58375190000515,220679110656,290987180032,1370532741120,2592832,1024,,,,,
MB-count,c0.05,21312,A0B1C0,0.004881336549173998,241.55945945954682,187.89045223653284,10.36637301934934,0.471923828125,"[0.159912109375, 0.048583984375, 0.0546875, 0.06201171875, 0.04296875, 0.090087890625, 0.212890625, 0.07861328125, 0.033203125, 0.043701171875, 0.038330078125, 0.040283203125, 0.0947265625]","[0.19140625, 0.01171875, 0.05859375, 0.02734375, 0.029296875, 0.080078125, 0.318359375, 0.130859375, 0.0, 0.001953125, 0.0, 0.001953125, 0.1484375]",0.221435546875,"[0.224609375, 0.044921875, 0.087890625, 0.2421875, 0.310546875, 0.291015625, 0.265625, 0.3046875]","[0.23517303087000752, 0.13180050865447068, 0.044531999914871445, 0.01648348380713749, 0.011548910084467678, 0.012011063622555884, 0.010068874447119569, 0.01017794785629711]","{""1024"": 0.04740196093916893, ""4096"": 0.03132763132452965}",0.43060508370399475,0.004060424011039548,0.6875,222.73010480002267,75.82212409943168,146.19031410002208,220679110656,290987180032,1370532741120,2592832,1024,,,,,
MB-count,c0.05,21312,A0B0C1,0.012439133217643228,284.08939484381835,198.93093267185532,20.34473298503781,0.531494140625,"[0.151123046875, 0.1337890625, 0.085693359375, 0.123046875, 0.076904296875, 0.05224609375, 0.0693359375, 0.10546875, 0.045166015625, 0.04052734375, 0.0390625, 0.030517578125, 0.047119140625]","[0.177734375, 0.140625, 0.099609375, 0.12890625, 0.05078125, 0.013671875, 0.107421875, 0.208984375, 0.0, 0.05859375, 0.01171875, 0.0, 0.001953125]",0.18408203125,"[0.236328125, 0.048828125, 0.08203125, 0.15625, 0.216796875, 0.234375, 0.251953125, 0.24609375]","[0.2459358841109638, 0.14260109376375363, 0.07135112451925796, 0.017924676544257334, 0.019213990301731876, 0.01809952345296617, 0.01938643634262549, 0.02034937026877648]","{""1024"": 0.07107193022966385, ""4096"": 0.03432295471429825}",0.5143778324127197,0.008866880152617228,0.642578125,221.93390280002495,75.15876579993346,146.0607288000174,220679110656,290987180032,1370532741120,2592832,1024,,,,,
