arm,family,tag,seed,context,regret_endpoint,regret_endpoint_se_states,greedy_equals_O_fraction,cumulative_online_regret,online_regret_per_episode,realised_survival,entity_logloss_endpoint,value_error_greedy_mean,value_rmse_all_actions,value_mean_error_all_actions,wall_seconds,training_seconds,probe_seconds,macs_train,macs_act,macs_probe,bytes_total,bytes_replay_peak,max_replay,optimizer_steps,aux_logloss_h4_h8_h12,hazard_nll_endpoint,supply_mean_rmse,supply_sd_ratio_mean,supply_kl_per_cell,planning_error_greedy_mean
MF,MF,lr0.003_U2_d0.998,21101,A0B0C0,0.03036121208143161,0.0037939949506886226,0.43359375,358.3951651521734,0.08749881961722983,0.43505859375,0.3147256424421866,0.019722891101217943,0.2911349735635208,-0.0983171307463392,38.79820259999542,37.79703310019977,0.0663617999816779,265751101440,138412032,605552640,3058848,324608,1024,8192,"[0.21805049110148786, 0.23114432139494623, 0.3147256424421866]",,,,,
MF,MF,lr0.003_U2_d0.998,21101,A1B0C0,0.033552857252682866,0.0038295830522310703,0.365234375,301.8134704249753,0.07368492930297249,0.56396484375,0.2819105770882358,0.05039386427432224,0.2669423857907426,-0.04944171608492852,36.11157550000644,35.12850690026244,0.06419910001568496,265751101440,138412032,605552640,3058848,324608,1024,8192,"[0.19526801388603157, 0.25269971386975615, 0.2819105770882358]",,,,,
MF,MF,lr0.003_U2_d0.998,21101,A0B1C0,0.047761246484450126,0.005235240419528164,0.3828125,360.3451114432471,0.087974880723449,0.44091796875,0.307298847910237,0.04144303043445641,0.2891715774871687,-0.09056630151644864,28.009514099976514,27.212148199716466,0.057285700022475794,265751101440,138412032,605552640,3058848,324608,1024,8192,"[0.18695808115683546, 0.24176657954392694, 0.307298847910237]",,,,,
MF,MF,lr0.003_U2_d0.998,21101,A0B0C1,0.06265418257592525,0.006498883966364358,0.435546875,445.37435575215136,0.10873397357230258,0.474609375,0.26776286294759816,0.050916013620953215,0.2596887029078614,-0.043008156337006095,28.669335700004012,27.896573599646217,0.057165700010955334,265751101440,138412032,605552640,3058848,324608,1024,8192,"[0.16465014482229703, 0.1901600960841605, 0.26776286294759816]",,,,,
MF,MF,lr0.003_U2_d0.998,21101,A1B1C1,0.06476627424787562,0.0062221192835393005,0.44921875,530.9985001005043,0.1296383056885997,0.677001953125,0.3247654447022478,0.05794514257281902,0.29450027125226963,-0.05858202542378797,27.34979700000258,26.559256399967126,0.055862199995317496,265751101440,138412032,605552640,3058848,324608,1024,8192,"[0.26835203950275527, 0.297803314323811, 0.3247654447022478]",,,,,
MF,MF,lr0.003_U2_d0.998,21102,A0B0C0,0.04480163134764048,0.005077593131935579,0.416015625,366.90392099861674,0.08957615258755292,0.4580078125,0.31184961278377826,0.03465655684409352,0.25793241622506935,-0.05202328658567164,26.114795099987532,25.348002600163454,0.05724239996925462,265751101440,138412032,605552640,3058848,324608,1024,8192,"[0.18876900824713416, 0.24023037915945694, 0.31184961278377826]",,,,,
MF,MF,lr0.003_U2_d0.998,21102,A1B0C0,0.05715166031214114,0.005577512891943673,0.322265625,349.70626640298883,0.0853775064460422,0.534423828125,0.2683112452111504,0.04596155240759581,0.3204890042849088,-0.11062012352068831,26.427952600002754,25.676590000279248,0.05415400001220405,265751101440,138412032,605552640,3058848,324608,1024,8192,"[0.28002004512385725, 0.24930625796437994, 0.2683112452111504]",,,,,
MF,MF,lr0.003_U2_d0.998,21102,A0B1C0,0.05178787984726396,0.005565676515433942,0.359375,370.09097979522517,0.09035424311406864,0.437255859375,0.30369843677390557,0.04358080480266757,0.29329285588513615,-0.11165077087350622,25.932086599976174,25.182347900423338,0.05304390001401771,265751101440,138412032,605552640,3058848,324608,1024,8192,"[0.19278717302166284, 0.2281908692142276, 0.30369843677390557]",,,,,
MF,MF,lr0.003_U2_d0.998,21102,A0B0C1,0.07297195008176072,0.00674615008341173,0.365234375,474.0859880178034,0.11574364941840903,0.468017578125,0.238245805952048,0.05168442078196822,0.2121704526462119,-0.00839872239187466,25.435318199990434,24.69065389946627,0.05278020001424011,265751101440,138412032,605552640,3058848,324608,1024,8192,"[0.15883088577901955, 0.16509981891683764, 0.238245805952048]",,,,,
MF,MF,lr0.003_U2_d0.998,21102,A1B1C1,0.06843333184283162,0.006094834402814284,0.466796875,563.4218441210212,0.1375541611623587,0.662353515625,0.3595647254992479,0.03638266415872504,0.34556472487694767,-0.13559005248134,26.1101265999896,25.346669099963037,0.0522179999970831,265751101440,138412032,605552640,3058848,324608,1024,8192,"[0.23266616974829646, 0.3562967867794064, 0.3595647254992479]",,,,,
MF,MF,lr0.003_U2_d0.998,21103,A0B0C0,0.039980637751889425,0.004615868530188427,0.37890625,305.4626416517856,0.07457584024701797,0.462646484375,0.29444969207090455,0.02563093226166968,0.26596729023369403,-0.07839374975540335,26.767021999985445,26.017973900670768,0.05490800003462937,265751101440,138412032,605552640,3058848,324608,1024,8192,"[0.1626258787796897, 0.21264798039157176, 0.29444969207090455]",,,,,
MF,MF,lr0.003_U2_d0.998,21103,A1B0C0,0.03636196189146634,0.004436223760927593,0.3515625,320.5331767759317,0.07825517011131145,0.541748046875,0.23955373133681435,0.023991460422014388,0.2611436970772446,-0.02793106281294447,25.857944200004567,25.096575999923516,0.05440699998871423,265751101440,138412032,605552640,3058848,324608,1024,8192,"[0.22730951765864943, 0.2110052002498591, 0.23955373133681435]",,,,,
MF,MF,lr0.003_U2_d0.998,21103,A0B1C0,0.05189395578427147,0.005706102686100898,0.384765625,323.7820081836105,0.07904834184170179,0.46435546875,0.2872872767414306,0.07110902096561755,0.2725057022278176,-0.07559738696693744,26.63062669998908,25.86762589965656,0.05458020001242403,265751101440,138412032,605552640,3058848,324608,1024,8192,"[0.20113335178014882, 0.20159732660942106, 0.2872872767414306]",,,,,
MF,MF,lr0.003_U2_d0.998,21103,A0B0C1,0.07688662674875779,0.007383805430041686,0.357421875,529.3794355459288,0.12924302625633027,0.46923828125,0.25273534466111996,0.04255694648801045,0.20488703437087577,-0.032149212774499406,25.96865950000938,25.21020989966928,0.05260039999848232,265751101440,138412032,605552640,3058848,324608,1024,8192,"[0.15759708747434859, 0.18656678225428505, 0.25273534466111996]",,,,,
MF,MF,lr0.003_U2_d0.998,21103,A1B1C1,0.05918755250901775,0.005809988230503521,0.4296875,560.0973865677986,0.13674252601752895,0.67333984375,0.2603260357545548,0.07306112265903986,0.2783806541223929,-0.014987583567229857,26.013715899985982,25.24975470008212,0.05275600001914427,265751101440,138412032,605552640,3058848,324608,1024,8192,"[0.19110477600366713, 0.24016690997495496, 0.2603260357545548]",,,,,
MF,MF,lr0.003_U2_d0.998,21104,A0B0C0,0.10145731796088997,0.009114224731915989,0.283203125,533.3579244489031,0.13021433702365798,0.3955078125,0.3560627188479703,0.03931820794020169,0.342367662771923,-0.1386357846080356,26.013424399963696,25.238597899922752,0.05375279998406768,265751101440,138412032,605552640,3058848,324608,1024,8192,"[0.22473977696220543, 0.28159081441084877, 0.3560627188479703]",,,,,
MF,MF,lr0.003_U2_d0.998,21104,A1B0C0,0.037580751203710516,0.003957296405510183,0.357421875,324.320836608983,0.07917989175023998,0.548583984375,0.3015874330322153,0.0456553963880868,0.31841083584263746,-0.09591178288004917,26.70211469999049,25.94917180032644,0.0550680000014836,265751101440,138412032,605552640,3058848,324608,1024,8192,"[0.2606292980211599, 0.28024222630221396, 0.3015874330322153]",,,,,
MF,MF,lr0.003_U2_d0.998,21104,A0B1C0,0.0387937097638984,0.004249997492828069,0.38671875,344.1805359388486,0.08402845115694546,0.438232421875,0.30322608192825024,0.023621525503651153,0.26911636580634274,-0.08906949043957997,25.964457399997627,25.19001860039134,0.053619099970092066,265751101440,138412032,605552640,3058848,324608,1024,8192,"[0.18590876124283687, 0.2212950002508048, 0.30322608192825024]",,,,,
MF,MF,lr0.003_U2_d0.998,21104,A0B0C1,0.07512530134412998,0.007310289254905276,0.412109375,505.080672841749,0.12331071114300513,0.4677734375,0.2593342866383458,0.020061196367072487,0.24137822071214807,-0.058103120301245016,26.625639999998384,25.885879000503337,0.05465290001302492,265751101440,138412032,605552640,3058848,324608,1024,8192,"[0.16318778593864697, 0.18293834018055297, 0.2593342866383458]",,,,,
MF,MF,lr0.003_U2_d0.998,21104,A1B1C1,0.05342954486742668,0.005649767092307725,0.4375,519.3996125489491,0.12680654603245828,0.673583984375,0.388741661483881,0.0642204161111799,0.2882891029656753,-0.048573984732795145,25.790819200017722,25.028196400104207,0.052212300011888146,265751101440,138412032,605552640,3058848,324608,1024,8192,"[0.2025064153897788, 0.32472391443216264, 0.388741661483881]",,,,,
MF,MF,lr0.003_U2_d0.998,21105,A0B0C0,0.031644019281323654,0.004066758660890245,0.453125,310.20485111797734,0.07573360622997494,0.467529296875,0.2650847043404123,0.03844457690085035,0.20595630072220683,-0.0175536317350604,25.604390699983924,24.84790150015033,0.05258399999001995,265751101440,138412032,605552640,3058848,324608,1024,8192,"[0.17874059119501554, 0.18279599291944312, 0.2650847043404123]",,,,,
MF,MF,lr0.003_U2_d0.998,21105,A1B0C0,0.03812533174522903,0.003625458506593698,0.310546875,338.6590256398979,0.0826804261816157,0.5625,0.29305128737909547,0.03627509398624973,0.3004011115218786,-0.08525818676311267,25.75497459998587,24.977835399855394,0.053685900013078935,265751101440,138412032,605552640,3058848,324608,1024,8192,"[0.24864718675926853, 0.25432351928815666, 0.29305128737909547]",,,,,
MF,MF,lr0.003_U2_d0.998,21105,A0B1C0,0.03521017125951209,0.004232114124218912,0.466796875,348.07798895123847,0.08497997777129845,0.433837890625,0.3004261258592433,0.033641787666369716,0.28691324160865334,-0.08715890354344658,26.98079840000719,26.21087840004475,0.05516909997095354,265751101440,138412032,605552640,3058848,324608,1024,8192,"[0.19624282894009062, 0.21711496312156603, 0.3004261258592433]",,,,,
MF,MF,lr0.003_U2_d0.998,21105,A0B0C1,0.08397890860364621,0.007154946408597392,0.291015625,551.3304730605264,0.13460216627454258,0.47607421875,0.26061043573106263,0.06502949476007713,0.24363274589550551,-0.03284412711948267,25.677751900046133,24.908808900014265,0.05365819997678045,265751101440,138412032,605552640,3058848,324608,1024,8192,"[0.18024575946858404, 0.18736332266607691, 0.26061043573106263]",,,,,
MF,MF,lr0.003_U2_d0.998,21105,A1B1C1,0.05674424574994941,0.005816119718998386,0.498046875,509.9906073703012,0.12450942562751494,0.6826171875,0.284557566160103,0.04217492660708144,0.2908674541271399,-0.05002371824621614,26.007711300015217,25.22673010113067,0.056791299997712485,265751101440,138412032,605552640,3058848,324608,1024,8192,"[0.2142832843488619, 0.24931510048982156, 0.284557566160103]",,,,,
MF,MF,lr0.003_U2_d0.998,21106,A0B0C0,0.05562367494780762,0.0063029954537161354,0.390625,387.3361025831316,0.09456447816970986,0.43359375,0.24899887827854797,0.032311276410613265,0.2065959877412344,-0.033994410527026175,27.205945500012604,26.417631199292373,0.055900100007420406,265751101440,138412032,605552640,3058848,324608,1024,8192,"[0.1684534082642415, 0.17583553771452756, 0.24899887827854797]",,,,,
MF,MF,lr0.003_U2_d0.998,21106,A1B0C0,0.04676662752088756,0.0048619527260416,0.392578125,287.12580463959534,0.07009907339833871,0.552001953125,0.36021167242198515,0.03803137149483371,0.3738911990128165,-0.15743718209250154,26.16183889999229,25.371498300126405,0.05434860000968911,265751101440,138412032,605552640,3058848,324608,1024,8192,"[0.32727311084126776, 0.34746302048617583, 0.36021167242198515]",,,,,
MF,MF,lr0.003_U2_d0.998,21106,A0B1C0,0.0703190780138816,0.006653734141883161,0.275390625,454.4409673306702,0.11094750178971441,0.40625,0.3093565867441346,0.05247993326692413,0.3118539390270307,-0.10968321677002876,26.421584000068833,25.641162299682037,0.054163799999514595,265751101440,138412032,605552640,3058848,324608,1024,8192,"[0.19949338593923566, 0.22370549383769928, 0.3093565867441346]",,,,,
MF,MF,lr0.003_U2_d0.998,21106,A0B0C1,0.05829050527833202,0.006515546989103491,0.42578125,469.16022162922195,0.11454106973369677,0.479248046875,0.3054057430934674,0.0366999567203532,0.26698232916233167,-0.07003545041482134,26.242102799966233,25.46144900021318,0.05391359998611733,265751101440,138412032,605552640,3058848,324608,1024,8192,"[0.2309244607506978, 0.23167018088228117, 0.3054057430934674]",,,,,
MF,MF,lr0.003_U2_d0.998,21106,A1B1C1,0.07556304732271046,0.006872493409267585,0.361328125,565.3550495792001,0.1380261351511719,0.669677734375,0.32939247442481584,0.0617423718557335,0.3219158170790652,-0.08625039412310528,26.62490229998366,25.85238490025222,0.05340769999020267,265751101440,138412032,605552640,3058848,324608,1024,8192,"[0.21503130624667946, 0.2883495210709772, 0.32939247442481584]",,,,,
MF,MF,lr0.003_U2_d0.998,21107,A0B0C0,0.04126052495105048,0.004810064296462044,0.373046875,323.39942767758725,0.07895493839784845,0.451171875,0.3579194884688275,0.034809161497669994,0.29492071659760827,-0.10057282746987696,26.100415300010354,25.32479859988962,0.05696799998986535,265751101440,138412032,605552640,3058848,324608,1024,8192,"[0.1925998078547036, 0.26824935515000375, 0.3579194884688275]",,,,,
MF,MF,lr0.003_U2_d0.998,21107,A1B0C0,0.038070595422178055,0.0037466326531320595,0.306640625,307.7723007515174,0.07513972186316342,0.535888671875,0.27756090319674354,0.039469592334010706,0.28392274762796565,-0.0768497377090642,26.699850600009086,25.935476099373773,0.053442200005520135,265751101440,138412032,605552640,3058848,324608,1024,8192,"[0.2273790732768642, 0.2671521117046078, 0.27756090319674354]",,,,,
MF,MF,lr0.003_U2_d0.998,21107,A0B1C0,0.050612637589975584,0.004976024538819017,0.33203125,363.54979937115627,0.0887572752370987,0.429931640625,0.2824127904477637,0.04607411788326776,0.2453426511207484,-0.0601386916944268,25.69583879999118,24.91030600015074,0.056367500030319206,265751101440,138412032,605552640,3058848,324608,1024,8192,"[0.17507667917909722, 0.19305291562234245, 0.2824127904477637]",,,,,
MF,MF,lr0.003_U2_d0.998,21107,A0B0C1,0.06574954573554503,0.006301101229426708,0.3671875,466.22827453280365,0.11382526233711027,0.471923828125,0.2435580301588575,0.019433136559693587,0.22496755884916952,-0.0439826236903584,25.7268484000233,24.95077009956003,0.054411199991591275,265751101440,138412032,605552640,3058848,324608,1024,8192,"[0.17689427797009175, 0.17643735888588608, 0.2435580301588575]",,,,,
MF,MF,lr0.003_U2_d0.998,21107,A1B1C1,0.07482205658490892,0.0073092644132309315,0.462890625,535.0379366543257,0.13062449625349748,0.682373046875,0.4185222128272336,0.054206112746157054,0.3281856263406418,-0.09660848035665194,25.69618869999249,24.916343699922436,0.05662870002561249,265751101440,138412032,605552640,3058848,324608,1024,8192,"[0.2945057318945411, 0.39252545428279584, 0.4185222128272336]",,,,,
MF,MF,lr0.003_U2_d0.998,21108,A0B0C0,0.04676364626300833,0.005432046123869796,0.390625,395.8291907034263,0.09663798601157869,0.453369140625,0.2944356682337468,0.018621033908767792,0.2897104329121182,-0.09293030443161027,26.847155599985854,26.067867700432544,0.05702339998970274,265751101440,138412032,605552640,3058848,324608,1024,8192,"[0.19254972353783403, 0.21961263282763063, 0.2944356682337468]",,,,,
MF,MF,lr0.003_U2_d0.998,21108,A1B0C0,0.04308322713301216,0.004508636539292367,0.291015625,325.1073373258132,0.07937190852680986,0.559326171875,0.23383371013165893,0.0418321002902724,0.2642304344580685,-0.017508408757579533,26.156290900020394,25.386510400130646,0.05294229998253286,265751101440,138412032,605552640,3058848,324608,1024,8192,"[0.19911602266831963, 0.21937337409728608, 0.23383371013165893]",,,,,
MF,MF,lr0.003_U2_d0.998,21108,A0B1C0,0.04480210823241304,0.004733482887883943,0.357421875,345.15463671773864,0.08426626872991666,0.44140625,0.342905758887291,0.0590977799943837,0.3083498008692004,-0.10565660221317692,26.286262200039346,25.4886663997313,0.05557240002963226,265751101440,138412032,605552640,3058848,324608,1024,8192,"[0.21215422591364488, 0.25115588933940614, 0.342905758887291]",,,,,
MF,MF,lr0.003_U2_d0.998,21108,A0B0C1,0.07447133313327159,0.007392895595683267,0.373046875,465.4537645647772,0.11363617298944756,0.46826171875,0.29783815422459725,0.018266874160889124,0.30713870402637977,-0.10635349086100776,25.989876400009962,25.206376200017985,0.053097599986358546,265751101440,138412032,605552640,3058848,324608,1024,8192,"[0.20555731007474007, 0.22225971450485468, 0.29783815422459725]",,,,,
MF,MF,lr0.003_U2_d0.998,21108,A1B1C1,0.060844822030905465,0.005867941736326702,0.462890625,470.956206323126,0.11497954255935694,0.693115234375,0.35850927525861265,0.06372908732831295,0.3083141928556173,-0.09048730354491291,25.962045599982957,25.1849857000052,0.0543725000025006,265751101440,138412032,605552640,3058848,324608,1024,8192,"[0.25359230120972126, 0.34945318861537306, 0.35850927525861265]",,,,,
MF,MF,lr0.003_U2_d0.998,21109,A0B0C0,0.039372393455153976,0.004617054278974667,0.412109375,346.99240676982845,0.08471494305904015,0.468505859375,0.2805566406008278,0.05090047750088056,0.2642738718751168,-0.07767342363330648,25.87236499998835,25.09158509952249,0.055628899979637936,265751101440,138412032,605552640,3058848,324608,1024,8192,"[0.19305551772126409, 0.20153494384067164, 0.2805566406008278]",,,,,
MF,MF,lr0.003_U2_d0.998,21109,A1B0C0,0.053036373113366064,0.0059314852867102825,0.36328125,329.91158476572787,0.08054482049944528,0.5419921875,0.23318478600829673,0.071877677424252,0.2462985428004138,-0.003658807092310789,26.511630900000455,25.73620220029261,0.057867700001224875,265751101440,138412032,605552640,3058848,324608,1024,8192,"[0.199963782525523, 0.21253954431778616, 0.23318478600829673]",,,,,
MF,MF,lr0.003_U2_d0.998,21109,A0B1C0,0.04703929973110332,0.004691574988909011,0.375,348.82509118573057,0.08516237577776625,0.433349609375,0.30482946552123225,0.05005602098044193,0.3066316907890081,-0.12260180412728561,25.93657809997967,25.15894190009567,0.05330670002149418,265751101440,138412032,605552640,3058848,324608,1024,8192,"[0.217026939763008, 0.20907959399280932, 0.30482946552123225]",,,,,
MF,MF,lr0.003_U2_d0.998,21109,A0B0C1,0.06115839912418197,0.00618893987817747,0.404296875,437.23081200877095,0.10674580371307885,0.4814453125,0.25804257247390544,0.05266231800606214,0.2504656434582371,-0.06114611552466029,27.00832980000996,26.22577860057936,0.057034099983866327,265751101440,138412032,605552640,3058848,324608,1024,8192,"[0.20321308705312424, 0.17595749432377747, 0.25804257247390544]",,,,,
MF,MF,lr0.003_U2_d0.998,21109,A1B1C1,0.07837523935466661,0.007253659771702405,0.4375,496.50598594354597,0.12121728172449853,0.679931640625,0.34569398745203994,0.0684811085615813,0.3331068207385106,-0.09204068524868651,26.065232799985097,25.277525299883564,0.05481689998123329,265751101440,138412032,605552640,3058848,324608,1024,8192,"[0.2496286388926043, 0.29612050102269943, 0.34569398745203994]",,,,,
MF,MF,lr0.003_U2_d0.998,21110,A0B0C0,0.05400370123256781,0.005606749414809532,0.365234375,389.91770351461105,0.09519475183462184,0.4375,0.2651807041037639,0.033745867297800825,0.2594109957355038,-0.07811838625478981,25.975809600000503,25.184262600087095,0.053982799989171326,265751101440,138412032,605552640,3058848,324608,1024,8192,"[0.18237841899374843, 0.19243455735366202, 0.2651807041037639]",,,,,
MF,MF,lr0.003_U2_d0.998,21110,A1B0C0,0.03288592103060939,0.003340700859909617,0.32421875,269.4467284851446,0.0657828926965685,0.557861328125,0.31029622379607763,0.04171979218141031,0.31796543792120113,-0.10706568633112966,25.94278430000122,25.158534500791575,0.0535245000210125,265751101440,138412032,605552640,3058848,324608,1024,8192,"[0.2844648764874568, 0.2945835697493989, 0.31029622379607763]",,,,,
MF,MF,lr0.003_U2_d0.998,21110,A0B1C0,0.051439842088349064,0.00503731874792082,0.30859375,428.32302709255873,0.10457105153626922,0.435302734375,0.27752023549686716,0.04735603027862911,0.2455603822824218,-0.05286366321009477,26.816654299997026,26.037426199764013,0.0558759999985341,265751101440,138412032,605552640,3058848,324608,1024,8192,"[0.1643813286247849, 0.1900616386422083, 0.27752023549686716]",,,,,
MF,MF,lr0.003_U2_d0.998,21110,A0B0C1,0.07154208686938723,0.0069065229117337475,0.337890625,516.8073921175767,0.12617367971620524,0.46484375,0.2448694158758792,0.05487123660804771,0.22620651513910245,-0.04120033132644591,25.925176200005808,25.159567200098536,0.05304769999929704,265751101440,138412032,605552640,3058848,324608,1024,8192,"[0.16392762978626899, 0.17440212483052894, 0.2448694158758792]",,,,,
MF,MF,lr0.003_U2_d0.998,21110,A1B1C1,0.06662284518294337,0.006131021594128982,0.41015625,507.5087509660525,0.12390350365382141,0.67431640625,0.33228401120746565,0.044292168827388956,0.3440077012354914,-0.11282270897286245,27.189899899967713,25.94359079984133,0.05543749999196734,265751101440,138412032,605552640,3058848,324608,1024,8192,"[0.18839845629947374, 0.2985422834322697, 0.33228401120746565]",,,,,
MF,MF,lr0.003_U2_d0.998,21111,A0B0C0,0.04315523064217697,0.005139030362842558,0.384765625,375.373600360369,0.09164394540048071,0.45361328125,0.3369140048186513,0.043117635692258016,0.2732495417031886,-0.07902336791014951,25.74647169999662,24.9677894009219,0.055630599992582574,265751101440,138412032,605552640,3058848,324608,1024,8192,"[0.22700476481696968, 0.2299914136393761, 0.3369140048186513]",,,,,
MF,MF,lr0.003_U2_d0.998,21111,A1B0C0,0.032187790240273184,0.0039589067645075925,0.400390625,272.61549010055955,0.06655651613783192,0.56005859375,0.3053657076170656,0.038477594728352216,0.3642342482980532,-0.1410608852580737,25.78644720002194,25.00709250071668,0.053637100019841455,265751101440,138412032,605552640,3058848,324608,1024,8192,"[0.24313404705666586, 0.2888106238835987, 0.3053657076170656]",,,,,
MF,MF,lr0.003_U2_d0.998,21111,A0B1C0,0.04069366368598981,0.004675870827910802,0.408203125,363.521514235571,0.0887503696864187,0.436279296875,0.2989893391687682,0.03661143071635786,0.2625456152799406,-0.07013833992451707,25.81893099998706,25.053726898986497,0.05324850000033621,265751101440,138412032,605552640,3058848,324608,1024,8192,"[0.1749802771234968, 0.2281609379123681, 0.2989893391687682]",,,,,
MF,MF,lr0.003_U2_d0.998,21111,A0B0C1,0.07140115267726843,0.007158698002104422,0.376953125,496.3803993149688,0.12118662092650606,0.4677734375,0.26103635454997076,0.05019478901373997,0.25836968990181564,-0.05838224489765908,25.810700300018652,25.048031700469437,0.05341749999206513,265751101440,138412032,605552640,3058848,324608,1024,8192,"[0.19143854634108734, 0.1900844961886725, 0.26103635454997076]",,,,,
MF,MF,lr0.003_U2_d0.998,21111,A1B1C1,0.06622297567911328,0.006452075562561591,0.451171875,508.6748242417393,0.12418818951214339,0.688720703125,0.291119495738205,0.07834326511631629,0.2715885827466596,-0.01257089303643014,26.6355303000164,25.865474100079155,0.05727560001832899,265751101440,138412032,605552640,3058848,324608,1024,8192,"[0.1971743646733096, 0.2642198914295098, 0.291119495738205]",,,,,
MF,MF,lr0.003_U2_d0.998,21112,A0B0C0,0.04742242218060566,0.005430259522893911,0.40234375,373.69390632986506,0.09123386385006471,0.446533203125,0.3470523813255995,0.03032837313144654,0.29567863752717927,-0.09546851847770196,26.473152800041134,25.70804029912688,0.05570860000443645,265751101440,138412032,605552640,3058848,324608,1024,8192,"[0.1882235498757931, 0.2649387804295445, 0.3470523813255995]",,,,,
MF,MF,lr0.003_U2_d0.998,21112,A1B0C0,0.051645901975049036,0.005071272444336635,0.328125,325.564563343743,0.0794835359725935,0.546142578125,0.2793813830163983,0.04529607202091013,0.3377990862164777,-0.1066897254509449,25.916230800008634,25.145452100157854,0.05315809999592602,265751101440,138412032,605552640,3058848,324608,1024,8192,"[0.25956794279876205, 0.2732316743813558, 0.2793813830163983]",,,,,
MF,MF,lr0.003_U2_d0.998,21112,A0B1C0,0.04995746704691406,0.005167219062833399,0.31640625,362.9563069817932,0.08861237963422686,0.436767578125,0.2797242272924815,0.04729501959256677,0.2442057706179858,-0.058520194279527434,25.975223400004325,25.224705100423307,0.05455760000040755,265751101440,138412032,605552640,3058848,324608,1024,8192,"[0.14657418867482544, 0.19006905932706553, 0.2797242272924815]",,,,,
MF,MF,lr0.003_U2_d0.998,21112,A0B0C1,0.0544364767757366,0.0057413477474344155,0.447265625,394.54316880277884,0.09632401582099093,0.502685546875,0.2843810358369956,0.04958387434500455,0.27839000334727887,-0.0862334070003356,25.803356200020062,25.042868400210864,0.05311139998957515,265751101440,138412032,605552640,3058848,324608,1024,8192,"[0.2202247950047029, 0.2185766333565119, 0.2843810358369956]",,,,,
MF,MF,lr0.003_U2_d0.998,21112,A1B1C1,0.0744724176324012,0.006928119708107741,0.388671875,528.0643303227005,0.12892195564519054,0.661865234375,0.31032834544732507,0.029034670101315996,0.3189314825443628,-0.11239125387870247,25.732823000013013,24.960672400236945,0.05356939999910537,265751101440,138412032,605552640,3058848,324608,1024,8192,"[0.22424629931806586, 0.27314715054382716, 0.31032834544732507]",,,,,
MB,MB,lr0.001_U2_d0.99,21101,A0B0C0,0.0038572739146203183,0.0008975311631790806,0.689453125,237.45418867063518,0.05797221403091679,0.466796875,0.15179637593356127,0.0006573887518678833,0.06015839916353765,-0.0006116875513814415,166.9043370000145,53.67167680020793,112.61345360000269,220679110656,290987180032,1279599247360,2592832,324608,1024,8192,,0.5279008746147156,0.011628273317998077,0.9965725708362914,0.0010393627188497673,0.0006573887518678833
MB,MB,lr0.001_U2_d0.99,21101,A1B0C0,0.0064345037293889185,0.0011672205260684504,0.59375,235.04456882489148,0.05738392793576452,0.58154296875,0.13362088526727997,0.023648530038706768,0.09878608808557025,0.03618579444768463,166.82584180001868,53.414751000193064,112.81321849998494,220679110656,290987180032,1279599247360,2592832,324608,1024,8192,,0.5494130253791809,0.010603886353227582,0.9966374963443204,0.0008855685683569357,0.023648530038706768
MB,MB,lr0.001_U2_d0.99,21101,A0B1C0,0.007190986560135393,0.0013704874630178158,0.6875,195.1075604344353,0.047633681746688306,0.470458984375,0.1576660566611299,0.009439525136793423,0.08929336332419202,0.01996317164537554,166.99838920003094,53.475773600293905,112.91520690002653,220679110656,290987180032,1279599247360,2592832,324608,1024,8192,,0.5343146920204163,0.012065548372956465,0.9946404433911746,0.0011039465453573866,0.009439525136793423
MB,MB,lr0.001_U2_d0.99,21101,A0B0C1,0.011549377163036834,0.0019320949613144858,0.62890625,292.26147923442954,0.07135290020371815,0.50390625,0.14775318758770403,0.010789600355790959,0.07299248269382734,0.006912870584558343,167.28240390001156,53.697530899808044,112.99409979998018,220679110656,290987180032,1279599247360,2592832,324608,1024,8192,,0.5039408206939697,0.011903201207814544,0.995092875115473,0.0010405829407490958,0.010789600355790959
MB,MB,lr0.001_U2_d0.99,21101,A1B1C1,0.02775624739934024,0.00457895633652991,0.638671875,463.3814440769704,0.1131302353703541,0.703857421875,0.16950706032857604,0.026330723493144692,0.13453973764747476,0.04009159619127475,166.63999559999502,53.27828470055829,112.77000879998377,220679110656,290987180032,1279599247360,2592832,324608,1024,8192,,0.6713985800743103,0.01221482206619826,1.0015824784804346,0.000983694450823876,0.026330723493144692
MB,MB,lr0.001_U2_d0.99,21102,A0B0C0,0.0027581063424202412,0.0005697932180230472,0.72265625,262.6008188962978,0.06411152805085396,0.480712890625,0.15798336122621473,0.0038120649183736167,0.08170851899165311,0.021595299967629142,167.19777040001645,53.697462999407435,112.90838259999873,220679110656,290987180032,1279599247360,2592832,324608,1024,8192,,0.5181774497032166,0.011314347806275781,1.00305447811329,0.0008941571953448148,0.0038120649183736167
MB,MB,lr0.001_U2_d0.99,21102,A1B0C0,0.007337613252417441,0.0013562461220769661,0.591796875,220.38841932798482,0.053805766437496294,0.561767578125,0.14700003216610766,0.014346272854791677,0.12012261175474245,0.026923805614140265,167.42591300001368,53.602616000236594,113.21403979999013,220679110656,290987180032,1279599247360,2592832,324608,1024,8192,,0.5986778140068054,0.011692414743751756,0.9977358263445849,0.00095455065967172,0.014346272854791677
MB,MB,lr0.001_U2_d0.99,21102,A0B1C0,0.0045561973894883145,0.0010246537015218629,0.75,209.06317923982465,0.051040815244097815,0.478759765625,0.1735544445641146,0.024476860784813155,0.11424219591751716,0.037053050170187854,168.29845370004477,53.86972320031782,113.84101350001583,220679110656,290987180032,1279599247360,2592832,324608,1024,8192,,0.5487136244773865,0.011873230142038008,1.0046007368076615,0.0009261467461611834,0.024476860784813155
MB,MB,lr0.001_U2_d0.99,21102,A0B0C1,0.015184544945079814,0.002296427740468352,0.63671875,266.3068522342701,0.06501632134625734,0.510498046875,0.15186739509041802,0.01952861622780027,0.09789248416248082,0.026233353330826218,167.9858535000094,53.70402500050841,113.67718929996772,220679110656,290987180032,1279599247360,2592832,324608,1024,8192,,0.4942692518234253,0.01095864966915573,0.9971603390861533,0.0012093438524844581,0.01952861622780027
MB,MB,lr0.001_U2_d0.99,21102,A1B1C1,0.029247732772203605,0.003635592102917921,0.611328125,361.0216309850284,0.0881400466272042,0.713134765625,0.16507421763869864,0.05799112548012397,0.12286258268846009,0.03400372324023331,167.91239289999066,53.69664510022267,113.62729129998479,220679110656,290987180032,1279599247360,2592832,324608,1024,8192,,0.6958110928535461,0.011701141855592566,1.0046475683216496,0.0010625630693437663,0.05799112548012397
MB,MB,lr0.001_U2_d0.99,21103,A0B0C0,0.0036532880921864574,0.0007154812797867433,0.716796875,237.6478482836817,0.05801949420988323,0.4833984375,0.1716319705940395,0.010063102930106727,0.09939220190776811,0.022560913083894168,168.20746950003377,53.8542619994987,113.74797239998588,220679110656,290987180032,1279599247360,2592832,324608,1024,8192,,0.594108521938324,0.010415514227389903,1.0003528237451405,0.0009981910491848507,0.010063102930106727
MB,MB,lr0.001_U2_d0.99,21103,A1B0C0,0.0028698558707471733,0.000614445497699832,0.701171875,193.1218457242403,0.047148888116269605,0.578369140625,0.13941498939571234,0.023407621470527076,0.11108589002799013,0.04566524234225698,168.33971029998793,53.9892659997422,113.76416390002123,220679110656,290987180032,1279599247360,2592832,324608,1024,8192,,0.6019403338432312,0.010808703074509209,0.9971447831636748,0.0011101541542708389,0.023407621470527076
MB,MB,lr0.001_U2_d0.99,21103,A0B1C0,0.0054100887628130145,0.001200827046436111,0.716796875,245.70550989480967,0.059986696751662516,0.482177734375,0.14641413805198644,0.012007899596809073,0.06744409522389078,0.005324033827111802,197.7538933999749,67.41248160008399,129.6556389999896,220679110656,290987180032,1279599247360,2592832,324608,1024,8192,,0.4417707026004791,0.010282722322816264,0.9949646615649389,0.0008906768057424118,0.012007899596809073
MB,MB,lr0.001_U2_d0.99,21103,A0B0C1,0.015252734916412436,0.0028880543466979457,0.638671875,295.73211140289936,0.07220022251047348,0.52294921875,0.1647513490155841,-0.0018441799042601265,0.0937148128954355,0.016440622456967244,199.44532639997487,68.33561349994852,130.44099520001328,220679110656,290987180032,1279599247360,2592832,324608,1024,8192,,0.6410226821899414,0.014274518578761474,1.0031833466500337,0.0010968298028774341,-0.0018441799042601265
MB,MB,lr0.001_U2_d0.99,21103,A1B1C1,0.03360641605125059,0.005331112474015486,0.658203125,376.6556687501088,0.09195695037844454,0.715087890625,0.17178021480871122,0.042974112562722766,0.1352679355183847,0.042127045937022316,198.99841949999973,68.2143617993861,130.1107228000037,220679110656,290987180032,1279599247360,2592832,324608,1024,8192,,0.7906343340873718,0.009576862557164972,0.9993091032201035,0.0007182338176900332,0.042974112562722766
MB,MB,lr0.001_U2_d0.99,21104,A0B0C0,0.004364749668202883,0.0008453633448584957,0.673828125,215.32397338352825,0.05256932943933795,0.473388671875,0.15466120430359856,0.005124172339503108,0.07286717435348464,0.007578085182274404,199.31136880001577,68.03097319927474,130.59920480001892,220679110656,290987180032,1279599247360,2592832,324608,1024,8192,,0.4754031300544739,0.01259677136201247,0.9969155379903061,0.0010984022014626073,0.005124172339503108
MB,MB,lr0.001_U2_d0.99,21104,A1B0C0,0.0061535675953430236,0.001201451274237931,0.603515625,226.49071802692856,0.055295585455793106,0.573486328125,0.13355268796738207,0.027241207004358624,0.08060051587875261,0.022585598416215272,199.33967979997396,68.17484719975619,130.49872160001541,220679110656,290987180032,1279599247360,2592832,324608,1024,8192,,0.5950917601585388,0.011939612264694668,1.0014387908806983,0.0011506828895097205,0.027241207004358624
MB,MB,lr0.001_U2_d0.99,21104,A0B1C0,0.0043835786793735565,0.0010979159435304095,0.755859375,244.75187371780612,0.05975387541938626,0.46044921875,0.1531631596891799,0.009955873914647792,0.07052661364735874,0.012486232461022751,198.84991890002857,68.123167699654,130.04896929999813,220679110656,290987180032,1279599247360,2592832,324608,1024,8192,,0.443055659532547,0.009392693190280582,0.9961903863829754,0.0008466536309804343,0.009955873914647792
MB,MB,lr0.001_U2_d0.99,21104,A0B0C1,0.015194318955499497,0.002945592474123443,0.73046875,270.60075060154713,0.06606463637733084,0.52734375,0.14554451930064397,0.006738684779417893,0.06518596944446417,0.006975713370210914,213.6330794999958,72.97165529937774,139.98254339999403,220679110656,290987180032,1279599247360,2592832,324608,1024,8192,,0.5342817902565002,0.012344500925232352,1.0012784830058925,0.0011178897624665853,0.006738684779417893
MB,MB,lr0.001_U2_d0.99,21104,A1B1C1,0.010591791720542698,0.0017505918417115103,0.724609375,403.1047606677721,0.0984142482099053,0.699462890625,0.1796598385970407,0.04514111572353485,0.12775184612292664,0.043199136753654575,214.6628614999645,72.66137090011034,141.33034480000788,220679110656,290987180032,1279599247360,2592832,324608,1024,8192,,0.7410568594932556,0.010942074193865154,0.9988239221853239,0.0007875865645206007,0.04514111572353485
MB,MB,lr0.001_U2_d0.99,21105,A0B0C0,0.004575024378689729,0.0008471197500786796,0.642578125,207.96533309362212,0.05077278639981009,0.4921875,0.16087350587082766,0.013750235613950668,0.08255471443618453,0.015209146007709486,214.27051570000185,72.47357419988839,141.12112670000351,220679110656,290987180032,1279599247360,2592832,324608,1024,8192,,0.5329139232635498,0.013830672329279014,1.001037611827303,0.0012071228536238987,0.013750235613950668
MB,MB,lr0.001_U2_d0.99,21105,A1B0C0,0.006279953494686907,0.0010800710262753158,0.64453125,233.6798131614155,0.057050735635111205,0.58203125,0.14290354060979313,0.002372984923357603,0.09980711834705623,0.01661640291151771,215.46064290001232,72.68096830039576,142.10460380000586,220679110656,290987180032,1279599247360,2592832,324608,1024,8192,,0.6238438487052917,0.011652214452151682,1.001951890702663,0.0011452509009968008,0.002372984923357603
MB,MB,lr0.001_U2_d0.99,21105,A0B1C0,0.00702791948439474,0.00124145863426019,0.685546875,195.33147132795716,0.04768834749217704,0.471435546875,0.15265899458309107,0.013518489343981923,0.06911438725425953,0.01582261581510449,216.22623369997018,73.29394589966978,142.26621339998383,220679110656,290987180032,1279599247360,2592832,324608,1024,8192,,0.511711597442627,0.01072180792831771,1.002198247390758,0.0008592904727759852,0.013518489343981923
MB,MB,lr0.001_U2_d0.99,21105,A0B0C1,0.008346045744273223,0.001575879328890948,0.734375,239.29386363642766,0.05842135342686222,0.547119140625,0.15944315850005056,0.015311686302721615,0.07902815073811395,0.007104535787646592,215.7304218999925,73.45502959979058,141.59793200000422,220679110656,290987180032,1279599247360,2592832,324608,1024,8192,,0.5676214694976807,0.011315622277416344,0.999473422885443,0.0009806646185135074,0.015311686302721615
MB,MB,lr0.001_U2_d0.99,21105,A1B1C1,0.006045863049060962,0.0010276486567330858,0.763671875,370.52534716537957,0.09046028983529775,0.720703125,0.172171582302697,0.03822839309962012,0.12954276814862614,0.030209531302642013,211.91279680001026,73.37911750060448,137.83006049999676,220679110656,290987180032,1279599247360,2592832,324608,1024,8192,,0.6958410143852234,0.010941132272649605,0.9982469612079208,0.0010504704018509422,0.03822839309962012
MB,MB,lr0.001_U2_d0.99,21106,A0B0C0,0.00659052730443177,0.0012359165187648318,0.671875,156.4685969969887,0.038200341063717946,0.489013671875,0.1608411209244253,0.0035073591205540605,0.07599593329858928,0.002043602305455573,215.05160599997907,73.03579420027381,141.329942700002,220679110656,290987180032,1279599247360,2592832,324608,1024,8192,,0.5576096773147583,0.013419810072202637,1.0044000654076877,0.0011675279525002807,0.0035073591205540605
MB,MB,lr0.001_U2_d0.99,21106,A1B0C0,0.006148577840574987,0.0011036549105094622,0.6484375,189.13727975044367,0.04617609368907316,0.579833984375,0.14186076068513576,0.009848827633116775,0.10791591701184741,0.03569322898086035,213.8353565000143,72.52538450037537,140.61491010000464,220679110656,290987180032,1279599247360,2592832,324608,1024,8192,,0.6174123883247375,0.012526257106703902,1.0045325363685844,0.001195284385901234,0.009848827633116775
MB,MB,lr0.001_U2_d0.99,21106,A0B1C0,0.006074573389186266,0.0011246459746670648,0.669921875,181.89624657416584,0.04440826332377096,0.46630859375,0.14881578934644035,0.003509612762467952,0.07316263773750066,0.00347913551298091,214.53995129998657,72.92717769995215,140.9163336999918,220679110656,290987180032,1279599247360,2592832,324608,1024,8192,,0.47117164731025696,0.012356099335355784,0.9998606016086075,0.001140296065450189,0.003509612762467952
MB,MB,lr0.001_U2_d0.99,21106,A0B0C1,0.009143418713601026,0.0015170523400236488,0.701171875,271.99578961558086,0.06640522207411642,0.528076171875,0.17440702708364747,0.012820797733108642,0.09949687813864315,0.020987594155087518,215.11475230002543,73.92281759934849,140.48043119999056,220679110656,290987180032,1279599247360,2592832,324608,1024,8192,,0.637764573097229,0.011311332799989344,0.9987391014711775,0.0009892456820698354,0.012820797733108642
MB,MB,lr0.001_U2_d0.99,21106,A1B1C1,0.00978309008216316,0.0016287871593467162,0.72265625,377.3707348601415,0.09213152706546424,0.723388671875,0.16245660020222621,0.044928738154461634,0.11450516825745424,0.04133642533407053,215.57368499996664,73.59236700032488,141.29132330001448,220679110656,290987180032,1279599247360,2592832,324608,1024,8192,,0.6513960361480713,0.00998005673912475,0.9949956915366199,0.0008084111506431303,0.044928738154461634
MB,MB,lr0.001_U2_d0.99,21107,A0B0C0,0.005526865737777609,0.0011589131342996488,0.66796875,296.59574857272605,0.0724110714288882,0.4580078125,0.15434658774668947,0.0064861832512239925,0.07448466356231558,0.014738938583819907,210.92908180000086,74.02519209959428,136.20313760000863,220679110656,290987180032,1279599247360,2592832,324608,1024,8192,,0.5008890628814697,0.010946425805588854,0.9996998843674207,0.0009465705160314383,0.0064861832512239925
MB,MB,lr0.001_U2_d0.99,21107,A1B0C0,0.008156759314495776,0.00138757753796082,0.6484375,165.52575536009704,0.04041156136721119,0.569091796875,0.14802422320049027,0.013681161589856328,0.12489043775439178,0.030033242962388847,214.2902730999631,73.13737860016408,140.46110789998784,220679110656,290987180032,1279599247360,2592832,324608,1024,8192,,0.7350350618362427,0.012977487016044675,1.0021713110828872,0.0010635983463277432,0.013681161589856328
MB,MB,lr0.001_U2_d0.99,21107,A0B1C0,0.006983064521212334,0.0011430506965818996,0.69140625,268.0740033321449,0.06544775471976194,0.454833984375,0.15259089162321202,0.021208756297756093,0.0748254145898313,0.013276848488534554,215.59413839997433,73.44842660032737,141.46484259999124,220679110656,290987180032,1279599247360,2592832,324608,1024,8192,,0.44834157824516296,0.01398718259713584,1.002072080672129,0.0011343439268203988,0.021208756297756093
MB,MB,lr0.001_U2_d0.99,21107,A0B0C1,0.013428478279994938,0.0020936762551919423,0.666015625,353.1076669068227,0.08620792649092351,0.50390625,0.15306758073895133,0.024152162053250596,0.08859229259831364,0.013653915971161536,214.63757599997916,73.48592100017413,140.47145480000472,220679110656,290987180032,1279599247360,2592832,324608,1024,8192,,0.49801215529441833,0.011780671458124928,0.9952155212832252,0.0008631182230350926,0.024152162053250596
MB,MB,lr0.001_U2_d0.99,21107,A1B1C1,0.01326679491250582,0.0021246131287665612,0.697265625,303.0716362508913,0.07399209869406526,0.7373046875,0.17348254557214707,0.054315070305356095,0.1341893948683401,0.04238622922201323,214.96089419997588,73.27014390069235,141.00340260003577,220679110656,290987180032,1279599247360,2592832,324608,1024,8192,,0.850917398929596,0.011107910239830153,1.000128900334725,0.0009376862868364767,0.054315070305356095
MB,MB,lr0.001_U2_d0.99,21108,A0B0C0,0.0036288618202973133,0.000843725438319573,0.70703125,228.77553687427462,0.05585340255719595,0.495849609375,0.16477991488221752,0.010556780759576688,0.08423601175962708,0.022073566062481922,214.52403640000557,73.42464469945116,140.41071980002744,220679110656,290987180032,1279599247360,2592832,324608,1024,8192,,0.5641037821769714,0.014763993995189134,1.0015331088948842,0.0011602049095016788,0.010556780759576688
MB,MB,lr0.001_U2_d0.99,21108,A1B0C0,0.0064599775672156134,0.001099442955857518,0.689453125,244.22370156377588,0.05962492713959372,0.5732421875,0.1393456218487494,0.02306370247600563,0.09624686414631413,0.02795169379838565,211.00944380000874,74.2617273999349,136.03622729999188,220679110656,290987180032,1279599247360,2592832,324608,1024,8192,,0.626515805721283,0.01130837005871473,1.0010148510565187,0.0008970493143335854,0.02306370247600563
MB,MB,lr0.001_U2_d0.99,21108,A0B1C0,0.007233303695848736,0.0014096609356354939,0.68359375,225.21246593233082,0.05498351219051045,0.478759765625,0.18493586553638544,0.014224462618787908,0.11083982990328932,-0.0034646466714358106,214.47634709998965,73.29366670026502,140.48773009997967,220679110656,290987180032,1279599247360,2592832,324608,1024,8192,,0.6780598163604736,0.012908662428393324,0.9996271808981525,0.0010615319268936774,0.014224462618787908
MB,MB,lr0.001_U2_d0.99,21108,A0B0C1,0.011137376717014646,0.0018829855945010055,0.693359375,260.98136826346376,0.06371615436119721,0.514404296875,0.1510755118287093,0.00865501931593246,0.08124478706460365,0.01430222811692432,215.45811589997902,74.08963190011855,140.68216029999894,220679110656,290987180032,1279599247360,2592832,324608,1024,8192,,0.5591432452201843,0.013160707231346967,1.0053835272014393,0.0011009192053252933,0.00865501931593246
MB,MB,lr0.001_U2_d0.99,21108,A1B1C1,0.008567872996075643,0.0013930109957440934,0.732421875,376.4379182477753,0.09190378863471077,0.71337890625,0.1661605287059628,0.048858239389422575,0.10776987801407378,0.029333134685722607,215.11982800000987,73.02280470026017,141.41617450000194,220679110656,290987180032,1279599247360,2592832,324608,1024,8192,,0.6488864421844482,0.011405441834616708,1.0042287865138708,0.0012004009805495115,0.048858239389422575
MB,MB,lr0.001_U2_d0.99,21109,A0B0C0,0.0029546059798217783,0.0006293022537775948,0.736328125,228.6779507108638,0.05582957781026948,0.4951171875,0.15566060294581105,0.004680011219740257,0.06667588537591264,0.013725814801881465,216.2009610999812,73.97955069963064,141.52798659997643,220679110656,290987180032,1279599247360,2592832,324608,1024,8192,,0.502041757106781,0.009682879195519863,0.9963939233476162,0.0008167979261751415,0.004680011219740257
MB,MB,lr0.001_U2_d0.99,21109,A1B0C0,0.006341786969642271,0.0010640371292806145,0.611328125,250.07822676466662,0.06105425458121744,0.55615234375,0.14534972955080824,0.006215870028202465,0.1304483363234432,0.03439100580930966,215.50684420001926,73.67356389926863,141.14170649998414,220679110656,290987180032,1279599247360,2592832,324608,1024,8192,,0.5946194529533386,0.014243107055429477,1.002068478247976,0.0013389130101828764,0.006215870028202465
MB,MB,lr0.001_U2_d0.99,21109,A0B1C0,0.005563224391624377,0.0009408283476426372,0.685546875,242.6129092735871,0.05923166730312185,0.4619140625,0.15344990401653624,0.01633264584523128,0.08816129464276996,0.022117954830094287,210.99468569998862,75.74585919974197,134.5325668999867,220679110656,290987180032,1279599247360,2592832,324608,1024,8192,,0.5143041610717773,0.012065291797144143,1.000814261529821,0.0011510216129441604,0.01633264584523128
MB,MB,lr0.001_U2_d0.99,21109,A0B0C1,0.01132950840804492,0.0018807201630161906,0.669921875,270.1618812820998,0.06595749054738764,0.52587890625,0.18277497661737066,0.015352947743954768,0.11364968701986813,0.026410014316724236,215.47476599999936,74.81015609964379,139.96986490000563,220679110656,290987180032,1279599247360,2592832,324608,1024,8192,,0.6462970972061157,0.011956197740680968,0.9970361373261533,0.0010593864351646836,0.015352947743954768
MB,MB,lr0.001_U2_d0.99,21109,A1B1C1,0.013480541973725835,0.0023305308908162163,0.708984375,321.93149789343374,0.0785965571028891,0.72265625,0.16848284089823296,0.03487406262176984,0.10747810270611763,0.01917901909068996,215.20900460000848,74.01632860014797,140.48654590001388,220679110656,290987180032,1279599247360,2592832,324608,1024,8192,,0.6603754758834839,0.012073701951944368,0.9994803821139203,0.001100266933679252,0.03487406262176984
MB,MB,lr0.001_U2_d0.99,21110,A0B0C0,0.030995586968338706,0.005461713366374591,0.580078125,456.51441467557106,0.11145371452040309,0.42138671875,0.1580157523493154,-0.005581699745549604,0.08586679665339982,-0.00752073024072733,217.79749310000625,75.10177310038125,142.00331970003026,220679110656,290987180032,1279599247360,2592832,324608,1024,8192,,0.4595288038253784,0.012781258690549807,0.9949804631072461,0.0012005602546624411,-0.005581699745549604
MB,MB,lr0.001_U2_d0.99,21110,A1B0C0,0.009925824685936835,0.00162544875571522,0.619140625,341.15925926198565,0.08329083478075822,0.53759765625,0.17168251696039658,0.02542723298332651,0.15245715569692667,0.009099566379046702,215.46116809999512,74.12597549936618,140.64695470000152,220679110656,290987180032,1279599247360,2592832,324608,1024,8192,,0.7980048060417175,0.012806430995373173,0.9991712286229775,0.0009698050369479164,0.02542723298332651
MB,MB,lr0.001_U2_d0.99,21110,A0B1C0,0.008287927849654597,0.0012180117894302577,0.640625,307.27458704562673,0.07501820972793621,0.457763671875,0.16104851401360862,0.018308266355722597,0.0932673102423274,0.023372926861846853,216.28623550001066,74.62782679963857,140.95028720000118,220679110656,290987180032,1279599247360,2592832,324608,1024,8192,,0.4946843683719635,0.01150226867137264,0.9990628284052846,0.0008575631463754853,0.018308266355722597
MB,MB,lr0.001_U2_d0.99,21110,A0B0C1,0.01642991529912452,0.002368367880573769,0.6640625,321.5149268871726,0.07849485519706362,0.514892578125,0.14783189634575947,0.022388070768977118,0.07844457597724604,0.011378565471060635,213.23711299996648,75.94541309996566,136.57509589999972,220679110656,290987180032,1279599247360,2592832,324608,1024,8192,,0.47820159792900085,0.009619388380476495,1.0007176510639013,0.0008304231181032061,0.022388070768977118
MB,MB,lr0.001_U2_d0.99,21110,A1B1C1,0.031886157791014114,0.005296946943124745,0.66796875,448.29549855727896,0.10944714320246068,0.6962890625,0.1681811413964818,0.033757681140660356,0.11752890160162864,0.016753707488114673,213.57000749997678,73.77208259998588,139.08860350000032,220679110656,290987180032,1279599247360,2592832,324608,1024,8192,,0.682695746421814,0.012236117273373561,0.9967895350182295,0.001229371941054556,0.033757681140660356
MB,MB,lr0.001_U2_d0.99,21111,A0B0C0,0.008284077204328,0.0015145582268095163,0.666015625,260.45994156641086,0.06358885292148703,0.483642578125,0.1574839444045521,0.01461250539547411,0.08839489018156003,0.022744661125423376,214.42600249998213,73.9076859007182,139.81241460000456,220679110656,290987180032,1279599247360,2592832,324608,1024,8192,,0.49658477306365967,0.012749933873304552,1.0001102332277507,0.0010898822308372308,0.01461250539547411
MB,MB,lr0.001_U2_d0.99,21111,A1B0C0,0.008867039601263116,0.0016648000495993957,0.61328125,187.7359845640833,0.04583398060646565,0.581298828125,0.14614432437606362,0.014389279269562827,0.11570998131389178,0.039356198052143826,214.7943528999749,73.52199189942621,140.5746194000094,220679110656,290987180032,1279599247360,2592832,324608,1024,8192,,0.7423505187034607,0.01156544420169483,1.0015302433302171,0.0009598347282441861,0.014389279269562827
MB,MB,lr0.001_U2_d0.99,21111,A0B1C0,0.01013506468031622,0.0014886058658746578,0.6640625,208.52208303591965,0.05090871167869132,0.470458984375,0.15144135542057882,0.013178982121730522,0.09651155974505607,0.02139737765488025,216.36102380001103,73.95701569979428,141.7142307999893,220679110656,290987180032,1279599247360,2592832,324608,1024,8192,,0.49126166105270386,0.010072852451700618,1.0068582286524093,0.0008634794387351844,0.013178982121730522
MB,MB,lr0.001_U2_d0.99,21111,A0B0C1,0.01552561228835625,0.002592796406117373,0.658203125,278.07404779816625,0.06788917182572418,0.52392578125,0.15821501232466234,0.01767802921508293,0.09787221310802424,0.018448813086150758,214.82741610000085,73.69542770061526,140.43221349999658,220679110656,290987180032,1279599247360,2592832,324608,1024,8192,,0.5535020232200623,0.0106386273955286,1.0001916971375728,0.0008291469725854718,0.01767802921508293
MB,MB,lr0.001_U2_d0.99,21111,A1B1C1,0.03619401762978436,0.0054723076558766005,0.654296875,362.3540259387232,0.0884653383639461,0.71923828125,0.1879142989200222,0.058223754286721,0.1423499995407166,0.04576322278864941,211.72431489999872,76.07857919968956,134.9295738000219,220679110656,290987180032,1279599247360,2592832,324608,1024,8192,,0.8192802667617798,0.010314301329852914,0.9993803329704002,0.0009558262520257235,0.058223754286721
MB,MB,lr0.001_U2_d0.99,21112,A0B0C0,0.005274725838758876,0.000885184701501086,0.6875,321.03152526061285,0.07837683722182931,0.463623046875,0.15955919376885228,-2.775924446538503e-05,0.06517879831240526,0.0029066272724704387,210.72146919996885,73.71170970017556,136.30340349998733,220679110656,290987180032,1279599247360,2592832,324608,1024,8192,,0.5055538415908813,0.010966609007869351,0.9985232835151062,0.0008675637645582009,-2.775924446538503e-05
MB,MB,lr0.001_U2_d0.99,21112,A1B0C0,0.008724656672584707,0.0017181081880851554,0.65625,246.12195002343037,0.060088366704939056,0.560546875,0.13660563356501534,0.03177850361448821,0.1027138116035684,0.03340362120369936,213.83669900000677,74.35001909997663,138.78287850001652,220679110656,290987180032,1279599247360,2592832,324608,1024,8192,,0.574893057346344,0.011518811841970036,0.9962200245089609,0.0011638176102626975,0.03177850361448821
MB,MB,lr0.001_U2_d0.99,21112,A0B1C0,0.008402898569373374,0.0012435314613428816,0.61328125,237.90094569854114,0.058081285570932895,0.463134765625,0.1527028335205615,0.006588516317778671,0.07571558924011984,0.017019050666809664,215.55648480000673,73.94002949973219,140.9205193999951,220679110656,290987180032,1279599247360,2592832,324608,1024,8192,,0.43660736083984375,0.012976362044661785,1.0045075650193425,0.0013126918761325263,0.006588516317778671
MB,MB,lr0.001_U2_d0.99,21112,A0B0C1,0.006710713763859566,0.001182044579331954,0.69921875,302.27624567059434,0.07379791154067245,0.52099609375,0.1459962193083698,0.015036647031580381,0.0770484760825453,0.010521900532706425,214.8333412999782,74.37061519990675,139.75867650003056,220679110656,290987180032,1279599247360,2592832,324608,1024,8192,,0.48160719871520996,0.012004085126558752,1.00523386285254,0.0009980865478411828,0.015036647031580381
MB,MB,lr0.001_U2_d0.99,21112,A1B1C1,0.03447797521029905,0.005503747226713962,0.681640625,384.81237108923074,0.09394833278545672,0.707763671875,0.16995461456810182,0.03891804211687644,0.11679691363419228,0.030284868739947863,214.33892339997692,74.54489009988902,139.09652889997233,220679110656,290987180032,1279599247360,2592832,324608,1024,8192,,0.6663576364517212,0.011756277876814304,0.9983810696343415,0.0009749852369850234,0.03891804211687644
MF-unbounded,MF,lr0.003_U2_d0.998,21101,A0B0C0,0.018174387328680375,0.0024029071024525084,0.478515625,341.57800579728655,0.08339306782160316,0.44091796875,0.25371105094580293,0.0053687995092368546,0.29193318952348973,-0.10806838699487474,27.01624960002664,26.19131700048456,0.055096300013246946,265751101440,138412032,605552640,4032672,1298432,4096,8192,"[0.16402665729213434, 0.18259831393289863, 0.25371105094580293]",,,,,
MF-unbounded,MF,lr0.003_U2_d0.998,21101,A1B0C0,0.021948801433633758,0.002613911173671321,0.412109375,283.93703759145274,0.06932056581822577,0.565185546875,0.26382229263007073,0.03920989911082806,0.26395002867497097,-0.05354776250345307,27.07051700001466,26.23527370057127,0.055099400007748045,265751101440,138412032,605552640,4032672,1298432,4096,8192,"[0.18156197884245578, 0.22517606983474522, 0.26382229263007073]",,,,,
MF-unbounded,MF,lr0.003_U2_d0.998,21101,A0B1C0,0.03698861565582856,0.004183971898129235,0.4453125,323.7046965685154,0.0790294669356727,0.445068359375,0.2949131544439343,0.030366551995352875,0.2820600533124844,-0.09661023359562457,26.008690300019225,25.162676700536394,0.05309380001563113,265751101440,138412032,605552640,4032672,1298432,4096,8192,"[0.1599639024366153, 0.23094467774942073, 0.2949131544439343]",,,,,
MF-unbounded,MF,lr0.003_U2_d0.998,21101,A0B0C1,0.05158600823782855,0.005445518516721974,0.427734375,433.4685934134193,0.10582729331382307,0.476318359375,0.23801626030950496,0.03889871749966911,0.2589137836199739,-0.056064134574039914,26.06730009999592,25.220798199559795,0.05395420000422746,265751101440,138412032,605552640,4032672,1298432,4096,8192,"[0.14186102031837125, 0.17662346062202244, 0.23801626030950496]",,,,,
MF-unbounded,MF,lr0.003_U2_d0.998,21101,A1B1C1,0.0469574410250897,0.005168049065308754,0.533203125,497.1013955655278,0.12136264540174019,0.685302734375,0.2986944493364523,0.03606618530065564,0.2855805428902425,-0.09028246126744109,25.880000500023016,25.027588600409217,0.05377079999016132,265751101440,138412032,605552640,4032672,1298432,4096,8192,"[0.21138832248512168, 0.270087915442125, 0.2986944493364523]",,,,,
MF-unbounded,MF,lr0.003_U2_d0.998,21102,A0B0C0,0.03272017765083479,0.003916099134440299,0.44140625,338.6571908320825,0.08267997823048889,0.465087890625,0.29761394935442176,0.029851801980241177,0.2495280484310075,-0.06469288026467758,25.973259699967457,25.128618100177846,0.053075699994224124,265751101440,138412032,605552640,4032672,1298432,4096,8192,"[0.13550904088895407, 0.2305671248547038, 0.29761394935442176]",,,,,
MF-unbounded,MF,lr0.003_U2_d0.998,21102,A1B0C0,0.050259612534188314,0.004814744531829151,0.333984375,344.8095744741631,0.08418202501810623,0.53564453125,0.25672078776125296,0.026369976228196368,0.3327810964371232,-0.14818181665625277,27.262057200001436,26.39459740035818,0.05676070001209155,265751101440,138412032,605552640,4032672,1298432,4096,8192,"[0.2682606479550903, 0.22702558652492585, 0.25672078776125296]",,,,,
MF-unbounded,MF,lr0.003_U2_d0.998,21102,A0B1C0,0.041309345582710044,0.004529200675863707,0.408203125,342.29446168617983,0.0835679838101025,0.445068359375,0.28255007970438895,0.03081359150687879,0.27495275091886534,-0.09951896717542222,26.28697969998757,25.437891699839383,0.05674769998586271,265751101440,138412032,605552640,4032672,1298432,4096,8192,"[0.1713761092386843, 0.2168853146482119, 0.28255007970438895]",,,,,
MF-unbounded,MF,lr0.003_U2_d0.998,21102,A0B0C1,0.05696821178869538,0.005978805053163145,0.41796875,443.24577057594024,0.10821429945701666,0.47314453125,0.1945001586299253,0.03941031093692393,0.19144386443183234,-0.020567205929361707,26.082108700007666,25.21288580019609,0.054577100003371015,265751101440,138412032,605552640,4032672,1298432,4096,8192,"[0.1287219756133829, 0.13311136134909032, 0.1945001586299253]",,,,,
MF-unbounded,MF,lr0.003_U2_d0.998,21102,A1B1C1,0.05524443692559178,0.005597784971160069,0.513671875,511.6688741656194,0.12491915873184067,0.674560546875,0.35616719028078947,0.037502322545575506,0.3576474109551843,-0.15406617056904373,26.235066200009896,25.388320000245585,0.05424110002059024,265751101440,138412032,605552640,4032672,1298432,4096,8192,"[0.22229307540208723, 0.346183619937316, 0.35616719028078947]",,,,,
MF-unbounded,MF,lr0.003_U2_d0.998,21103,A0B0C0,0.0379362857817207,0.004241178730731932,0.43359375,313.4675128731317,0.07653015451004191,0.458984375,0.2521928872130714,0.03386054191939092,0.255787522379811,-0.07280707112450518,26.122166600020137,25.27816889969108,0.05364699999336153,265751101440,138412032,605552640,4032672,1298432,4096,8192,"[0.130669470580662, 0.1857999467703626, 0.2521928872130714]",,,,,
MF-unbounded,MF,lr0.003_U2_d0.998,21103,A1B0C0,0.029227876148976595,0.0037254511095923893,0.40234375,291.2074642933435,0.07109557233724206,0.552978515625,0.21917275833548344,0.04007923213267661,0.2594578322728282,-0.0455987997491268,26.178427700026077,25.317464799809386,0.05757039997843094,265751101440,138412032,605552640,4032672,1298432,4096,8192,"[0.20266880520102834, 0.20645784905832598, 0.21917275833548344]",,,,,
MF-unbounded,MF,lr0.003_U2_d0.998,21103,A0B1C0,0.03268614104543177,0.003614444301702265,0.412109375,299.13354725446766,0.07303065118517277,0.469970703125,0.26822867267669903,0.03767877975067879,0.25941422712617607,-0.08052084322235474,26.787292700013495,25.941965499863727,0.05641079999622889,265751101440,138412032,605552640,4032672,1298432,4096,8192,"[0.16529459210228314, 0.2064669117858231, 0.26822867267669903]",,,,,
MF-unbounded,MF,lr0.003_U2_d0.998,21103,A0B0C1,0.045803681168050225,0.00529052039946085,0.435546875,501.5411173941668,0.12244656186381025,0.477294921875,0.2153896619201955,0.023493318652816342,0.18627250148729818,-0.029727571953858896,26.915940099977888,26.05649960046867,0.055521399990539066,265751101440,138412032,605552640,4032672,1298432,4096,8192,"[0.13359244076945154, 0.16120216884827882, 0.2153896619201955]",,,,,
MF-unbounded,MF,lr0.003_U2_d0.998,21103,A1B1C1,0.029921916312231733,0.003794008373984215,0.51953125,516.2266454954292,0.12603189587290753,0.684326171875,0.22658775504165496,0.030526924785330145,0.2319027326060389,-0.037619500467514576,25.85682019998785,25.01083759967878,0.056941899994853884,265751101440,138412032,605552640,4032672,1298432,4096,8192,"[0.16038732895618352, 0.19718069315733094, 0.22658775504165496]",,,,,
MF-unbounded,MF,lr0.003_U2_d0.998,21104,A0B0C0,0.0940718477533431,0.008825289615705409,0.302734375,521.9743678356572,0.12743514839737724,0.397216796875,0.3067088211164446,0.03596920992765629,0.342678899789866,-0.15015382800643048,26.157277600068483,25.313063099907595,0.0543098999914946,265751101440,138412032,605552640,4032672,1298432,4096,8192,"[0.17879758662071504, 0.2406356877493141, 0.3067088211164446]",,,,,
MF-unbounded,MF,lr0.003_U2_d0.998,21104,A1B0C0,0.03874737807439299,0.004304651697773042,0.3828125,306.9265385710289,0.0749332369558176,0.552490234375,0.24218431606239973,0.042641266604622086,0.2874285918591726,-0.08206497907128905,26.074000599983265,25.217358900641557,0.054715499994927086,265751101440,138412032,605552640,4032672,1298432,4096,8192,"[0.1763204899672987, 0.2184338808988022, 0.24218431606239973]",,,,,
MF-unbounded,MF,lr0.003_U2_d0.998,21104,A0B1C0,0.031254413160836325,0.003612197809786929,0.42578125,340.37902048571095,0.08310034679826928,0.438232421875,0.26419419933842236,0.0198698785960727,0.2665474093591332,-0.0780197672723291,26.042611999975634,25.194012800318887,0.05413419999240432,265751101440,138412032,605552640,4032672,1298432,4096,8192,"[0.1509428440770789, 0.19791837158923145, 0.26419419933842236]",,,,,
MF-unbounded,MF,lr0.003_U2_d0.998,21104,A0B0C1,0.048972244949760046,0.005269349481252569,0.455078125,425.16148513636494,0.10379919070712035,0.489013671875,0.2367110855932971,0.025252156421321725,0.22019933630242441,-0.05183901931087295,27.216016899968963,26.353633300968795,0.05729270000301767,265751101440,138412032,605552640,4032672,1298432,4096,8192,"[0.14088218006598746, 0.16135209252395186, 0.2367110855932971]",,,,,
MF-unbounded,MF,lr0.003_U2_d0.998,21104,A1B1C1,0.05158060207957993,0.004945799478668745,0.451171875,484.1747055278681,0.11820671521676468,0.6787109375,0.33709973463212795,0.05022196783013477,0.28085458812872466,-0.0754973094300319,26.757179299980635,25.907969399821013,0.05565899997600354,265751101440,138412032,605552640,4032672,1298432,4096,8192,"[0.19011618054534707, 0.30691927179807615, 0.33709973463212795]",,,,,
MF-unbounded,MF,lr0.003_U2_d0.998,21105,A0B0C0,0.017522905594908877,0.0025066127994644574,0.53515625,281.7581802268751,0.06878861821945192,0.47265625,0.24333069378705638,0.023552002195035282,0.20209236025557126,-0.042952681222739035,26.54223160004767,25.699242499424145,0.057018999999854714,265751101440,138412032,605552640,4032672,1298432,4096,8192,"[0.14892777038854974, 0.18017809937572815, 0.24333069378705638]",,,,,
MF-unbounded,MF,lr0.003_U2_d0.998,21105,A1B0C0,0.04502401211453977,0.004928808569264187,0.314453125,311.49159422200296,0.07604775249560619,0.5693359375,0.25518228926958914,0.051057344410594396,0.2910428894127611,-0.07498847932743181,27.875350799993612,26.9893211999879,0.05709289999504108,265751101440,138412032,605552640,4032672,1298432,4096,8192,"[0.19743880628530194, 0.22953931754510593, 0.25518228926958914]",,,,,
MF-unbounded,MF,lr0.003_U2_d0.998,21105,A0B1C0,0.029528684936905858,0.003460519112574386,0.47265625,335.4468143909471,0.08189619491966482,0.4365234375,0.25827821302837045,0.02689238402722882,0.29187240946628107,-0.10312923780673951,28.867526200061548,27.98226939998858,0.058402999988175,265751101440,138412032,605552640,4032672,1298432,4096,8192,"[0.1735551992890182, 0.18478665449813447, 0.25827821302837045]",,,,,
MF-unbounded,MF,lr0.003_U2_d0.998,21105,A0B0C1,0.07154356714494003,0.006468049096898753,0.3046875,537.6535303016296,0.1312630689212963,0.4736328125,0.24324624250074076,0.013800457699821411,0.26104650644731875,-0.07034704301009488,29.037001700038672,28.13953539999784,0.0597496999980649,265751101440,138412032,605552640,4032672,1298432,4096,8192,"[0.1453190193620968, 0.18525939926589863, 0.24324624250074076]",,,,,
MF-unbounded,MF,lr0.003_U2_d0.998,21105,A1B1C1,0.04966526195311438,0.005254685817974354,0.5625,468.2450794980473,0.11431764636182795,0.692626953125,0.2730256702393705,0.04959087095831416,0.2769915617987299,-0.06953418607919327,31.349501999968197,30.45339459971001,0.06070600001839921,265751101440,138412032,605552640,4032672,1298432,4096,8192,"[0.2041044015375302, 0.24118168080895694, 0.2730256702393705]",,,,,
MF-unbounded,MF,lr0.003_U2_d0.998,21106,A0B0C0,0.03852711547205745,0.004787279875176901,0.427734375,364.10292894323925,0.08889231663653302,0.439697265625,0.22787311067332283,0.028216422488744453,0.19265788773425552,-0.03207508393443947,32.57055429997854,31.647421599394875,0.06226860001333989,265751101440,138412032,605552640,4032672,1298432,4096,8192,"[0.13055817373118048, 0.1630921198681342, 0.22787311067332283]",,,,,
MF-unbounded,MF,lr0.003_U2_d0.998,21106,A1B0C0,0.03336623063935429,0.0041085602434557215,0.435546875,256.9755324922494,0.06273816711236557,0.56103515625,0.27927865637368104,0.03476203369095909,0.3477734385376751,-0.1588904265701004,33.41208759995061,32.53067759958503,0.061746699997456744,265751101440,138412032,605552640,4032672,1298432,4096,8192,"[0.2540153870338786, 0.2584562661052085, 0.27927865637368104]",,,,,
MF-unbounded,MF,lr0.003_U2_d0.998,21106,A0B1C0,0.054209381097052756,0.005826661947225614,0.32421875,413.9933647496557,0.10107259881583391,0.41357421875,0.2941891650335194,0.02482573394351606,0.3039863895908898,-0.11194676052550298,33.81670799999847,32.89943330010283,0.06137820001458749,265751101440,138412032,605552640,4032672,1298432,4096,8192,"[0.17896908640797385, 0.2301625533835513, 0.2941891650335194]",,,,,
MF-unbounded,MF,lr0.003_U2_d0.998,21106,A0B0C1,0.05537771669522629,0.0061160262526656125,0.416015625,471.49515843653694,0.11511112266517015,0.4794921875,0.27210959952406777,0.03187840769257466,0.2848088836615455,-0.0976672015385818,33.230215100047644,32.33639050075726,0.060341299991705455,265751101440,138412032,605552640,4032672,1298432,4096,8192,"[0.2025746793189433, 0.20632595120523248, 0.27210959952406777]",,,,,
MF-unbounded,MF,lr0.003_U2_d0.998,21106,A1B1C1,0.06082692497829756,0.006064149362752453,0.419921875,526.2962779418649,0.1284903022319006,0.684814453125,0.3005309687728022,0.04819535388045271,0.3180872165622132,-0.10266464122340949,34.41271669999696,33.46979680084041,0.0653930000262335,265751101440,138412032,605552640,4032672,1298432,4096,8192,"[0.19182859001512226, 0.25858458469268225, 0.3005309687728022]",,,,,
MF-unbounded,MF,lr0.003_U2_d0.998,21107,A0B0C0,0.03552594666543962,0.0040109087678867625,0.365234375,303.50255961776884,0.07409730459418185,0.456787109375,0.2791747984932139,0.028898004767263785,0.28914770788762206,-0.10676215145313875,33.81182659995102,32.913714900176274,0.0670096999820089,265751101440,138412032,605552640,4032672,1298432,4096,8192,"[0.14825885671971553, 0.20763640374472694, 0.2791747984932139]",,,,,
MF-unbounded,MF,lr0.003_U2_d0.998,21107,A1B0C0,0.03506643822130595,0.003733653087308881,0.298828125,290.2716213265612,0.07086709505042998,0.539306640625,0.26992840989076444,0.030281193779876148,0.2986453068767288,-0.10443619325792627,35.04595290000725,34.14319090018398,0.06762800000433344,265751101440,138412032,605552640,4032672,1298432,4096,8192,"[0.20142551855252455, 0.25745392772274367, 0.26992840989076444]",,,,,
MF-unbounded,MF,lr0.003_U2_d0.998,21107,A0B1C0,0.03343752636719799,0.003627323922754824,0.40625,350.52215615699583,0.08557669828051656,0.43359375,0.2327668891447751,0.03818058143748848,0.22548723049333208,-0.06051824274614806,33.77492730000813,32.87824700055353,0.0670451000041794,265751101440,138412032,605552640,4032672,1298432,4096,8192,"[0.1290887139229421, 0.15225252385597055, 0.2327668891447751]",,,,,
MF-unbounded,MF,lr0.003_U2_d0.998,21107,A0B0C1,0.04684279448364048,0.005414459348719205,0.48046875,442.0985148980385,0.10793420773877893,0.478759765625,0.21841406073378053,0.02924360592716857,0.2186036334490106,-0.04890158329692705,34.15770880001946,33.2650536999281,0.06563030001416337,265751101440,138412032,605552640,4032672,1298432,4096,8192,"[0.14640325063799095, 0.15927747258786853, 0.21841406073378053]",,,,,
MF-unbounded,MF,lr0.003_U2_d0.998,21107,A1B1C1,0.07464678113753198,0.007289532577746031,0.423828125,518.8951434616611,0.1266833846341946,0.6845703125,0.3906823484526116,0.045175781380846214,0.31837067697730836,-0.12483267455267513,33.74830160001875,32.88081039948156,0.06741490001149941,265751101440,138412032,605552640,4032672,1298432,4096,8192,"[0.2674265710467711, 0.3624763532244103, 0.3906823484526116]",,,,,
MF-unbounded,MF,lr0.003_U2_d0.998,21108,A0B0C0,0.02636088006499504,0.003622807106207828,0.4609375,381.1627763661829,0.09305731844877513,0.45458984375,0.25013088150141544,0.014293913397251501,0.24662832100361629,-0.07601558084913328,33.11668330001703,32.246525499998825,0.06872550000844058,265751101440,138412032,605552640,4032672,1298432,4096,8192,"[0.15303567299869286, 0.18889330366831664, 0.25013088150141544]",,,,,
MF-unbounded,MF,lr0.003_U2_d0.998,21108,A1B0C0,0.03447317297798058,0.0035178247718820723,0.275390625,294.48256664766745,0.07189515787296569,0.564453125,0.20216859313172547,0.0479270731408632,0.2136587597091987,-0.02722586606833645,33.568452000050456,32.68787980019988,0.06274050002684817,265751101440,138412032,605552640,4032672,1298432,4096,8192,"[0.16828921590804505, 0.1896141809615897, 0.20216859313172547]",,,,,
MF-unbounded,MF,lr0.003_U2_d0.998,21108,A0B1C0,0.034025314732364365,0.003913783334613954,0.404296875,323.14561865749465,0.0788929733050524,0.449951171875,0.2649108486252407,0.037497026983964066,0.29906154505998345,-0.10966242409169287,34.205338199972175,33.305759699389455,0.06783210000139661,265751101440,138412032,605552640,4032672,1298432,4096,8192,"[0.13703048250720884, 0.1882282384503401, 0.2649108486252407]",,,,,
MF-unbounded,MF,lr0.003_U2_d0.998,21108,A0B0C1,0.05973152817528149,0.006262023396156159,0.41796875,432.10679567162356,0.10549482316201747,0.4765625,0.2581842409438835,0.025149693024720587,0.30026337438971323,-0.10911583771605475,33.99338949997036,33.11329820040555,0.06509309998364188,265751101440,138412032,605552640,4032672,1298432,4096,8192,"[0.19350776895964433, 0.19792935521378366, 0.2581842409438835]",,,,,
MF-unbounded,MF,lr0.003_U2_d0.998,21108,A1B1C1,0.04235116853111398,0.0045329221673779925,0.5234375,444.82765959585913,0.1086005028310203,0.696533203125,0.3166876001926816,0.028259051765600063,0.28874034090885514,-0.09307591847650415,31.850899200013373,31.001576399852638,0.05951390000700485,265751101440,138412032,605552640,4032672,1298432,4096,8192,"[0.20295939964353954, 0.2929972606079901, 0.3166876001926816]",,,,,
MF-unbounded,MF,lr0.003_U2_d0.998,21109,A0B0C0,0.02495553929786265,0.002907257995249018,0.5078125,303.68115413061173,0.07414090677016888,0.47607421875,0.25299470304765265,0.02191891903358867,0.2411078633674447,-0.06707894646156841,33.583943100005854,32.70692290009174,0.06241230003070086,265751101440,138412032,605552640,4032672,1298432,4096,8192,"[0.1644204247186937, 0.1865334253342231, 0.25299470304765265]",,,,,
MF-unbounded,MF,lr0.003_U2_d0.998,21109,A1B0C0,0.031083614637279045,0.0034910184415403657,0.404296875,319.1785973897738,0.07792446225336275,0.541259765625,0.19792510912130418,0.0316967269228825,0.2149907647893505,-0.026637958944729593,33.66637270004139,32.78688970035,0.06167999996978324,265751101440,138412032,605552640,4032672,1298432,4096,8192,"[0.1786104744988748, 0.1913124622786541, 0.19792510912130418]",,,,,
MF-unbounded,MF,lr0.003_U2_d0.998,21109,A0B1C0,0.039030307339027015,0.0042488764466772225,0.42578125,335.793593763565,0.08198085785243286,0.438232421875,0.24401055031291966,0.035112769567927415,0.3142898210799006,-0.12572609517533312,34.13276979998045,33.25607140015927,0.06253860001743305,265751101440,138412032,605552640,4032672,1298432,4096,8192,"[0.1281062367039683, 0.16154063661886672, 0.24401055031291966]",,,,,
MF-unbounded,MF,lr0.003_U2_d0.998,21109,A0B0C1,0.046843971230966286,0.005343851329240079,0.466796875,428.01607531555555,0.1044961121375868,0.48486328125,0.24418262895289777,0.034676286632799425,0.2536835832173635,-0.07970310088724265,34.012173699986306,33.1211378005537,0.06816090000211261,265751101440,138412032,605552640,4032672,1298432,4096,8192,"[0.16598975230096674, 0.17981226300211076, 0.24418262895289777]",,,,,
MF-unbounded,MF,lr0.003_U2_d0.998,21109,A1B1C1,0.054147187088633864,0.005641872642234731,0.486328125,436.0692990924599,0.1064622312237451,0.696533203125,0.3360702236971558,0.04605059343134554,0.32858955915841276,-0.11306100818652179,34.143236099989736,33.26382570035639,0.06293569998524617,265751101440,138412032,605552640,4032672,1298432,4096,8192,"[0.25456611803920276, 0.2797573930500562, 0.3360702236971558]",,,,,
MF-unbounded,MF,lr0.003_U2_d0.998,21110,A0B0C0,0.045096252637939926,0.005165753640802363,0.408203125,369.51320982178754,0.09021318599164735,0.44091796875,0.2431279309003574,0.03234556518327336,0.26113580427098554,-0.07979457122029897,34.015571900003124,33.120706900343066,0.06494230001408141,265751101440,138412032,605552640,4032672,1298432,4096,8192,"[0.15592529263689017, 0.1793506377572013, 0.2431279309003574]",,,,,
MF-unbounded,MF,lr0.003_U2_d0.998,21110,A1B0C0,0.03080100644962025,0.0032078602812112764,0.361328125,254.8764575775606,0.06222569765077163,0.56005859375,0.24030819093547415,0.027433000680334718,0.3063905287023404,-0.11400218535711464,34.39443829996162,33.49681489952491,0.06293390002974775,265751101440,138412032,605552640,4032672,1298432,4096,8192,"[0.24633228900698811, 0.2271905839129429, 0.24030819093547415]",,,,,
MF-unbounded,MF,lr0.003_U2_d0.998,21110,A0B1C0,0.05868778989026602,0.006016815475138753,0.2890625,436.55682390899506,0.106581255837157,0.430908203125,0.28358073802254286,0.03035600186195886,0.25245816016871014,-0.06629528273090417,34.42180419997021,33.510221499498584,0.06614970001101028,265751101440,138412032,605552640,4032672,1298432,4096,8192,"[0.14074343693689406, 0.19832586132867705, 0.28358073802254286]",,,,,
MF-unbounded,MF,lr0.003_U2_d0.998,21110,A0B0C1,0.041951706410770395,0.004706802900488354,0.46484375,492.5412878227503,0.12024933784735115,0.470947265625,0.20531374422850993,0.03205519879409824,0.21603547827178593,-0.039320627834474466,33.514336499996716,32.61580189978122,0.06356999999843538,265751101440,138412032,605552640,4032672,1298432,4096,8192,"[0.1360572245000234, 0.1441003010039423, 0.20531374422850993]",,,,,
MF-unbounded,MF,lr0.003_U2_d0.998,21110,A1B1C1,0.05182557291973078,0.005714648256127447,0.470703125,457.5679735497856,0.11171093104242813,0.685791015625,0.3064457613150046,0.024180034695734598,0.3347939181255345,-0.12261552211094576,33.95747210000991,33.04622970033961,0.06334929997683503,265751101440,138412032,605552640,4032672,1298432,4096,8192,"[0.19856991395017567, 0.290204026440065, 0.3064457613150046]",,,,,
MF-unbounded,MF,lr0.003_U2_d0.998,21111,A0B0C0,0.04417898517714791,0.0046873914938690255,0.373046875,356.26308496671004,0.0869782922282007,0.45751953125,0.2737782060568276,0.025706609518771906,0.27025490900682364,-0.08413779153675834,32.215503700019326,31.289527100452688,0.06694300002709497,265751101440,138412032,605552640,4032672,1298432,4096,8192,"[0.1444546465308835, 0.1919504336487693, 0.2737782060568276]",,,,,
MF-unbounded,MF,lr0.003_U2_d0.998,21111,A1B0C0,0.02983846069129692,0.0032704485562554996,0.412109375,255.21296573318978,0.062307852962204535,0.564697265625,0.3186410755464741,0.027875228847045186,0.37201890163168255,-0.15808357335487067,33.78321270000015,32.882211600328446,0.06637889999547042,265751101440,138412032,605552640,4032672,1298432,4096,8192,"[0.19242916081004643, 0.3081002974509969, 0.3186410755464741]",,,,,
MF-unbounded,MF,lr0.003_U2_d0.998,21111,A0B1C0,0.029509654394292095,0.003568092154767652,0.4765625,351.9177607896395,0.08591742206778308,0.44091796875,0.27429529314665174,0.03523910573078659,0.25986070824875884,-0.08111478422693821,33.96415329998126,33.05475359974662,0.06139380000240635,265751101440,138412032,605552640,4032672,1298432,4096,8192,"[0.14204881875962955, 0.20965497308858252, 0.27429529314665174]",,,,,
MF-unbounded,MF,lr0.003_U2_d0.998,21111,A0B0C1,0.06342010300336165,0.006460111274182123,0.41015625,488.0060167701092,0.11914209393801495,0.468505859375,0.23581034367174128,0.0215438857741983,0.25708225908390636,-0.06371496875955904,33.24445469996135,32.30639169976348,0.06516629998805001,265751101440,138412032,605552640,4032672,1298432,4096,8192,"[0.13932287581304656, 0.17328907112652692, 0.23581034367174128]",,,,,
MF-unbounded,MF,lr0.003_U2_d0.998,21111,A1B1C1,0.05253029243302487,0.005607783373891476,0.484375,475.11365653260964,0.11599454505190665,0.697509765625,0.21465291783684776,0.06452769593157637,0.21935401341826755,-0.03429403699635331,33.243679199993494,32.316316800308414,0.06569810002110898,265751101440,138412032,605552640,4032672,1298432,4096,8192,"[0.1754494939776565, 0.1926854246136741, 0.21465291783684776]",,,,,
MF-unbounded,MF,lr0.003_U2_d0.998,21112,A0B0C0,0.024373519028398682,0.0031383711304580177,0.478515625,337.03759314409854,0.08228456863869593,0.46044921875,0.2952677518331818,0.0185437515716127,0.28093574775375413,-0.08546092872944368,33.34586130004027,32.42113359984069,0.0679558999981964,265751101440,138412032,605552640,4032672,1298432,4096,8192,"[0.1647049361038231, 0.23014424668931377, 0.2952677518331818]",,,,,
MF-unbounded,MF,lr0.003_U2_d0.998,21112,A1B0C0,0.044475508294057775,0.004620332616496182,0.38671875,311.21792445508527,0.0759809385876673,0.5478515625,0.26476602257747256,0.05246081942056913,0.3110698903854008,-0.10452264231916512,33.159525800001575,32.261694300337695,0.06924630001594778,265751101440,138412032,605552640,4032672,1298432,4096,8192,"[0.2331806311368765, 0.2476189631279628, 0.26476602257747256]",,,,,
MF-unbounded,MF,lr0.003_U2_d0.998,21112,A0B1C0,0.03487562669743838,0.004042297182057692,0.41796875,345.57959388278323,0.08437001803778887,0.438720703125,0.25184704310651806,0.024807364140575494,0.2339426791411797,-0.07145618477466115,31.769694600006915,30.926491699312464,0.059834100014995784,265751101440,138412032,605552640,4032672,1298432,4096,8192,"[0.12745803517452192, 0.1831589085231783, 0.25184704310651806]",,,,,
MF-unbounded,MF,lr0.003_U2_d0.998,21112,A0B0C1,0.045220070876923035,0.004920523847311907,0.474609375,370.075379379085,0.09035043441872193,0.50390625,0.25727425665481146,0.05087851347158123,0.2512126050824031,-0.07688502873088945,29.706901399986236,28.88073729973985,0.06226610002340749,265751101440,138412032,605552640,4032672,1298432,4096,8192,"[0.17656223934129792, 0.1949253527052945, 0.25727425665481146]",,,,,
MF-unbounded,MF,lr0.003_U2_d0.998,21112,A1B1C1,0.045362917419069504,0.005085244601760865,0.466796875,469.8902391106303,0.11471929665786873,0.678955078125,0.2843968957222287,0.044247996201943085,0.29021575246590603,-0.08913661602197666,30.23749209997186,29.441578100129846,0.06102369997825008,265751101440,138412032,605552640,4032672,1298432,4096,8192,"[0.2333122923255925, 0.2524663940402208, 0.2843968957222287]",,,,,
MB-unbounded,MB,lr0.001_U2_d0.99,21101,A0B0C0,0.0026124792718267287,0.0005452674706303768,0.724609375,222.7305283594619,0.054377570400259256,0.4716796875,0.14667377713104243,0.0034173151435830575,0.051404418981947385,0.0027995921254503854,213.37344839998696,76.36134600064543,136.25185060000513,220679110656,290987180032,1279599247360,3566656,1298432,4096,8192,,0.3826082646846771,0.005700549360240324,0.9958800866661657,0.0002241411771409981,0.0034173151435830575
MB-unbounded,MB,lr0.001_U2_d0.99,21101,A1B0C0,0.0023547272144579523,0.0005364633868294707,0.681640625,215.83118484662168,0.052693160362944746,0.58544921875,0.12824919067238746,0.014345129875204395,0.061495498434975406,0.013603928878389075,211.22027510000044,75.05188250017818,135.40566560001753,220679110656,290987180032,1279599247360,3566656,1298432,4096,8192,,0.4565768241882324,0.005763151916865371,1.000882380095622,0.0002936445996887928,0.014345129875204395
MB-unbounded,MB,lr0.001_U2_d0.99,21101,A0B1C0,0.003625955657470481,0.0008100996796772996,0.74609375,188.12517526182205,0.045928997866655774,0.47314453125,0.1508012063965039,0.0032329231933686795,0.054862384983315436,-0.00018875264050353683,210.29889329998696,74.70507670009101,134.82900230001542,220679110656,290987180032,1279599247360,3566656,1298432,4096,8192,,0.41745293140411377,0.0057760013400192135,0.9992092996964119,0.00044143338213487347,0.0032329231933686795
MB-unbounded,MB,lr0.001_U2_d0.99,21101,A0B0C1,0.0079302399137271,0.001463205174715071,0.69921875,279.0870132630764,0.06813647784743077,0.508056640625,0.1432372174878624,0.0005445142204889859,0.058747323504529575,-0.007311309205934373,215.02138069999637,74.54767599947809,139.70885010001075,220679110656,290987180032,1279599247360,3566656,1298432,4096,8192,,0.38973772525787354,0.004949166630715832,1.000268821763756,0.00020128620832964787,0.0005445142204889859
MB-unbounded,MB,lr0.001_U2_d0.99,21101,A1B1C1,0.0037970590808069637,0.0007351722833469162,0.7578125,410.70949730110283,0.10027087336452706,0.716796875,0.1506202294671875,0.015165604906266061,0.0752078830674684,0.015437652734855662,212.85920330001682,74.77193120031734,137.33596330002183,220679110656,290987180032,1279599247360,3566656,1298432,4096,8192,,0.5200358629226685,0.00628238128561993,1.0012801204714166,0.0002359263129030558,0.015165604906266061
MB-unbounded,MB,lr0.001_U2_d0.99,21102,A0B0C0,0.002961427991520882,0.0005326232315623317,0.69921875,253.2743913339084,0.06183456819675498,0.484619140625,0.14826206901123443,0.0031888108845478137,0.06400987414217087,0.010879693200112497,214.59281659999397,75.39572159953241,138.44772559999547,220679110656,290987180032,1279599247360,3566656,1298432,4096,8192,,0.3781605660915375,0.00608342643165181,1.0023903220967305,0.0002707697032759693,0.0031888108845478137
MB-unbounded,MB,lr0.001_U2_d0.99,21102,A1B0C0,0.001921513256523344,0.0003437585619130005,0.69140625,202.95632516952492,0.049549884074591044,0.567626953125,0.1300082584072196,0.006825907428000743,0.0779769198819074,0.01446569689433211,212.35353879997274,75.92589439978474,135.6611904000165,220679110656,290987180032,1279599247360,3566656,1298432,4096,8192,,0.45068296790122986,0.00634449227266084,1.0022765182428082,0.00032934331223196913,0.006825907428000743
MB-unbounded,MB,lr0.001_U2_d0.99,21102,A0B1C0,0.002996213714117957,0.0005355614600362942,0.703125,200.58683123942978,0.04897139434556391,0.482421875,0.16591975164924125,0.011732336315176724,0.09509778193464105,0.0157034983510213,212.4407344999927,76.11229339966667,135.559702500017,220679110656,290987180032,1279599247360,3566656,1298432,4096,8192,,0.44109541177749634,0.006224753329818847,1.003281512708201,0.0003108944933056122,0.011732336315176724
MB-unbounded,MB,lr0.001_U2_d0.99,21102,A0B0C1,0.006116670660440082,0.001193936273743539,0.73828125,260.54151323576843,0.06360876787982628,0.511962890625,0.14463146892774867,0.004602911775901556,0.06575264413539424,0.0033932851229409072,210.94322819997615,75.82069550015149,134.358390399997,220679110656,290987180032,1279599247360,3566656,1298432,4096,8192,,0.3963181674480438,0.005819846425494975,0.999909234334672,0.0002668435581537836,0.004602911775901556
MB-unbounded,MB,lr0.001_U2_d0.99,21102,A1B1C1,0.0017352355694444377,0.00035590173885420665,0.82421875,297.11893274515455,0.072538801939735,0.729248046875,0.15359484395484613,0.024205747274493206,0.07302082643196661,0.015028885501987051,213.59661219996633,75.35564139965572,137.48231620001025,220679110656,290987180032,1279599247360,3566656,1298432,4096,8192,,0.5687037706375122,0.005593817983561652,0.9999961018807235,0.00027140773542602074,0.024205747274493206
MB-unbounded,MB,lr0.001_U2_d0.99,21103,A0B0C0,0.0014794914114326652,0.0003685169347002761,0.755859375,229.13311630890007,0.055940702223852556,0.486083984375,0.15541141438592676,0.005474231711984036,0.0595158472007846,0.004859806497928249,215.01821949997975,75.25648079991515,139.0024106999772,220679110656,290987180032,1279599247360,3566656,1298432,4096,8192,,0.4475870430469513,0.006136048389613869,0.9984767794942229,0.0002941678949542337,0.005474231711984036
MB-unbounded,MB,lr0.001_U2_d0.99,21103,A1B0C0,0.0022960787901626922,0.0004689263414301339,0.66796875,186.89090556593874,0.04562766249168426,0.57666015625,0.12827591336696356,0.011363129156337994,0.052541310829811394,0.006989068871168857,213.70707760001824,75.03703260034672,137.9068765999982,220679110656,290987180032,1279599247360,3566656,1298432,4096,8192,,0.4658740162849426,0.005481611108136546,0.9970237744614466,0.00027418363494878376,0.011363129156337994
MB-unbounded,MB,lr0.001_U2_d0.99,21103,A0B1C0,0.003909843691192627,0.0007533918930032482,0.6953125,234.6148279750812,0.05727901073610381,0.481689453125,0.1458462356152331,0.003681965365230383,0.05407320733294495,-0.0024917012951424598,213.268978099979,76.75125380046666,135.75393880001502,220679110656,290987180032,1279599247360,3566656,1298432,4096,8192,,0.33832573890686035,0.006246821611604115,0.999186375179075,0.00024305826013069445,0.003681965365230383
MB-unbounded,MB,lr0.001_U2_d0.99,21103,A0B0C1,0.014068771311487538,0.002851576676419582,0.68359375,270.66221141409824,0.06607964145852008,0.52880859375,0.15526674234293963,0.0026500986330272817,0.07180011210923372,0.0015799546611233765,212.35366649999924,76.41587070074456,135.1750832000107,220679110656,290987180032,1279599247360,3566656,1298432,4096,8192,,0.4537833631038666,0.005896411314959138,1.003574127797351,0.0002880281045539261,0.0026500986330272817
MB-unbounded,MB,lr0.001_U2_d0.99,21103,A1B1C1,0.0289984624392412,0.005238771108293269,0.728515625,365.252428494221,0.08917295617534693,0.71630859375,0.16191653191695968,0.022329985364734378,0.1052378833709416,0.008929346364426733,211.70148509999854,75.79013270039286,135.14687870004855,220679110656,290987180032,1279599247360,3566656,1298432,4096,8192,,0.6203494668006897,0.007200580722677601,1.0018786141204612,0.000323327784912903,0.022329985364734378
MB-unbounded,MB,lr0.001_U2_d0.99,21104,A0B0C0,0.002088843210128477,0.00044801865800126275,0.712890625,205.01133042726656,0.050051594342594374,0.47607421875,0.1527071177629753,0.0009952942071647644,0.05152481289974652,-0.004819347158223209,213.77367900000536,75.80526410059247,137.1991538000002,220679110656,290987180032,1279599247360,3566656,1298432,4096,8192,,0.3699670433998108,0.005713296600647766,1.0016370060823858,0.00022914566221884615,0.0009952942071647644
MB-unbounded,MB,lr0.001_U2_d0.99,21104,A1B0C0,0.002828155131350485,0.0005974836463233358,0.66015625,221.22156972058747,0.0540091722950653,0.572265625,0.1284615834019001,0.009630425402589099,0.0533135389330112,0.008011977445330824,213.3851641000365,75.23590670060366,137.397455600003,220679110656,290987180032,1279599247360,3566656,1298432,4096,8192,,0.47902345657348633,0.007187498772300724,1.0022661203367305,0.00038388031801123466,0.009630425402589099
MB-unbounded,MB,lr0.001_U2_d0.99,21104,A0B1C0,0.003202495000272698,0.0007563560208737635,0.76171875,238.80868260726834,0.05830290102716512,0.460693359375,0.1463772002634773,0.004102032186107707,0.05333552859387166,-0.0021238302141522534,214.5739783999743,75.38744549988769,138.41873649999616,220679110656,290987180032,1279599247360,3566656,1298432,4096,8192,,0.32820406556129456,0.00496200208593423,0.9977497448015394,0.00027514206377207077,0.004102032186107707
MB-unbounded,MB,lr0.001_U2_d0.99,21104,A0B0C1,0.0068007334609938574,0.0011887996902088544,0.712890625,258.76629140418777,0.06317536411235053,0.531494140625,0.14113058826676556,-0.0036966619903528388,0.052116549845114754,-0.002769204126042093,214.14740720001282,76.83564829999523,136.54972889999044,220679110656,290987180032,1279599247360,3566656,1298432,4096,8192,,0.40134474635124207,0.0058336205639599225,1.0028916321669221,0.00026986658015674806,-0.0036966619903528388
MB-unbounded,MB,lr0.001_U2_d0.99,21104,A1B1C1,0.005805139925449065,0.0011056435744093076,0.767578125,385.85089871913146,0.09420187957010046,0.70361328125,0.15419683647332527,0.018219273057729524,0.07588063831581192,0.008355925775102437,212.2549669999862,75.18935580014659,136.28435129999707,220679110656,290987180032,1279599247360,3566656,1298432,4096,8192,,0.5174168944358826,0.004945484997179434,1.0039572947299815,0.00021491575962114754,0.018219273057729524
MB-unbounded,MB,lr0.001_U2_d0.99,21105,A0B0C0,0.00309458241485272,0.0006941399380955655,0.703125,200.802005308979,0.04902392707738745,0.494873046875,0.14672818749669028,0.004979873560048873,0.0503633132132065,0.004184542205319883,212.3918065999751,75.87572509968595,135.75486960000126,220679110656,290987180032,1279599247360,3566656,1298432,4096,8192,,0.3882353901863098,0.008036240435513339,1.0023267065611208,0.00035718189383946504,0.004979873560048873
MB-unbounded,MB,lr0.001_U2_d0.99,21105,A1B0C0,0.001479798436585078,0.0004935146773664274,0.70703125,214.31286047894469,0.052322475702867355,0.5859375,0.1402484626678167,0.0019844523163016865,0.06070251379644471,0.0032111409379766438,213.8506095000048,75.08068800081674,138.01288990001194,220679110656,290987180032,1279599247360,3566656,1298432,4096,8192,,0.5059597492218018,0.006127087451850723,1.0018159810641658,0.0002932002200901618,0.0019844523163016865
MB-unbounded,MB,lr0.001_U2_d0.99,21105,A0B1C0,0.004603018294187411,0.0008952805993213996,0.72265625,192.7945922894785,0.04706899225817346,0.468505859375,0.1466182473831352,-0.0035202742755710715,0.051439946706993575,-0.0006656711881026514,213.871174000029,75.8326573997183,137.2886338000244,220679110656,290987180032,1279599247360,3566656,1298432,4096,8192,,0.3647232949733734,0.006347824566239629,1.0022364003374686,0.0002738859857450673,-0.0035202742755710715
MB-unbounded,MB,lr0.001_U2_d0.99,21105,A0B0C1,0.004524404764235879,0.0009737744265672787,0.759765625,217.51618723964543,0.05310453790030406,0.550537109375,0.1455991945407528,0.004819302245147922,0.05490967774479535,0.0012085310666128271,215.09197739997762,75.97103540031821,138.34305019999738,220679110656,290987180032,1279599247360,3566656,1298432,4096,8192,,0.38993513584136963,0.006219781437417299,0.9973740283370435,0.0002695735422447844,0.004819302245147922
MB-unbounded,MB,lr0.001_U2_d0.99,21105,A1B1C1,0.004872746988516141,0.0010329547689721893,0.775390625,352.7408930036438,0.08611838208096773,0.7197265625,0.15482306055130243,0.021740397282143054,0.07403999393679422,0.014701773786690315,214.08633190000546,75.82736989991099,137.4770915999834,220679110656,290987180032,1279599247360,3566656,1298432,4096,8192,,0.5162461400032043,0.00704324553294633,1.002172784801859,0.00029564930309277585,0.021740397282143054
MB-unbounded,MB,lr0.001_U2_d0.99,21106,A0B0C0,0.0029543842767716377,0.0007764439463213798,0.70703125,150.53185740882714,0.03675094175020194,0.48876953125,0.15006316163463967,0.003323841787086238,0.06355466596295095,0.004700695827413462,212.36187489997246,75.90385950058408,135.669189799999,220679110656,290987180032,1279599247360,3566656,1298432,4096,8192,,0.3961699604988098,0.005440242103115103,1.0001109700872366,0.0002360204560315894,0.003323841787086238
MB-unbounded,MB,lr0.001_U2_d0.99,21106,A1B0C0,0.003595330320552481,0.000797037588506776,0.693359375,177.08786358927546,0.04323434169660045,0.58154296875,0.1312148920481823,0.006377783017977591,0.06719058606860365,0.01548597043189144,211.98377779996372,76.54734859979362,134.6650221000018,220679110656,290987180032,1279599247360,3566656,1298432,4096,8192,,0.46089163422584534,0.006557021542434145,1.003486195898709,0.000299071381030799,0.006377783017977591
MB-unbounded,MB,lr0.001_U2_d0.99,21106,A0B1C0,0.004627113946620742,0.0008256202549528088,0.70703125,181.15979185496235,0.04422846480834042,0.46728515625,0.1471708605794002,0.0034000203204511688,0.04788953188535838,-0.0037497298964601824,213.56051520002075,75.45809300038673,137.3343312999932,220679110656,290987180032,1279599247360,3566656,1298432,4096,8192,,0.34223443269729614,0.006516266247866851,1.001027459541054,0.00028397922965939855,0.0034000203204511688
MB-unbounded,MB,lr0.001_U2_d0.99,21106,A0B0C1,0.00467335283659942,0.0009682853700393586,0.728515625,256.3411802923065,0.06258329596980139,0.5302734375,0.17056375038236452,0.0012039190338218172,0.07681466711676631,0.00860869262928984,214.89707189999172,76.19054619981034,137.93838140000298,220679110656,290987180032,1279599247360,3566656,1298432,4096,8192,,0.5217403769493103,0.005610785073772095,0.9972777453642286,0.00032047111945769494,0.0012039190338218172
MB-unbounded,MB,lr0.001_U2_d0.99,21106,A1B1C1,0.00555748874573192,0.0010631108234310258,0.75,360.8967139805027,0.08810954931164616,0.72607421875,0.15306221893479746,0.02669926219869634,0.07859771374546864,0.029938100370146895,213.41266020001785,75.58806669979822,137.04602400001022,220679110656,290987180032,1279599247360,3566656,1298432,4096,8192,,0.4989111125469208,0.006445506635822407,1.0004633526680147,0.00029136956743179717,0.02669926219869634
MB-unbounded,MB,lr0.001_U2_d0.99,21107,A0B0C0,0.0025373799726295942,0.000546993568282189,0.732421875,283.64257276956914,0.06924867499257059,0.460693359375,0.14351707085119997,-0.0033517677482953452,0.046547623961528554,0.005117426874375807,213.5987485000369,76.17000900025596,136.68025429999398,220679110656,290987180032,1279599247360,3566656,1298432,4096,8192,,0.3303178548812866,0.006548581710596834,0.9985035520555412,0.00025907070922054663,-0.0033517677482953452
MB-unbounded,MB,lr0.001_U2_d0.99,21107,A1B0C0,0.00578171257428739,0.0012562928757281974,0.681640625,155.68846885112907,0.038009880090607684,0.573974609375,0.1357547428036331,0.008105099163749746,0.07976926690475289,0.0054714745184565265,212.02109519999067,74.77375959993515,136.49349399998027,220679110656,290987180032,1279599247360,3566656,1298432,4096,8192,,0.4824853539466858,0.0067964194362492986,1.003459587083943,0.00031295514828173315,0.008105099163749746
MB-unbounded,MB,lr0.001_U2_d0.99,21107,A0B1C0,0.0051162322687745565,0.0008324997415506913,0.6953125,260.38039043407616,0.06356943125831938,0.4560546875,0.14575732482454098,0.006004229452948397,0.05736079207158371,0.003988106660108152,211.19330189999891,75.42731690003711,135.00269099998695,220679110656,290987180032,1279599247360,3566656,1298432,4096,8192,,0.3325391709804535,0.006038191753140575,1.0029721954707058,0.0002516834545449505,0.006004229452948397
MB-unbounded,MB,lr0.001_U2_d0.99,21107,A0B0C1,0.0037901282950603132,0.0009545779040225247,0.765625,341.7565758794419,0.08343666403306688,0.5048828125,0.14585504030524377,-0.0006424471173348703,0.054277966896052895,0.003690400170968712,212.62610470001528,75.83856850008306,136.04168539999228,220679110656,290987180032,1279599247360,3566656,1298432,4096,8192,,0.38749435544013977,0.0063519889164373525,1.0002037325091746,0.0002474687720715802,-0.0006424471173348703
MB-unbounded,MB,lr0.001_U2_d0.99,21107,A1B1C1,0.0034486705309570986,0.0008383987949263181,0.8125,268.993826428087,0.06567232090529468,0.7451171875,0.1577935302858003,0.022202994572634083,0.07560501743371438,0.006763373500333556,213.89043709998077,76.34717279941833,136.78828849998536,220679110656,290987180032,1279599247360,3566656,1298432,4096,8192,,0.6335474848747253,0.005408560300343323,1.0008124603177446,0.00022141587381655872,0.022202994572634083
MB-unbounded,MB,lr0.001_U2_d0.99,21108,A0B0C0,0.002443445777636555,0.0004715335346971912,0.744140625,213.00144139639997,0.05200230502841796,0.4970703125,0.15173363055950453,0.0007631573560057527,0.05630355618157116,-0.0008897654961830633,212.9306845000392,75.50697220004804,136.67653940001037,220679110656,290987180032,1279599247360,3566656,1298432,4096,8192,,0.423281192779541,0.007063055772668274,1.0015949232184176,0.0003048224777389974,0.0007631573560057527
MB-unbounded,MB,lr0.001_U2_d0.99,21108,A1B0C0,0.0023193757045212315,0.0005037609741833081,0.728515625,226.68355330893633,0.05534266438206453,0.579833984375,0.12878742977333987,0.007470502461244298,0.0630079915114441,0.012754320270261058,212.78859010002634,75.9591799004993,136.06272319998243,220679110656,290987180032,1279599247360,3566656,1298432,4096,8192,,0.4832662045955658,0.005531066920137153,1.0001948901953446,0.0003143328745068162,0.007470502461244298
MB-unbounded,MB,lr0.001_U2_d0.99,21108,A0B1C0,0.005613778101648315,0.001147993306507363,0.72265625,218.6529432059731,0.05338206621239577,0.4775390625,0.1639832152667799,0.0009750109196282553,0.09111734604079931,-0.01372788444637855,212.0371843999892,74.87592489966482,136.40667670000403,220679110656,290987180032,1279599247360,3566656,1298432,4096,8192,,0.5006850361824036,0.00746773168835232,0.9987695583299251,0.00035056756154333877,0.0009750109196282553
MB-unbounded,MB,lr0.001_U2_d0.99,21108,A0B0C1,0.006001894895139692,0.001118414308323322,0.7109375,258.39531731517263,0.06308479426639957,0.512451171875,0.14323256294914316,-0.002863708776172383,0.05875835113050866,0.0028806443822010225,211.172966299986,74.92680310003925,135.4767620999919,220679110656,290987180032,1279599247360,3566656,1298432,4096,8192,,0.41069063544273376,0.008141207816541976,1.0002354993403415,0.000399150628223047,-0.002863708776172383
MB-unbounded,MB,lr0.001_U2_d0.99,21108,A1B1C1,0.004414763795962617,0.0008907728857004639,0.794921875,360.6713228194119,0.08805452217270798,0.718994140625,0.1548726794532393,0.02638662164225547,0.07820507935358088,0.009773115817907676,212.683618999974,75.40386420022696,136.51392840000335,220679110656,290987180032,1279599247360,3566656,1298432,4096,8192,,0.5064080357551575,0.00688615890477269,1.002938791174015,0.0003608748274062286,0.02638662164225547
MB-unbounded,MB,lr0.001_U2_d0.99,21109,A0B0C0,0.0017273426879413911,0.00039175779155452924,0.75390625,219.92792313275731,0.05369334060858333,0.4990234375,0.1482569898349378,0.0020116733819134903,0.05445324136621948,0.005600374530181839,213.76062779998756,75.63543850065616,137.36963139999716,220679110656,290987180032,1279599247360,3566656,1298432,4096,8192,,0.395722359418869,0.0038294011714924484,0.9985652026325221,0.00020842620342273157,0.0020116733819134903
MB-unbounded,MB,lr0.001_U2_d0.99,21109,A1B0C0,0.002318647086425152,0.000528794961559817,0.69921875,230.36901639957773,0.05624243564442816,0.56103515625,0.1302673943525972,-0.0011494447172445774,0.06722839491451096,0.006135717113642348,213.20673029999307,75.57812550012022,136.8638393000001,220679110656,290987180032,1279599247360,3566656,1298432,4096,8192,,0.47313734889030457,0.007701897999262074,1.0022048791261304,0.0004064702627844869,-0.0011494447172445774
MB-unbounded,MB,lr0.001_U2_d0.99,21109,A0B1C0,0.004235850056318657,0.0007335599727351934,0.728515625,236.91256289232615,0.057839981174884314,0.4609375,0.14611183861678875,0.0067794942516227995,0.07165203121566838,0.012470936584306412,214.40639289995306,75.92571349999344,137.72083790002216,220679110656,290987180032,1279599247360,3566656,1298432,4096,8192,,0.362027645111084,0.006407304115112917,1.0023624033095453,0.00028880310032663694,0.0067794942516227995
MB-unbounded,MB,lr0.001_U2_d0.99,21109,A0B0C1,0.007359683665558059,0.00133798418500764,0.69140625,267.39912119351357,0.06528298857263515,0.52685546875,0.17248470343949457,0.004869990083743504,0.10680815118654553,0.017051945030171135,213.78605589998187,75.79322079947451,137.2209356999665,220679110656,290987180032,1279599247360,3566656,1298432,4096,8192,,0.5129101872444153,0.007165007203127325,0.9985322895754886,0.00035172238793810634,0.004869990083743504
MB-unbounded,MB,lr0.001_U2_d0.99,21109,A1B1C1,0.012221515698715546,0.0026712039534166894,0.724609375,308.9108421998826,0.07541768608395572,0.7265625,0.1538683669496713,0.025313228958090406,0.0974668165083343,0.0189690584013787,212.33397209999384,74.98934599981294,136.58745890000137,220679110656,290987180032,1279599247360,3566656,1298432,4096,8192,,0.5131744742393494,0.0062071087789533795,1.002082887944588,0.00031897018382336567,0.025313228958090406
MB-unbounded,MB,lr0.001_U2_d0.99,21110,A0B0C0,0.029281470613408356,0.005462172183329998,0.638671875,441.0751725947091,0.10768436830925515,0.426025390625,0.16806331102952937,-0.0026770023481408117,0.08052529388841026,-0.007445342196277849,212.23140929997317,75.87783319946902,135.59059770002204,220679110656,290987180032,1279599247360,3566656,1298432,4096,8192,,0.39995449781417847,0.00669440998126496,0.9948581444325987,0.00032279641413621163,-0.0026770023481408117
MB-unbounded,MB,lr0.001_U2_d0.99,21110,A1B0C0,0.008657345881998069,0.0014323091192941396,0.638671875,326.89254259322524,0.07980774965654913,0.543212890625,0.17620547293139738,0.008708846917165163,0.1466827778934488,-0.022435111338100073,215.18843759999436,76.22371720102092,138.2147549000365,220679110656,290987180032,1279599247360,3566656,1298432,4096,8192,,0.7909725904464722,0.006479953945297403,1.002133321882729,0.00026433851982474784,0.008708846917165163
MB-unbounded,MB,lr0.001_U2_d0.99,21110,A0B1C0,0.007398884487903601,0.00116693868054061,0.63671875,302.44654865336634,0.07383948941732577,0.46142578125,0.1463177376317942,0.010636822126784067,0.06432204953367451,0.00990456201528441,214.61593700000958,74.73000449998653,139.1314445000171,220679110656,290987180032,1279599247360,3566656,1298432,4096,8192,,0.3355543613433838,0.005990881381783303,1.000473177461159,0.000356319284487668,0.010636822126784067
MB-unbounded,MB,lr0.001_U2_d0.99,21110,A0B0C1,0.004246497375872238,0.0008708175650364545,0.7734375,297.6416455879246,0.0726664173798644,0.519775390625,0.14642913400651855,0.008027706182603208,0.06473552229332287,0.003949859564433938,215.39474509996944,76.27606350011774,138.36628200000268,220679110656,290987180032,1279599247360,3566656,1298432,4096,8192,,0.37335914373397827,0.00679089084119652,1.002885573544483,0.000356341189915143,0.008027706182603208
MB-unbounded,MB,lr0.001_U2_d0.99,21110,A1B1C1,0.029771586322549393,0.005238410707393852,0.693359375,437.8626921091204,0.10690007131570323,0.6982421875,0.16791181003963854,0.020166970311105217,0.09962832120750673,0.0073378488255364215,214.09498310003255,74.9254894003825,138.4221671999985,220679110656,290987180032,1279599247360,3566656,1298432,4096,8192,,0.6190815567970276,0.0050755584579859495,0.995771358955368,0.0002279539983083618,0.020166970311105217
MB-unbounded,MB,lr0.001_U2_d0.99,21111,A0B0C0,0.0037306990597141265,0.000747159607901487,0.724609375,248.6664670479006,0.060709586681616357,0.488525390625,0.1488577095835244,0.008518031710382581,0.05553612940860458,0.006429582301862879,214.92602780000016,75.376712900048,138.78424609999638,220679110656,290987180032,1279599247360,3566656,1298432,4096,8192,,0.3902190327644348,0.006680656608903565,1.0000876362035187,0.00033392632602968455,0.008518031710382581
MB-unbounded,MB,lr0.001_U2_d0.99,21111,A1B0C0,0.00788362818579369,0.001713401356953395,0.673828125,179.10394082303287,0.04372654805249826,0.583984375,0.13590572993635477,0.010032353006732171,0.09982786955349633,0.021070211856573668,213.13765260005312,76.23597470055392,136.1136516000115,220679110656,290987180032,1279599247360,3566656,1298432,4096,8192,,0.48882704973220825,0.005798352039085004,0.9978662504735764,0.0002057187170187775,0.010032353006732171
MB-unbounded,MB,lr0.001_U2_d0.99,21111,A0B1C0,0.005534370902101404,0.0010081749547216812,0.708984375,195.04426714104216,0.047618229282480995,0.47265625,0.1445000785475331,0.0009572550090226002,0.06651701843566848,-0.0001160371053408242,215.4599965999805,75.42598570066912,139.26597699997365,220679110656,290987180032,1279599247360,3566656,1298432,4096,8192,,0.35959455370903015,0.005744239332618303,0.9998772218836767,0.0002580647232309712,0.0009572550090226002
MB-unbounded,MB,lr0.001_U2_d0.99,21111,A0B0C1,0.001935911292716419,0.0006127672339796353,0.794921875,259.4043528636262,0.06333114083584623,0.526123046875,0.14724687937917827,0.00252207316302636,0.07481508568609407,0.006888643248506308,216.64347619996988,77.04465190047631,138.83382620001794,220679110656,290987180032,1279599247360,3566656,1298432,4096,8192,,0.3936136066913605,0.006307248423213567,1.0024480427564537,0.0002657295210711354,0.00252207316302636
MB-unbounded,MB,lr0.001_U2_d0.99,21111,A1B1C1,0.029393224841576693,0.005238286744725209,0.732421875,343.3625276455232,0.08382874210095781,0.720703125,0.1766245261956052,0.02077560387809079,0.09657293279058768,-0.006457918787519732,214.06910779997997,76.21131489994877,137.10999530000845,220679110656,290987180032,1279599247360,3566656,1298432,4096,8192,,0.5839504599571228,0.00624896691174614,0.9993264603546586,0.0003746679618714481,0.02077560387809079
MB-unbounded,MB,lr0.001_U2_d0.99,21112,A0B0C0,0.002945060120135956,0.0006200813388636153,0.71484375,313.5202435365129,0.07654302820715647,0.468505859375,0.1467251467112025,0.0005798855395611157,0.047469451079924674,-0.004379643938665314,214.22073659999296,75.7331062994781,137.72913340001833,220679110656,290987180032,1279599247360,3566656,1298432,4096,8192,,0.35333749651908875,0.0061494082087329704,1.0008847544206319,0.0002719893102376599,0.0005798855395611157
MB-unbounded,MB,lr0.001_U2_d0.99,21112,A1B0C0,0.001855920851367987,0.0005544387459581857,0.73046875,225.18919275127473,0.05497783026154168,0.567626953125,0.12976135319795484,0.011369482901140933,0.06521609927306492,0.01760099626848771,213.27959889997146,74.98200510037714,137.53783880000992,220679110656,290987180032,1279599247360,3566656,1298432,4096,8192,,0.45593613386154175,0.005722654169524171,0.9966270984382426,0.0002656210557558288,0.011369482901140933
MB-unbounded,MB,lr0.001_U2_d0.99,21112,A0B1C0,0.0035716325962558138,0.0006735453214933175,0.708984375,218.82159383204566,0.053423240681651774,0.468505859375,0.15069239739126328,0.002804251758631626,0.052145551524083324,0.005543226099832876,212.36020000005374,75.75919109975803,135.82067109998025,220679110656,290987180032,1279599247360,3566656,1298432,4096,8192,,0.33957433700561523,0.0064141531652085314,0.9992643185380203,0.0002705775642025121,0.002804251758631626
MB-unbounded,MB,lr0.001_U2_d0.99,21112,A0B0C1,0.005086716976266725,0.0009275400933495082,0.728515625,295.0015696192131,0.0720218675828157,0.52099609375,0.13957945354592186,0.00279239136142844,0.059961769746557494,0.003420881998469463,219.054386600008,77.38943960030156,140.8718434999755,220679110656,290987180032,1279599247360,3566656,1298432,4096,8192,,0.36858439445495605,0.006132053020237592,1.0019450133474619,0.000318785085403333,0.00279239136142844
MB-unbounded,MB,lr0.001_U2_d0.99,21112,A1B1C1,0.029817809472922008,0.005235368455964986,0.712890625,374.5140998921636,0.09143410641898525,0.7109375,0.1632663682660112,0.014966158621294579,0.09178943335181242,0.0056613528356534715,219.16721020003024,77.89869410035317,140.47292949998518,220679110656,290987180032,1279599247360,3566656,1298432,4096,8192,,0.5522705316543579,0.00624855341513827,1.0020770749419774,0.0002912450062971312,0.014966158621294579
