factor,dial_name,dial,pair,i,j,level,chernoff_behaviour,chernoff_lambda,chernoff_se,chernoff_none,sym_kl_behaviour,sym_kl_se,kl_i_j,kl_j_i,regret_i_acting_on_j,regret_j_acting_on_i,relevance,relevance_se,o_value_i,o_value_j,id_mean_truth_i,id_median_truth_i,id_p90_truth_i,id_censored_truth_i,id_mean_truth_j,id_median_truth_j,id_p90_truth_j,id_censored_truth_j,id_mean,id_p90,behaviour_action_freq,pattern_entries_floored_frac
A,flip_amplitude,0.02,A0B0C0-A1B0C0,0,4,passive_episode,0.022778965569337516,0.55,0.0008359127890220211,0.022825196186088456,0.1863024988547927,0.0004493777329863923,0.08441674006197905,0.10188575879281364,0.00021101974739679008,0.0002452036681503955,0.0002281117077735928,5.584356788865094e-05,0.703565278343234,0.7181704269914633,36.7575,28.0,72.0,0.0,31.0735,25.0,59.100000000000136,0.0,33.9155,72.0,"[441, 901, 124, 20, 12, 177, 373]",0.0
A,flip_amplitude,0.02,A0B0C0-A1B0C0,0,4,passive_steady,0.022778965569337516,0.55,0.0008899371474101283,0.022825196186088456,0.1863024988547927,0.0004769804669060845,0.08441674006197905,0.10188575879281364,0.00021101974739679008,0.0002452036681503955,0.0002281117077735928,5.607315513256763e-05,0.703565278343234,0.7181704269914633,38.019,28.0,77.0,0.0,31.5785,25.0,63.0,0.0,34.79875,77.0,"[441, 901, 124, 20, 12, 177, 373]",0.0
A,flip_amplitude,0.02,A0B0C0-A1B0C0,0,4,active,0.022778965569337405,0.55,0.0009306504087537487,0.022825196186088345,0.1863024988547927,0.0004924269102244453,0.08441674006197905,0.10188575879281364,0.00021101974739679008,0.0002452036681503955,0.0002281117077735928,5.549085351698182e-05,0.703565278343234,0.7181704269914633,37.8945,29.0,74.10000000000014,0.0,31.1855,25.0,60.0,0.0,34.54,74.10000000000014,"[441, 901, 124, 20, 12, 177, 373]",0.0
A,flip_amplitude,0.02,A0B0C1-A1B0C1,1,5,passive_episode,0.02267910230663686,0.52,0.0008949301630368486,0.02275171142758632,0.18485818052640723,0.00037317915555256607,0.08976757886109263,0.09509060166531462,0.00023633453366045387,0.00010916362425916759,0.00017274907895981073,4.082660854068572e-05,0.72900424056985,0.744428568192312,35.6935,27.0,70.0,0.0,33.778,27.0,64.0,0.0,34.735749999999996,70.0,"[396, 739, 124, 122, 184, 178, 305]",0.0
A,flip_amplitude,0.02,A0B0C1-A1B0C1,1,5,passive_steady,0.02267910230663675,0.52,0.0008215523356853988,0.022751711427586432,0.18485818052640723,0.00035992087780629977,0.08976757886109261,0.09509060166531462,0.00023633453366045387,0.00010916362425916759,0.00017274907895981073,4.1985828074158606e-05,0.72900424056985,0.744428568192312,36.048,28.0,71.0,0.0,34.275,26.0,66.0,0.0,35.161500000000004,71.0,"[396, 739, 124, 122, 184, 178, 305]",0.0
A,flip_amplitude,0.02,A0B0C1-A1B0C1,1,5,active,0.02267910230663675,0.52,0.0007939038423291569,0.022751711427586432,0.18485818052640723,0.00033532478606910446,0.08976757886109261,0.09509060166531463,0.00023633453366045387,0.00010916362425916759,0.00017274907895981073,4.099941211765732e-05,0.72900424056985,0.744428568192312,37.0045,28.0,72.0,0.0,32.9755,26.0,65.0,0.0,34.989999999999995,72.0,"[396, 739, 124, 122, 184, 178, 305]",0.0
A,flip_amplitude,0.02,A0B1C0-A1B1C0,2,6,passive_episode,0.024816956620424935,0.63,0.0013973884325543205,0.0246742807725662,0.18622990829956707,0.0004620354081580218,0.06835613058558525,0.11787377771398182,0.00025893076160343753,0.00018870145839144925,0.0002238161099974434,4.783184767768644e-05,0.6759866840513382,0.6895686959893439,47.366,32.0,101.10000000000014,0.0,27.734,22.0,53.0,0.0,37.55,101.10000000000014,"[439, 862, 99, 24, 11, 230, 383]",0.0
A,flip_amplitude,0.02,A0B1C0-A1B1C0,2,6,passive_steady,0.024816956620424935,0.63,0.001445032280611417,0.0246742807725662,0.18622990829956704,0.0004505919018842396,0.06835613058558523,0.1178737777139818,0.00025893076160343753,0.00018870145839144925,0.0002238161099974434,6.135894016708817e-05,0.6759866840513382,0.6895686959893439,46.404,33.0,98.0,0.0,27.0015,21.0,52.0,0.0,36.70275,98.0,"[439, 862, 99, 24, 11, 230, 383]",0.0
A,flip_amplitude,0.02,A0B1C0-A1B1C0,2,6,active,0.024816956620424935,0.63,0.0015590673700850955,0.0246742807725662,0.1862299082995671,0.0004441613100579747,0.06835613058558526,0.11787377771398182,0.00025893076160343753,0.00018870145839144925,0.0002238161099974434,5.960042923083224e-05,0.6759866840513382,0.6895686959893439,46.79,33.0,98.0,0.0,27.244,22.0,50.100000000000136,0.0,37.016999999999996,98.0,"[439, 862, 99, 24, 11, 230, 383]",0.0
A,flip_amplitude,0.02,A0B1C1-A1B1C1,3,7,passive_episode,0.02267946198248808,0.47000000000000003,0.0008816465622160611,0.022690671390638118,0.18507211268606005,0.00043547084783699443,0.09881058330128975,0.0862615293847703,0.000577644761769136,0.0003248854569193327,0.00045126510934423436,7.245819017358881e-05,0.7009543585594287,0.7161512973993425,33.082,26.0,63.0,0.0,37.062,28.0,74.0,0.0,35.072,74.0,"[401, 625, 92, 120, 306, 190, 314]",0.0
A,flip_amplitude,0.02,A0B1C1-A1B1C1,3,7,passive_steady,0.02267946198248808,0.47000000000000003,0.0008207903047547552,0.022690671390638118,0.18507211268606005,0.00043819559670881485,0.09881058330128975,0.0862615293847703,0.000577644761769136,0.0003248854569193327,0.00045126510934423436,7.207582226619681e-05,0.7009543585594287,0.7161512973993425,32.2245,25.0,62.0,0.0,37.869,29.0,76.0,0.0,35.04675,76.0,"[401, 625, 92, 120, 306, 190, 314]",0.0
A,flip_amplitude,0.02,A0B1C1-A1B1C1,3,7,active,0.02267946198248808,0.47000000000000003,0.0008899542595025604,0.022690671390638118,0.18507211268606005,0.000398672712458193,0.09881058330128975,0.08626152938477029,0.000577644761769136,0.0003248854569193327,0.00045126510934423436,7.5333987581503e-05,0.7009543585594287,0.7161512973993425,33.617,26.0,66.10000000000014,0.0,36.783,28.0,73.0,0.0,35.2,73.0,"[401, 625, 92, 120, 306, 190, 314]",0.0
A,flip_amplitude,0.05,A0B0C0-A1B0C0,0,4,passive_episode,0.1409001609675354,0.53,0.004867465383925892,0.14055914232397404,1.1612762134429582,0.0012402495645015017,0.5594992544956277,0.6017769589473305,0.001733305145805275,0.0016756398516122317,0.0017044724987087534,0.00026529381891723274,0.703565278343234,0.7395888702148312,6.512,5.0,13.0,0.0,6.21,5.0,12.0,0.0,6.361,13.0,"[439, 881, 128, 20, 13, 180, 387]",0.0
A,flip_amplitude,0.05,A0B0C0-A1B0C0,0,4,passive_steady,0.1409001609675352,0.53,0.004787402990490884,0.14055914232397404,1.1612762134429584,0.0012330340837290422,0.5594992544956278,0.6017769589473305,0.001733305145805275,0.0016756398516122317,0.0017044724987087534,0.00024844885768158484,0.703565278343234,0.7395888702148312,6.662,5.0,12.0,0.0,6.3625,5.0,12.0,0.0,6.51225,12.0,"[439, 881, 128, 20, 13, 180, 387]",0.0
A,flip_amplitude,0.05,A0B0C0-A1B0C0,0,4,active,0.1409001609675352,0.53,0.004373591862539244,0.14055914232397404,1.1612762134429582,0.0012034225052661703,0.5594992544956277,0.6017769589473305,0.001733305145805275,0.0016756398516122317,0.0017044724987087534,0.00022913248294510426,0.703565278343234,0.7395888702148312,6.7585,5.0,12.100000000000136,0.0,6.0965,5.0,11.0,0.0,6.4275,12.100000000000136,"[439, 881, 128, 20, 13, 180, 387]",0.0
A,flip_amplitude,0.05,A0B0C1-A1B0C1,1,5,passive_episode,0.1436400296719927,0.52,0.004044067636533802,0.14303858902346678,1.1614503274998222,0.001494758516400459,0.5728466528301563,0.5886036746696659,0.0018170192062214596,0.0011769722842132069,0.0014969957452173333,0.000202992316661905,0.72900424056985,0.7667697543336303,6.2795,5.0,12.0,0.0,6.432,5.0,12.0,0.0,6.3557500000000005,12.0,"[400, 723, 126, 126, 184, 181, 308]",0.0
A,flip_amplitude,0.05,A0B0C1-A1B0C1,1,5,passive_steady,0.1436400296719927,0.52,0.004388882590520078,0.14303858902346678,1.1614503274998222,0.0013946439712908634,0.5728466528301563,0.5886036746696659,0.0018170192062214596,0.0011769722842132069,0.0014969957452173333,0.00021327356108639283,0.72900424056985,0.7667697543336303,6.4245,5.0,12.0,0.0,6.3955,5.0,12.0,0.0,6.41,12.0,"[400, 723, 126, 126, 184, 181, 308]",0.0
A,flip_amplitude,0.05,A0B0C1-A1B0C1,1,5,active,0.14364002967199282,0.52,0.004313900799043245,0.1430385890234669,1.1614503274998222,0.0014169571506672067,0.5728466528301563,0.5886036746696659,0.0018170192062214596,0.0011769722842132069,0.0014969957452173333,0.0002048692580868591,0.72900424056985,0.7667697543336303,6.5125,5.0,12.0,0.0,6.276,5.0,12.0,0.0,6.3942499999999995,12.0,"[400, 723, 126, 126, 184, 181, 308]",0.0
A,flip_amplitude,0.05,A0B1C0-A1B1C0,2,6,passive_episode,0.1467255453468678,0.55,0.004907838167654717,0.14610403544314848,1.1634665040318104,0.0012206963845815338,0.5197109596031622,0.6437555444286482,0.0015516889952849056,0.0014287292692785059,0.0014902091322817057,0.0002358552114911874,0.6759866840513382,0.7097197729524112,7.1505,6.0,14.0,0.0,5.8415,5.0,11.0,0.0,6.496,14.0,"[438, 844, 107, 24, 12, 234, 389]",0.0
A,flip_amplitude,0.05,A0B1C0-A1B1C0,2,6,passive_steady,0.1467255453468678,0.55,0.004694996312202726,0.14610403544314848,1.1634665040318104,0.0012514798297107415,0.5197109596031622,0.6437555444286482,0.0015516889952849056,0.0014287292692785059,0.0014902091322817057,0.00021892694827303668,0.6759866840513382,0.7097197729524112,7.106,6.0,13.0,0.0,5.803,5.0,11.0,0.0,6.4544999999999995,13.0,"[438, 844, 107, 24, 12, 234, 389]",0.0
A,flip_amplitude,0.05,A0B1C0-A1B1C0,2,6,active,0.1467255453468678,0.55,0.004959396709968201,0.14610403544314848,1.1634665040318104,0.0012545608758696254,0.5197109596031622,0.6437555444286482,0.0015516889952849056,0.0014287292692785059,0.0014902091322817057,0.00022314617043001103,0.6759866840513382,0.7097197729524112,7.2345,6.0,14.0,0.0,5.641,5.0,10.0,0.0,6.437749999999999,14.0,"[438, 844, 107, 24, 12, 234, 389]",0.0
A,flip_amplitude,0.05,A0B1C1-A1B1C1,3,7,passive_episode,0.14208824426745387,0.49,0.0049146418104537674,0.14205878309533815,1.1612651990887528,0.0012232445841151391,0.5954502044904151,0.5658149945983377,0.0019710697740649152,0.002139221989438056,0.0020551458817514856,0.00024306884371044242,0.7009543585594287,0.7387283442600747,6.202,5.0,12.0,0.0,6.582,5.0,13.0,0.0,6.3919999999999995,13.0,"[399, 611, 97, 126, 298, 196, 321]",0.0
A,flip_amplitude,0.05,A0B1C1-A1B1C1,3,7,passive_steady,0.14208824426745387,0.49,0.0048742164802419614,0.14205878309533815,1.1612651990887528,0.0013265778657509156,0.5954502044904151,0.5658149945983377,0.0019710697740649152,0.002139221989438056,0.0020551458817514856,0.00025605573981503095,0.7009543585594287,0.7387283442600747,6.4495,5.0,12.0,0.0,6.5805,5.0,13.0,0.0,6.515,13.0,"[399, 611, 97, 126, 298, 196, 321]",0.0
A,flip_amplitude,0.05,A0B1C1-A1B1C1,3,7,active,0.14208824426745387,0.49,0.004954333652874898,0.14205878309533815,1.1612651990887528,0.0011675454755004423,0.5954502044904152,0.5658149945983376,0.0019710697740649152,0.002139221989438056,0.0020551458817514856,0.00024422714307704193,0.7009543585594287,0.7387283442600747,6.315,5.0,12.0,0.0,6.862,5.0,13.100000000000136,0.0,6.5885,13.100000000000136,"[399, 611, 97, 126, 298, 196, 321]",0.0
A,flip_amplitude,0.1,A0B0C0-A1B0C0,0,4,passive_episode,0.565213920218902,0.53,0.017107275853673692,0.5658403520782586,4.644933145203948,0.002338933706319292,2.2808173957055042,2.3641157494984446,0.0066511172346110925,0.006941941123187689,0.006796529178899391,0.0006537480450857677,0.703565278343234,0.7732581226108977,2.1175,2.0,4.0,0.0,2.0645,2.0,4.0,0.0,2.091,4.0,"[443, 853, 134, 21, 10, 185, 402]",0.0
A,flip_amplitude,0.1,A0B0C0-A1B0C0,0,4,passive_steady,0.565213920218902,0.53,0.01903023778946674,0.5658403520782586,4.644933145203948,0.002484614693907495,2.2808173957055042,2.3641157494984446,0.0066511172346110925,0.006941941123187689,0.006796529178899391,0.0006695397639556816,0.703565278343234,0.7732581226108977,2.0605,2.0,4.0,0.0,2.008,2.0,4.0,0.0,2.03425,4.0,"[443, 853, 134, 21, 10, 185, 402]",0.0
A,flip_amplitude,0.1,A0B0C0-A1B0C0,0,4,active,0.565213920218902,0.53,0.01832809267627668,0.5658403520782586,4.644933145203948,0.0024904185284868752,2.280817395705504,2.3641157494984446,0.0066511172346110925,0.006941941123187689,0.006796529178899391,0.0006538237715761615,0.703565278343234,0.7732581226108977,2.1325,2.0,4.0,0.0,2.0355,2.0,4.0,0.0,2.0839999999999996,4.0,"[443, 853, 134, 21, 10, 185, 402]",0.0
A,flip_amplitude,0.1,A0B0C1-A1B0C1,1,5,passive_episode,0.5762377680539325,0.53,0.016875012827478195,0.5752787781465035,4.64566185923878,0.002257468675766741,2.3071226658795196,2.338539193359261,0.007625758061607257,0.005637480087528957,0.006631619074568107,0.000621761177596507,0.72900424056985,0.8017015350822732,2.1385,2.0,4.0,0.0,2.0555,2.0,4.0,0.0,2.097,4.0,"[411, 696, 126, 130, 178, 187, 320]",0.0
A,flip_amplitude,0.1,A0B0C1-A1B0C1,1,5,passive_steady,0.5762377680539325,0.53,0.018303505743838294,0.5752787781465035,4.64566185923878,0.0024556842417519237,2.3071226658795196,2.338539193359261,0.007625758061607257,0.005637480087528957,0.006631619074568107,0.0006421466314104562,0.72900424056985,0.8017015350822732,2.11,2.0,4.0,0.0,2.167,2.0,4.0,0.0,2.1384999999999996,4.0,"[411, 696, 126, 130, 178, 187, 320]",0.0
A,flip_amplitude,0.1,A0B0C1-A1B0C1,1,5,active,0.5762377680539325,0.53,0.017502024610230996,0.5752787781465035,4.64566185923878,0.002359616647521767,2.3071226658795196,2.338539193359261,0.007625758061607257,0.005637480087528957,0.006631619074568107,0.0006588325600675409,0.72900424056985,0.8017015350822732,2.116,2.0,4.0,0.0,2.129,2.0,4.0,0.0,2.1225,4.0,"[411, 696, 126, 130, 178, 187, 320]",0.0
A,flip_amplitude,0.1,A0B1C0-A1B1C0,2,6,passive_episode,0.5833315604538017,0.53,0.017765695933881852,0.5835125698835852,4.646063259553609,0.0024640520333782403,2.20169541310122,2.4443678464523892,0.005102688097416319,0.00514329770339117,0.0051229929004037444,0.0005458458608628243,0.6759866840513382,0.7423816743619298,2.246,2.0,4.0,0.0,1.979,2.0,3.0,0.0,2.1125,4.0,"[443, 807, 111, 25, 11, 241, 410]",0.0
A,flip_amplitude,0.1,A0B1C0-A1B1C0,2,6,passive_steady,0.5833315604538017,0.53,0.01703266695442465,0.5835125698835852,4.646063259553609,0.0025634771271328036,2.20169541310122,2.4443678464523892,0.005102688097416319,0.00514329770339117,0.0051229929004037444,0.0005582035974676008,0.6759866840513382,0.7423816743619298,2.2185,2.0,4.0,0.0,2.053,2.0,4.0,0.0,2.13575,4.0,"[443, 807, 111, 25, 11, 241, 410]",0.0
A,flip_amplitude,0.1,A0B1C0-A1B1C0,2,6,active,0.5833315604538017,0.53,0.015086030593477389,0.5835125698835852,4.6460632595536095,0.002623968366012067,2.20169541310122,2.4443678464523897,0.005102688097416319,0.00514329770339117,0.0051229929004037444,0.0005571534407977025,0.6759866840513382,0.7423816743619298,2.215,2.0,4.0,0.0,1.9655,2.0,3.0,0.0,2.09025,4.0,"[443, 807, 111, 25, 11, 241, 410]",0.0
A,flip_amplitude,0.1,A0B1C1-A1B1C1,3,7,passive_episode,0.5681459348487766,0.49,0.019348469628657737,0.5680418694812965,4.646429954238435,0.0022103042553642043,2.353576537569384,2.2928534166690517,0.007337093836149222,0.007515971499373109,0.007426532667761165,0.0006770761567144837,0.7009543585594287,0.7752276337004318,2.0745,2.0,4.0,0.0,2.136,2.0,4.0,0.0,2.10525,4.0,"[403, 591, 99, 128, 289, 202, 336]",0.0
A,flip_amplitude,0.1,A0B1C1-A1B1C1,3,7,passive_steady,0.5681459348487766,0.49,0.01881204043808713,0.5680418694812963,4.646429954238435,0.002237603127353952,2.353576537569384,2.2928534166690517,0.007337093836149222,0.007515971499373109,0.007426532667761165,0.0006617724155077621,0.7009543585594287,0.7752276337004318,2.1,2.0,4.0,0.0,2.12,2.0,4.0,0.0,2.1100000000000003,4.0,"[403, 591, 99, 128, 289, 202, 336]",0.0
A,flip_amplitude,0.1,A0B1C1-A1B1C1,3,7,active,0.5681459348487766,0.49,0.02030774271117796,0.5680418694812965,4.646429954238436,0.002463927000782441,2.353576537569384,2.292853416669052,0.007337093836149222,0.007515971499373109,0.007426532667761165,0.0006878056778131334,0.7009543585594287,0.7752276337004318,2.048,2.0,4.0,0.0,2.122,2.0,4.0,0.0,2.085,4.0,"[403, 591, 99, 128, 289, 202, 336]",0.0
A,flip_amplitude,0.25,A0B0C0-A1B0C0,0,4,passive_episode,3.688881015250472,0.52,0.1288699077136694,3.6712206194377015,29.017785468424243,0.006421055548216985,14.415105507223467,14.602679961200776,0.044214432654989366,0.04031951999247951,0.04226697632373444,0.002175591500043446,0.703565278343234,0.8491923910270032,1.021,1.0,1.0,0.0,1.012,1.0,1.0,0.0,1.0165,1.0,"[466, 726, 139, 22, 19, 233, 443]",1.1625744047619047e-05
A,flip_amplitude,0.25,A0B0C0-A1B0C0,0,4,passive_steady,3.688881015250472,0.52,0.1298291508938943,3.6712206194377015,29.017785468424243,0.006388656581021821,14.415105507223467,14.602679961200776,0.044214432654989366,0.04031951999247951,0.04226697632373444,0.0023196519217060048,0.703565278343234,0.8491923910270032,1.022,1.0,1.0,0.0,1.015,1.0,1.0,0.0,1.0185,1.0,"[466, 726, 139, 22, 19, 233, 443]",1.1625744047619047e-05
A,flip_amplitude,0.25,A0B0C0-A1B0C0,0,4,active,3.688881015250472,0.52,0.14731985673849204,3.6712206194377015,29.017785468424243,0.006259299776816401,14.415105507223467,14.602679961200776,0.044214432654989366,0.04031951999247951,0.04226697632373444,0.0023757430990257447,0.703565278343234,0.8491923910270032,1.0185,1.0,1.0,0.0,1.0135,1.0,1.0,0.0,1.016,1.0,"[466, 726, 139, 22, 19, 233, 443]",1.1625744047619047e-05
A,flip_amplitude,0.25,A0B0C1-A1B0C1,1,5,passive_episode,3.767331344433885,0.52,0.1335476837870926,3.8228704330521532,29.01192939307041,0.005389851593716507,14.475871049410554,14.536058343659858,0.04399180132362801,0.03228387360893237,0.03813783746628019,0.0022422124403665778,0.72900424056985,0.8753971433454097,1.0195,1.0,1.0,0.0,1.011,1.0,1.0,0.0,1.01525,1.0,"[431, 613, 129, 137, 178, 209, 351]",0.0
A,flip_amplitude,0.25,A0B0C1-A1B0C1,1,5,passive_steady,3.767331344433885,0.52,0.12674447594776025,3.8228704330521532,29.01192939307041,0.00618502548053798,14.475871049410554,14.536058343659858,0.04399180132362801,0.03228387360893237,0.03813783746628019,0.002074340986816676,0.72900424056985,0.8753971433454097,1.026,1.0,1.0,0.0,1.0145,1.0,1.0,0.0,1.0202499999999999,1.0,"[431, 613, 129, 137, 178, 209, 351]",0.0
A,flip_amplitude,0.25,A0B0C1-A1B0C1,1,5,active,3.767331344433885,0.52,0.13070307710910653,3.8228704330521532,29.01192939307041,0.005855143161977455,14.475871049410554,14.536058343659858,0.04399180132362801,0.03228387360893237,0.03813783746628019,0.001931497287033987,0.72900424056985,0.8753971433454097,1.0225,1.0,1.0,0.0,1.0145,1.0,1.0,0.0,1.0185,1.0,"[431, 613, 129, 137, 178, 209, 351]",0.0
A,flip_amplitude,0.25,A0B1C0-A1B1C0,2,6,passive_episode,3.84113089066954,0.52,0.11784565698995544,3.8290971378133234,29.023085982706323,0.006727589157785603,14.21341847012365,14.809667512582674,0.042296412010053075,0.02963239021033104,0.03596440111019206,0.0019987640888285323,0.6759866840513382,0.8300758807513446,1.0215,1.0,1.0,0.0,1.017,1.0,1.0,0.0,1.01925,1.0,"[472, 695, 114, 25, 21, 270, 451]",0.0
A,flip_amplitude,0.25,A0B1C0-A1B1C0,2,6,passive_steady,3.84113089066954,0.52,0.1159211248065757,3.8290971378133234,29.023085982706323,0.006065678619026053,14.21341847012365,14.809667512582674,0.042296412010053075,0.02963239021033104,0.03596440111019206,0.0020560373598406613,0.6759866840513382,0.8300758807513446,1.023,1.0,1.0,0.0,1.011,1.0,1.0,0.0,1.017,1.0,"[472, 695, 114, 25, 21, 270, 451]",0.0
A,flip_amplitude,0.25,A0B1C0-A1B1C0,2,6,active,3.84113089066954,0.52,0.11182600995629843,3.8290971378133234,29.023085982706323,0.006445857739753309,14.21341847012365,14.809667512582674,0.042296412010053075,0.02963239021033104,0.03596440111019206,0.0018906008329412024,0.6759866840513382,0.8300758807513446,1.017,1.0,1.0,0.0,1.014,1.0,1.0,0.0,1.0154999999999998,1.0,"[472, 695, 114, 25, 21, 270, 451]",0.0
A,flip_amplitude,0.25,A0B1C1-A1B1C1,3,7,passive_episode,3.597871600185922,0.45,0.18523858180907188,3.5564681309687023,29.028019589714017,0.0059561514157433215,14.59462468003279,14.433394909681226,0.044381536769911634,0.032806190877074926,0.03859386382349328,0.002106069224844073,0.7009543585594287,0.8608857946154416,1.0185,1.0,1.0,0.0,1.017,1.0,1.0,0.0,1.01775,1.0,"[430, 520, 101, 133, 271, 223, 370]",1.1625744047619047e-05
A,flip_amplitude,0.25,A0B1C1-A1B1C1,3,7,passive_steady,3.597871600185922,0.45,0.1758196698915369,3.5564681309687023,29.028019589714017,0.005806989671746131,14.59462468003279,14.433394909681226,0.044381536769911634,0.032806190877074926,0.03859386382349328,0.0020124270426266594,0.7009543585594287,0.8608857946154416,1.0135,1.0,1.0,0.0,1.0175,1.0,1.0,0.0,1.0155,1.0,"[430, 520, 101, 133, 271, 223, 370]",1.1625744047619047e-05
A,flip_amplitude,0.25,A0B1C1-A1B1C1,3,7,active,3.597871600185922,0.45,0.18703273023145287,3.556468130968703,29.028019589714017,0.006278766507923714,14.59462468003279,14.433394909681226,0.044381536769911634,0.032806190877074926,0.03859386382349328,0.002067286270938624,0.7009543585594287,0.8608857946154416,1.025,1.0,1.0,0.0,1.017,1.0,1.0,0.0,1.021,1.0,"[430, 520, 101, 133, 271, 223, 370]",1.1625744047619047e-05
A,flip_amplitude,0.5,A0B0C0-A1B0C0,0,4,passive_episode,17.49778251023698,0.49,0.4981976289657817,17.418392268720975,116.05797576841404,0.013547360255731507,57.85645521514293,58.20152055327111,0.10224564433209338,0.09316096176991806,0.09770330305100572,0.003665728750628687,0.703565278343234,0.8943396479364765,1.0,1.0,1.0,0.0,1.0,1.0,1.0,0.0,1.0,1.0,"[504, 614, 149, 24, 57, 249, 451]",4.650297619047619e-05
A,flip_amplitude,0.5,A0B0C0-A1B0C0,0,4,passive_steady,17.49778251023698,0.49,0.441071860472574,17.418392268720975,116.05797576841404,0.013668519732168394,57.85645521514293,58.20152055327111,0.10224564433209338,0.09316096176991806,0.09770330305100572,0.0036156082896093835,0.703565278343234,0.8943396479364765,1.0,1.0,1.0,0.0,1.0,1.0,1.0,0.0,1.0,1.0,"[504, 614, 149, 24, 57, 249, 451]",4.650297619047619e-05
A,flip_amplitude,0.5,A0B0C0-A1B0C0,0,4,active,17.49778251023698,0.49,0.42231807494363766,17.418392268720975,116.05797576841404,0.0133874862686193,57.85645521514293,58.20152055327111,0.10224564433209338,0.09316096176991806,0.09770330305100572,0.003444296575842412,0.703565278343234,0.8943396479364765,1.0,1.0,1.0,0.0,1.0,1.0,1.0,0.0,1.0,1.0,"[504, 614, 149, 24, 57, 249, 451]",4.650297619047619e-05
A,flip_amplitude,0.5,A0B0C1-A1B0C1,1,5,passive_episode,17.809199701269478,0.48,0.4736368361394855,18.216445004850108,116.03950747185542,0.012258883886644348,57.98308255710492,58.0564249147505,0.10024183287052324,0.07397799103394931,0.08710991195223627,0.003037968308638882,0.72900424056985,0.9136379302496422,1.0,1.0,1.0,0.0,1.0,1.0,1.0,0.0,1.0,1.0,"[472, 525, 134, 147, 185, 218, 367]",1.1625744047619047e-05
A,flip_amplitude,0.5,A0B0C1-A1B0C1,1,5,passive_steady,17.809199701269478,0.48,0.5142953350647915,18.216445004850108,116.03950747185542,0.013893167151409808,57.98308255710492,58.0564249147505,0.10024183287052324,0.07397799103394931,0.08710991195223627,0.0032453302549428726,0.72900424056985,0.9136379302496422,1.0,1.0,1.0,0.0,1.0,1.0,1.0,0.0,1.0,1.0,"[472, 525, 134, 147, 185, 218, 367]",1.1625744047619047e-05
A,flip_amplitude,0.5,A0B0C1-A1B0C1,1,5,active,17.809199701269478,0.48,0.5538626467491011,18.216445004850108,116.03950747185542,0.013031841244448084,57.98308255710492,58.0564249147505,0.10024183287052324,0.07397799103394931,0.08710991195223627,0.0034307434825495515,0.72900424056985,0.9136379302496422,1.0,1.0,1.0,0.0,1.0,1.0,1.0,0.0,1.0,1.0,"[472, 525, 134, 147, 185, 218, 367]",1.1625744047619047e-05
A,flip_amplitude,0.5,A0B1C0-A1B1C0,2,6,passive_episode,18.089769904953393,0.48,0.4136016894631601,18.142681487640814,116.05692227720945,0.012942429497276522,57.45473155363106,58.60219072357839,0.07540130847630877,0.07790282917784452,0.07665206882707665,0.002555454833865153,0.6759866840513382,0.8890203476662961,1.0,1.0,1.0,0.0,1.0,1.0,1.0,0.0,1.0,1.0,"[518, 562, 128, 24, 73, 280, 463]",2.3251488095238094e-05
A,flip_amplitude,0.5,A0B1C0-A1B1C0,2,6,passive_steady,18.089769904953393,0.48,0.3614402836580085,18.142681487640814,116.05692227720945,0.012193698848641701,57.45473155363106,58.60219072357839,0.07540130847630877,0.07790282917784452,0.07665206882707665,0.0028342101433814,0.6759866840513382,0.8890203476662961,1.0,1.0,1.0,0.0,1.0,1.0,1.0,0.0,1.0,1.0,"[518, 562, 128, 24, 73, 280, 463]",2.3251488095238094e-05
A,flip_amplitude,0.5,A0B1C0-A1B1C0,2,6,active,18.089769904953393,0.48,0.3839619245662347,18.142681487640814,116.05692227720945,0.013130204193933792,57.45473155363106,58.60219072357839,0.07540130847630877,0.07790282917784452,0.07665206882707665,0.003031388015181067,0.6759866840513382,0.8890203476662961,1.0,1.0,1.0,0.0,1.0,1.0,1.0,0.0,1.0,1.0,"[518, 562, 128, 24, 73, 280, 463]",2.3251488095238094e-05
A,flip_amplitude,0.5,A0B1C1-A1B1C1,3,7,passive_episode,16.578616704568258,0.54,0.8543960178162749,16.478702881147626,116.06236035046268,0.013299629392422295,58.226264240160575,57.83609611030211,0.09285336133599031,0.07661108987754517,0.08473222560676774,0.00312725692602639,0.7009543585594287,0.9113419876085942,1.0,1.0,1.0,0.0,1.0,1.0,1.0,0.0,1.0,1.0,"[463, 419, 108, 140, 289, 230, 399]",2.3251488095238094e-05
A,flip_amplitude,0.5,A0B1C1-A1B1C1,3,7,passive_steady,16.578616704568258,0.54,0.8995857863334749,16.478702881147626,116.06236035046268,0.01354177191943412,58.226264240160575,57.83609611030211,0.09285336133599031,0.07661108987754517,0.08473222560676774,0.003067664134444786,0.7009543585594287,0.9113419876085942,1.0,1.0,1.0,0.0,1.0,1.0,1.0,0.0,1.0,1.0,"[463, 419, 108, 140, 289, 230, 399]",2.3251488095238094e-05
A,flip_amplitude,0.5,A0B1C1-A1B1C1,3,7,active,16.578616704568258,0.54,0.8578161771051537,16.478702881147626,116.06236035046268,0.013898700032835743,58.22626424016058,57.83609611030211,0.09285336133599031,0.07661108987754517,0.08473222560676774,0.0030067408133183223,0.7009543585594287,0.9113419876085942,1.0,1.0,1.0,0.0,1.0,1.0,1.0,0.0,1.0,1.0,"[463, 419, 108, 140, 289, 230, 399]",2.3251488095238094e-05
A,flip_amplitude,1.0,A0B0C0-A1B0C0,0,4,passive_episode,86.34382479807867,0.5,1.5841589977010786,86.15629200267236,464.55936699491645,0.03971990625498008,231.90888105045113,232.6504859444653,0.21654516916899524,0.22831341504910796,0.2224292921090516,0.0052814003397865725,0.703565278343234,0.714322195692084,1.0,1.0,1.0,0.0,1.0,1.0,1.0,0.0,1.0,1.0,"[414, 393, 344, 20, 71, 452, 354]",0.0005173456101190476
A,flip_amplitude,1.0,A0B0C0-A1B0C0,0,4,passive_steady,86.34382479807867,0.5,1.7343851541998534,86.15629200267236,464.55936699491645,0.04399903978110111,231.90888105045113,232.6504859444653,0.21654516916899524,0.22831341504910796,0.2224292921090516,0.0057968586688683195,0.703565278343234,0.714322195692084,1.0,1.0,1.0,0.0,1.0,1.0,1.0,0.0,1.0,1.0,"[414, 393, 344, 20, 71, 452, 354]",0.0005173456101190476
A,flip_amplitude,1.0,A0B0C0-A1B0C0,0,4,active,86.34382479807867,0.5,1.72793568478686,86.15629200267236,464.55936699491645,0.042774111576673504,231.90888105045113,232.6504859444653,0.21654516916899524,0.22831341504910796,0.2224292921090516,0.005710441087361252,0.703565278343234,0.714322195692084,1.0,1.0,1.0,0.0,1.0,1.0,1.0,0.0,1.0,1.0,"[414, 393, 344, 20, 71, 452, 354]",0.0005173456101190476
A,flip_amplitude,1.0,A0B0C1-A1B0C1,1,5,passive_episode,86.63686419602905,0.49,1.5432918576048409,88.08553631850695,464.4718035562713,0.041313680986119754,232.07409652653445,232.39770702973686,0.22518694757817315,0.2005999875601745,0.21289346756917382,0.005208072652093534,0.72900424056985,0.7316013399710357,1.0,1.0,1.0,0.0,1.0,1.0,1.0,0.0,1.0,1.0,"[371, 324, 341, 130, 222, 397, 263]",0.0003894624255952381
A,flip_amplitude,1.0,A0B0C1-A1B0C1,1,5,passive_steady,86.63686419602905,0.49,1.667552730761704,88.08553631850695,464.4718035562713,0.041095221793325074,232.07409652653445,232.39770702973686,0.22518694757817315,0.2005999875601745,0.21289346756917382,0.005020208971407132,0.72900424056985,0.7316013399710357,1.0,1.0,1.0,0.0,1.0,1.0,1.0,0.0,1.0,1.0,"[371, 324, 341, 130, 222, 397, 263]",0.0003894624255952381
A,flip_amplitude,1.0,A0B0C1-A1B0C1,1,5,active,86.63686419602905,0.49,1.436404887209527,88.08553631850695,464.4718035562713,0.036491197074696655,232.07409652653445,232.39770702973686,0.22518694757817315,0.2005999875601745,0.21289346756917382,0.005730836744893684,0.72900424056985,0.7316013399710357,1.0,1.0,1.0,0.0,1.0,1.0,1.0,0.0,1.0,1.0,"[371, 324, 341, 130, 222, 397, 263]",0.0003894624255952381
A,flip_amplitude,1.0,A0B1C0-A1B1C0,2,6,passive_episode,88.31533138730094,0.49,0.8949255138165745,88.3133065102556,464.6041449107589,0.04598601928341745,231.06946038357034,233.5346845271886,0.14181205752299064,0.2194709682055418,0.18064151286426622,0.005319192504268996,0.6759866840513382,0.688302760086728,1.0,1.0,1.0,0.0,1.0,1.0,1.0,0.0,1.0,1.0,"[452, 281, 214, 17, 101, 625, 358]",0.0004592168898809524
A,flip_amplitude,1.0,A0B1C0-A1B1C0,2,6,passive_steady,88.31533138730094,0.49,0.8304123728993996,88.3133065102556,464.6041449107589,0.043800385356688135,231.06946038357034,233.5346845271886,0.14181205752299064,0.2194709682055418,0.18064151286426622,0.005102747485128793,0.6759866840513382,0.688302760086728,1.0,1.0,1.0,0.0,1.0,1.0,1.0,0.0,1.0,1.0,"[452, 281, 214, 17, 101, 625, 358]",0.0004592168898809524
A,flip_amplitude,1.0,A0B1C0-A1B1C0,2,6,active,88.31533138730094,0.49,0.8812410441459053,88.3133065102556,464.6041449107589,0.04366543627245654,231.06946038357034,233.5346845271886,0.14181205752299064,0.2194709682055418,0.18064151286426622,0.005305765222454713,0.6759866840513382,0.688302760086728,1.0,1.0,1.0,0.0,1.0,1.0,1.0,0.0,1.0,1.0,"[452, 281, 214, 17, 101, 625, 358]",0.0004592168898809524
A,flip_amplitude,1.0,A0B1C1-A1B1C1,3,7,passive_episode,84.32697238505921,0.52,1.4844685722154654,84.29852035544876,464.56128429870745,0.04375941705364109,232.59383174191657,231.96745255679087,0.15762674119341114,0.18343067150387782,0.17052870634864448,0.005334208073304103,0.7009543585594287,0.7059596018752217,1.0,1.0,1.0,0.0,1.0,1.0,1.0,0.0,1.0,1.0,"[395, 235, 181, 142, 293, 503, 299]",0.0005231584821428571
A,flip_amplitude,1.0,A0B1C1-A1B1C1,3,7,passive_steady,84.32697238505921,0.52,1.6715055992146788,84.29852035544876,464.56128429870745,0.043005218335322885,232.59383174191657,231.96745255679087,0.15762674119341114,0.18343067150387782,0.17052870634864448,0.004782079830533003,0.7009543585594287,0.7059596018752217,1.0,1.0,1.0,0.0,1.0,1.0,1.0,0.0,1.0,1.0,"[395, 235, 181, 142, 293, 503, 299]",0.0005231584821428571
A,flip_amplitude,1.0,A0B1C1-A1B1C1,3,7,active,84.32697238505921,0.52,1.5024975237303257,84.29852035544876,464.56128429870745,0.04662632720737581,232.59383174191657,231.96745255679087,0.15762674119341114,0.18343067150387782,0.17052870634864448,0.005120583314283258,0.7009543585594287,0.7059596018752217,1.0,1.0,1.0,0.0,1.0,1.0,1.0,0.0,1.0,1.0,"[395, 235, 181, 142, 293, 503, 299]",0.0005231584821428571
B,b_gap,0.02,A0B0C0-A0B1C0,0,2,passive_episode,0.005863085805864469,0.6,0.0006087948705693353,0.005206390280294572,0.04498178200345304,0.0010449591669569715,0.017791020113473426,0.02719076188997961,1.3430544640868902e-06,-9.863870218396187e-07,1.7833372112363577e-07,1.2545581812393358e-07,0.7012071768781709,0.697952167646612,167.4235,119.5,342.0,0.0,113.819,89.5,223.10000000000014,0.0,140.62125,342.0,"[436, 896, 122, 27, 3, 169, 395]",0.0
B,b_gap,0.02,A0B0C0-A0B1C0,0,2,passive_steady,0.006281901857511133,0.6,0.0005606274694661938,0.005640537832619676,0.04858178200345292,0.001197268085868751,0.019677583357563536,0.028904198645889383,1.3430544640868902e-06,-9.863870218396187e-07,1.7833372112363577e-07,1.2280516351718397e-07,0.7012071768781709,0.697952167646612,152.4125,109.0,312.10000000000014,0.0,105.9105,83.5,206.0,0.0,129.1615,312.10000000000014,"[436, 896, 122, 27, 3, 169, 395]",0.0
B,b_gap,0.02,A0B0C0-A0B1C0,0,2,active,0.0007139054674543076,0.65,0.0004559756646933708,-0.0,0.0053817820034526885,0.001076809736123206,0.0016286156284937487,0.00375316637495894,1.3430544640868902e-06,-9.863870218396187e-07,1.7833372112363577e-07,1.2464077198694649e-07,0.7012071768781709,0.697952167646612,1674.3935,1294.0,4000.0,0.1095,827.601,656.5,1609.1000000000001,0.0025,1250.99725,4000.0,"[436, 896, 122, 27, 3, 169, 395]",0.0
B,b_gap,0.02,A0B0C1-A0B1C1,1,3,passive_episode,0.00551543819232932,0.48,0.0004135428471172905,0.005129161361390634,0.0432217358354178,0.0009558408290135877,0.022459503678287904,0.0207622321571299,6.196803150260166e-05,0.0003310663640263556,0.00019651719776447862,3.3118026230548045e-05,0.7250668109113363,0.7226379143673398,136.7345,102.5,277.10000000000014,0.0,147.6595,112.0,295.0,0.0,142.197,295.0,"[423, 730, 114, 127, 226, 124, 304]",0.0
B,b_gap,0.02,A0B0C1-A0B1C1,1,3,passive_steady,0.005922464874813291,0.48,0.0005075847375665812,0.005508800888577395,0.04682173583541774,0.0009988823037699727,0.024356477456645778,0.02246525837877196,6.196803150260166e-05,0.0003310663640263556,0.00019651719776447862,3.352346275002141e-05,0.7250668109113363,0.7226379143673398,127.443,97.0,250.10000000000014,0.0,141.022,105.0,277.2000000000003,0.0,134.2325,277.2000000000003,"[423, 730, 114, 127, 226, 124, 304]",0.0
B,b_gap,0.02,A0B0C1-A0B1C1,1,3,active,0.00030888061052290766,0.39,0.00041668102146895315,-0.0,0.0036217358354178864,0.0009207845599350337,0.002330978646387454,0.0012907571890304324,6.196803150260166e-05,0.0003310663640263556,0.00019651719776447862,2.972452667273559e-05,0.7250668109113363,0.7226379143673398,1229.7145,972.0,2494.1000000000013,0.028,1907.994,1536.0,4000.0,0.172,1568.8542499999999,4000.0,"[423, 730, 114, 127, 226, 124, 304]",0.0
B,b_gap,0.02,A1B0C0-A1B1C0,4,6,passive_episode,0.0055163587632240454,0.53,0.0004783033556395442,0.0047984446893795645,0.04530429435167729,0.001189810691165764,0.021392231490703836,0.023912062860973457,1.259544047371719e-05,1.759963779335294e-05,1.5097539133535065e-05,6.97410410007119e-06,0.7048697880123882,0.7020629338471025,141.5075,106.0,282.10000000000014,0.0,131.9105,100.0,267.0,0.0,136.709,282.10000000000014,"[421, 120, 788, 71, 132, 258, 258]",0.0
B,b_gap,0.02,A1B0C0-A1B1C0,4,6,passive_steady,0.005839037866752507,0.52,0.0004890702441818612,0.005134021369559601,0.04890429435167742,0.0012780396808539237,0.023336220953324126,0.02556807339835329,1.259544047371719e-05,1.759963779335294e-05,1.5097539133535065e-05,7.329165273908664e-06,0.7048697880123882,0.7020629338471025,133.743,100.0,275.0,0.0,119.113,94.0,239.0,0.0,126.428,275.0,"[421, 120, 788, 71, 132, 258, 258]",0.0
B,b_gap,0.02,A1B0C0-A1B1C0,4,6,active,0.0010625323147766708,0.85,0.0005471678404183605,-0.0,0.005704294351677295,0.0011509772205257837,0.0010799600979351117,0.004624334253742183,1.259544047371719e-05,1.759963779335294e-05,1.5097539133535065e-05,7.4873656251142485e-06,0.7048697880123882,0.7020629338471025,2032.7665,1656.5,4000.0,0.216,654.5985,559.0,1173.1000000000001,0.0,1343.6825,4000.0,"[421, 120, 788, 71, 132, 258, 258]",0.0
B,b_gap,0.02,A1B0C1-A1B1C1,5,7,passive_episode,0.006086560495432919,0.68,0.0009575284941944772,0.005523925317433047,0.043911600071552856,0.0011788081882600208,0.013847881664948405,0.030063718406604448,1.5567876097577482e-05,1.891684515697989e-05,1.7242360627278686e-05,6.909030843126256e-06,0.7400319320897566,0.7371886801202834,227.0335,145.0,499.3000000000004,0.0,103.229,83.0,191.0,0.0,165.13125,499.3000000000004,"[445, 90, 751, 182, 143, 269, 168]",0.0
B,b_gap,0.02,A1B0C1-A1B1C1,5,7,passive_steady,0.006253995451932708,0.64,0.00098615182588672,0.005722914581224963,0.04751160007155283,0.0010785398793860229,0.01700079665068989,0.030510803420862938,1.5567876097577482e-05,1.891684515697989e-05,1.7242360627278686e-05,6.589662739502915e-06,0.7400319320897566,0.7371886801202834,183.475,126.0,391.10000000000014,0.0,104.2325,87.0,194.0,0.0,143.85375,391.10000000000014,"[445, 90, 751, 182, 143, 269, 168]",0.0
B,b_gap,0.02,A1B0C1-A1B1C1,5,7,active,0.0007233523660398504,0.78,0.0004432896498015462,-0.0,0.004311600071552808,0.001102708491741918,0.0010835950092362616,0.003228005062316546,1.5567876097577482e-05,1.891684515697989e-05,1.7242360627278686e-05,7.530337013399225e-06,0.7400319320897566,0.7371886801202834,1981.4405,1630.5,4000.0,0.161,976.703,807.5,1791.2000000000003,0.004,1479.07175,4000.0,"[445, 90, 751, 182, 143, 269, 168]",0.0
B,b_gap,0.05,A0B0C0-A0B1C0,0,2,passive_episode,0.03608056500982944,0.55,0.0015531164639880186,0.03164923460677091,0.2854180573283252,0.004915180450915341,0.12955802258191246,0.15586003474641275,1.5106634236872196e-06,4.110886948183179e-06,2.8107751859351993e-06,1.3943125824588007e-06,0.7012071768781709,0.6930295730610823,25.5925,20.0,51.0,0.0,21.151,17.0,40.0,0.0,23.37175,51.0,"[436, 896, 122, 27, 3, 169, 395]",0.0
B,b_gap,0.05,A0B0C0-A0B1C0,0,2,passive_steady,0.038805087056949586,0.55,0.0016860722656169226,0.03446417563527941,0.3079180573283251,0.004698911967244076,0.14102443069213777,0.16689362663618737,1.5106634236872196e-06,4.110886948183179e-06,2.8107751859351993e-06,1.5036255905529539e-06,0.7012071768781709,0.6930295730610823,23.9965,18.0,46.100000000000136,0.0,19.609,15.0,38.0,0.0,21.802750000000003,46.100000000000136,"[436, 896, 122, 27, 3, 169, 395]",0.0
B,b_gap,0.05,A0B0C0-A0B1C0,0,2,active,0.004608930364534296,0.54,0.001201993854526357,-0.0,0.0379180573283245,0.005162598330039099,0.014902011369463408,0.023016045958861094,1.5106634236872196e-06,4.110886948183179e-06,2.8107751859351993e-06,1.4866210158370136e-06,0.7012071768781709,0.6930295730610823,216.8765,162.0,428.10000000000014,0.0,146.149,115.0,283.10000000000014,0.0,181.51274999999998,428.10000000000014,"[436, 896, 122, 27, 3, 169, 395]",0.0
B,b_gap,0.05,A0B0C1-A0B1C1,1,3,passive_episode,0.03751633580998347,0.51,0.001459398374525773,0.03203408851035048,0.28145623339808173,0.004746408066074373,0.13912918850635225,0.14232704489172948,0.00022856723370523468,0.0010025019481076924,0.0006155345909064636,8.686169718843733e-05,0.7250668109113363,0.7191231499710469,23.2525,18.5,44.0,0.0,22.791,18.0,44.0,0.0,23.02175,44.0,"[423, 718, 114, 127, 238, 124, 304]",0.0
B,b_gap,0.05,A0B0C1-A0B1C1,1,3,passive_steady,0.04005529816015984,0.51,0.0014148638155240306,0.03439667653982521,0.3039562333980818,0.0043246169243591325,0.150621622952247,0.15333461044583482,0.00022856723370523468,0.0010025019481076924,0.0006155345909064636,9.511470203934053e-05,0.7250668109113363,0.7191231499710469,21.944,17.0,42.0,0.0,21.4065,17.0,40.0,0.0,21.67525,42.0,"[423, 718, 114, 127, 238, 124, 304]",0.0
B,b_gap,0.05,A0B0C1-A0B1C1,1,3,active,0.005065471653271616,0.62,0.0009785100683217848,-0.0,0.033956233398081424,0.004001487179030511,0.014557875926600843,0.019398357471480582,0.00022856723370523468,0.0010025019481076924,0.0006155345909064636,9.806116436357793e-05,0.7250668109113363,0.7191231499710469,227.879,172.0,465.0,0.0,174.0955,146.0,312.10000000000014,0.0,200.98725,465.0,"[423, 718, 114, 127, 238, 124, 304]",0.0
B,b_gap,0.05,A1B0C0-A1B1C0,4,6,passive_episode,0.03440359034195725,0.52,0.00164498858165779,0.029984776566380048,0.2828953457336357,0.004937594693676648,0.13756403489015095,0.14533131084348472,0.0001683399712177902,0.00011304269816747592,0.00014069133469263306,3.683355242242697e-05,0.7048697880123882,0.6979456367176482,24.384,19.0,47.0,0.0,22.5525,17.0,44.0,0.0,23.468249999999998,47.0,"[421, 117, 785, 71, 135, 261, 258]",0.0
B,b_gap,0.05,A1B0C0-A1B1C0,4,6,passive_steady,0.03647551608620596,0.52,0.0015159246221287989,0.03207817699014456,0.3053953457336361,0.004216441835820391,0.1491740085467017,0.15622133718693437,0.0001683399712177902,0.00011304269816747592,0.00014069133469263306,3.878583694661084e-05,0.7048697880123882,0.6979456367176482,22.5115,17.0,45.0,0.0,20.755,16.0,40.0,0.0,21.63325,45.0,"[421, 117, 785, 71, 135, 261, 258]",0.0
B,b_gap,0.05,A1B0C0-A1B1C0,4,6,active,0.0051356055652326035,0.7000000000000001,0.0012049480278873436,-0.0,0.03539534573363547,0.00502612645858324,0.012533356408229137,0.022861989325406326,0.0001683399712177902,0.00011304269816747592,0.00014069133469263306,3.465656646360665e-05,0.7048697880123882,0.6979456367176482,269.9155,190.0,575.0,0.0,152.0225,125.0,288.2000000000003,0.0,210.969,575.0,"[421, 117, 785, 71, 135, 261, 258]",0.0
B,b_gap,0.05,A1B0C1-A1B1C1,5,7,passive_episode,0.03401978981658371,0.5700000000000001,0.0014750760461480282,0.0312573807639922,0.2736277204827587,0.003864535832932378,0.11690205973515588,0.1567256607476028,0.00010280601674139689,0.000107830337938708,0.00010531817734005244,3.0968274620270615e-05,0.7400319320897566,0.7330317304493335,28.2465,21.0,56.100000000000136,0.0,21.1345,17.0,39.100000000000136,0.0,24.6905,56.100000000000136,"[446, 89, 746, 182, 144, 273, 168]",0.0
B,b_gap,0.05,A1B0C1-A1B1C1,5,7,passive_steady,0.03644418578021889,0.55,0.0016167382588599384,0.0337915995390165,0.2961277204827587,0.0037854803720429966,0.13153434719950957,0.1645933732832491,0.00010280601674139689,0.000107830337938708,0.00010531817734005244,3.152697320089514e-05,0.7400319320897566,0.7330317304493335,25.097,19.0,51.0,0.0,19.882,16.0,37.100000000000136,0.0,22.4895,51.0,"[446, 89, 746, 182, 144, 273, 168]",0.0
B,b_gap,0.05,A1B0C1-A1B1C1,5,7,active,0.0035116996790012854,0.61,0.0009102006907542631,-0.0,0.02612772048275821,0.004117656727507104,0.010741343095875261,0.015386377386882946,0.00010280601674139689,0.000107830337938708,0.00010531817734005244,3.24493324419132e-05,0.7400319320897566,0.7330317304493335,296.4065,220.0,601.0,0.0,216.2795,172.0,423.0,0.0,256.343,601.0,"[446, 89, 746, 182, 144, 273, 168]",0.0
B,b_gap,0.1,A0B0C0-A0B1C0,0,2,passive_episode,0.14203980905786773,0.54,0.0050766077146528815,0.12611013136492713,1.1346247121313042,0.011853494668890954,0.541795747433866,0.5928289646974383,8.023430382309016e-06,1.388483769915183e-05,1.0954134040730423e-05,4.275524147206584e-06,0.7012071768781709,0.6847164909971397,6.7735,5.0,13.0,0.0,6.4585,5.0,12.0,0.0,6.616,13.0,"[436, 895, 121, 27, 3, 171, 395]",0.0
B,b_gap,0.1,A0B0C0-A0B1C0,0,2,passive_steady,0.1528225694463713,0.53,0.005722199471929104,0.13724835679175895,1.2246247121313045,0.013261040389085979,0.5872285636543169,0.6373961484769877,8.023430382309016e-06,1.388483769915183e-05,1.0954134040730423e-05,4.430697469045425e-06,0.7012071768781709,0.6847164909971397,6.5135,5.0,12.0,0.0,5.823,5.0,11.0,0.0,6.1682500000000005,12.0,"[436, 895, 121, 27, 3, 171, 395]",0.0
B,b_gap,0.1,A0B0C0-A0B1C0,0,2,active,0.01687240971319127,0.51,0.002859222671369147,-0.0,0.1446247121313026,0.013539828382542977,0.06498372500896774,0.07964098712233486,8.023430382309016e-06,1.388483769915183e-05,1.0954134040730423e-05,4.150307888685644e-06,0.7012071768781709,0.6847164909971397,56.19,43.0,115.0,0.0,47.203,38.0,94.0,0.0,51.6965,115.0,"[436, 895, 121, 27, 3, 171, 395]",0.0
B,b_gap,0.1,A0B0C1-A0B1C1,1,3,passive_episode,0.14032644726924715,0.49,0.004876110952773304,0.1279471145197935,1.1007526254256192,0.011807812103461044,0.5553099894575001,0.545442635968119,0.0004133898673899239,0.0023276832858698526,0.0013705365766298883,0.00017986925874203115,0.7250668109113363,0.7135293395084403,6.7115,5.0,12.0,0.0,6.925,5.0,13.0,0.0,6.81825,13.0,"[423, 708, 112, 127, 248, 126, 304]",5.8128720238095235e-06
B,b_gap,0.1,A0B0C1-A0B1C1,1,3,passive_steady,0.150784661045852,0.49,0.005205942350591444,0.1372784182087108,1.1907526254256193,0.012424959672248787,0.6007948583492895,0.5899577670763299,0.0004133898673899239,0.0023276832858698526,0.0013705365766298883,0.0001962359349202166,0.7250668109113363,0.7135293395084403,6.334,5.0,12.0,0.0,6.533,5.0,12.0,0.0,6.4335,12.0,"[423, 708, 112, 127, 248, 126, 304]",5.8128720238095235e-06
B,b_gap,0.1,A0B0C1-A0B1C1,1,3,active,0.011814310135737416,0.47000000000000003,0.0020619298798650433,-0.0,0.1107526254256177,0.011283505661403648,0.0586673642979966,0.052085261127621095,0.0004133898673899239,0.0023276832858698526,0.0013705365766298883,0.00018301614519660508,0.7250668109113363,0.7135293395084403,64.506,50.0,132.10000000000014,0.0,71.924,57.0,147.10000000000014,0.0,68.215,147.10000000000014,"[423, 708, 112, 127, 248, 126, 304]",5.8128720238095235e-06
B,b_gap,0.1,A1B0C0-A1B1C0,4,6,passive_episode,0.13227090656621407,0.51,0.00513009091924569,0.12008376332352248,1.1126661413971979,0.012241804028228232,0.5544198771468394,0.5582462642503585,0.00139158447890253,0.000571891162906013,0.0009817378209042715,0.00014009092353316506,0.7048697880123882,0.6912981084374437,6.8395,5.0,13.0,0.0,6.5625,5.0,12.0,0.0,6.7010000000000005,13.0,"[421, 114, 769, 71, 138, 277, 258]",0.0
B,b_gap,0.1,A1B0C0-A1B1C0,4,6,passive_steady,0.1405235548095909,0.5,0.005978737768506094,0.1284622800716246,1.2026661413971982,0.013160033753297861,0.6001398244599405,0.6025263169372578,0.00139158447890253,0.000571891162906013,0.0009817378209042715,0.0001644422225345804,0.7048697880123882,0.6912981084374437,6.368,5.0,12.0,0.0,6.4425,5.0,13.0,0.0,6.4052500000000006,13.0,"[421, 114, 769, 71, 138, 277, 258]",0.0
B,b_gap,0.1,A1B0C0-A1B1C0,4,6,active,0.0133979118888332,0.56,0.002349592846154833,-0.0,0.12266614139719652,0.01347874008298214,0.056858520182995156,0.06580762121420136,0.00139158447890253,0.000571891162906013,0.0009817378209042715,0.00015297263076284522,0.7048697880123882,0.6912981084374437,63.123,47.0,129.0,0.0,57.713,45.0,116.0,0.0,60.418,129.0,"[421, 114, 769, 71, 138, 277, 258]",0.0
B,b_gap,0.1,A1B0C1-A1B1C1,5,7,passive_episode,0.1313570416237235,0.53,0.004940876427673259,0.12301672791314347,1.0930275642025742,0.011453879296009993,0.5093219548240131,0.583705609378561,0.001866754186835351,0.0005840685584033167,0.0012254113726193339,0.00017769157776051245,0.7400319320897566,0.7263085537734568,7.425,6.0,14.0,0.0,6.5265,5.0,12.0,0.0,6.97575,14.0,"[446, 87, 738, 182, 146, 281, 168]",0.0
B,b_gap,0.1,A1B0C1-A1B1C1,5,7,passive_steady,0.14100685824402606,0.52,0.006004403358960231,0.1336521307722636,1.1830275642025743,0.011097602654369777,0.5610865297527206,0.6219410344498537,0.001866754186835351,0.0005840685584033167,0.0012254113726193339,0.00017954067774487151,0.7400319320897566,0.7263085537734568,6.86,5.0,13.0,0.0,6.139,5.0,12.0,0.0,6.4995,13.0,"[446, 87, 738, 182, 146, 281, 168]",0.0
B,b_gap,0.1,A1B0C1-A1B1C1,5,7,active,0.011725541556675842,0.51,0.002159989340618579,-0.0,0.10302756420257227,0.011067487683456851,0.04950052154545147,0.0535270426571208,0.001866754186835351,0.0005840685584033167,0.0012254113726193339,0.0001609181556775398,0.7400319320897566,0.7263085537734568,72.259,56.0,147.0,0.0,71.736,56.0,153.0,0.0,71.9975,153.0,"[446, 87, 738, 182, 146, 281, 168]",0.0
B,b_gap,0.15,A0B0C0-A0B1C0,0,2,passive_episode,0.3182874381925963,0.54,0.009606307264737851,0.28366235813392066,2.565881232849352,0.024365726140588056,1.2418574201691208,1.324023812680231,6.838381996487897e-05,6.495251228955112e-05,6.666816612721504e-05,1.4858055890287846e-05,0.7012071768781709,0.6763481933040865,3.448,3.0,6.0,0.0,3.206,3.0,6.0,0.0,3.327,6.0,"[436, 893, 115, 27, 3, 178, 396]",5.8128720238095235e-06
B,b_gap,0.15,A0B0C0-A0B1C0,0,2,passive_steady,0.342218239935159,0.53,0.011621275770859227,0.30814553309683707,2.768381232849352,0.02312623050473568,1.343756644499797,1.424624588349555,6.838381996487897e-05,6.495251228955112e-05,6.666816612721504e-05,1.598584477578406e-05,0.7012071768781709,0.6763481933040865,3.2165,3.0,6.0,0.0,3.067,3.0,6.0,0.0,3.14175,6.0,"[436, 893, 115, 27, 3, 178, 396]",5.8128720238095235e-06
B,b_gap,0.15,A0B0C0-A0B1C0,0,2,active,0.03769799662337941,0.54,0.0038714122238358104,-0.0,0.3383812328493483,0.024580499450310333,0.15538938653177287,0.18299184631757542,6.838381996487897e-05,6.495251228955112e-05,6.666816612721504e-05,1.5037523780115804e-05,0.7012071768781709,0.6763481933040865,27.9955,22.0,59.0,0.0,24.3885,19.0,52.0,0.0,26.192,59.0,"[436, 893, 115, 27, 3, 178, 396]",5.8128720238095235e-06
B,b_gap,0.15,A0B0C1-A0B1C1,1,3,passive_episode,0.3117997198559924,0.49,0.009057810269322281,0.28722566286186313,2.507124692170907,0.02394641308181334,1.2501148298656304,1.2570098623052766,0.0007845225734044448,0.0037471519525382746,0.0022658372629713597,0.0002995990624179587,0.7250668109113363,0.7079827104007919,3.484,3.0,6.0,0.0,3.469,3.0,6.0,0.0,3.4764999999999997,6.0,"[423, 706, 106, 127, 250, 132, 304]",1.743861607142857e-05
B,b_gap,0.15,A0B0C1-A0B1C1,1,3,passive_steady,0.3350300136768175,0.49,0.010586485401128972,0.30770614716486555,2.709624692170907,0.023063920832221807,1.352092133203315,1.3575325589675924,0.0007845225734044448,0.0037471519525382746,0.0022658372629713597,0.00028652901321857196,0.7250668109113363,0.7079827104007919,3.1755,3.0,6.0,0.0,3.184,3.0,6.0,0.0,3.1797500000000003,6.0,"[423, 706, 106, 127, 250, 132, 304]",1.743861607142857e-05
B,b_gap,0.15,A0B0C1-A0B1C1,1,3,active,0.02646719657589939,0.45,0.0032103523384320906,-0.0,0.27962469217090347,0.022621495679387767,0.13390089212637474,0.1457238000445287,0.0007845225734044448,0.0037471519525382746,0.0022658372629713597,0.0003022351901217289,0.7250668109113363,0.7079827104007919,32.596,25.0,71.0,0.0,33.0075,25.0,70.10000000000014,0.0,32.80175,71.0,"[423, 706, 106, 127, 250, 132, 304]",1.743861607142857e-05
B,b_gap,0.15,A1B0C0-A1B1C0,4,6,passive_episode,0.29505887812160114,0.51,0.011623465185200438,0.2707055929595542,2.5179097931679864,0.022937771910020607,1.2554958470575452,1.262413946110441,0.00766709668638299,0.003981136570097021,0.005824116628240006,0.0004472256626129433,0.7048697880123882,0.6876652499639491,3.3915,3.0,6.0,0.0,3.4535,3.0,6.0,0.0,3.4225000000000003,6.0,"[422, 112, 746, 71, 140, 299, 258]",1.743861607142857e-05
B,b_gap,0.15,A1B0C0-A1B1C0,4,6,passive_steady,0.314289273760073,0.5,0.011600827187100586,0.28949787966423246,2.720409793167987,0.023949182876578577,1.357825768027197,1.36258402514079,0.00766709668638299,0.003981136570097021,0.005824116628240006,0.00048552621796171336,0.7048697880123882,0.6876652499639491,3.2475,3.0,6.0,0.0,3.2415,3.0,6.0,0.0,3.2445,6.0,"[422, 112, 746, 71, 140, 299, 258]",1.743861607142857e-05
B,b_gap,0.15,A1B0C0-A1B1C0,4,6,active,0.02863189769856086,0.53,0.0036506645015678715,-0.0,0.2904097931679832,0.0218556036455262,0.13790381161177834,0.15250598155620487,0.00766709668638299,0.003981136570097021,0.005824116628240006,0.0003944869799488409,0.7048697880123882,0.6876652499639491,31.3715,24.0,63.100000000000136,0.0,31.276,23.0,70.0,0.0,31.32375,70.0,"[422, 112, 746, 71, 140, 299, 258]",1.743861607142857e-05
B,b_gap,0.15,A1B0C1-A1B1C1,5,7,passive_episode,0.29378646985266077,0.52,0.010685327389611482,0.27543225174737607,2.475071245309424,0.021771088085013993,1.1791262499431057,1.2959449953663182,0.008059779409805401,0.004364330635688418,0.00621205502274691,0.0004367487994323763,0.7400319320897566,0.7229061004615716,3.5965,3.0,7.0,0.0,3.382,3.0,6.0,0.0,3.48925,7.0,"[446, 83, 711, 183, 150, 307, 168]",1.1625744047619047e-05
B,b_gap,0.15,A1B0C1-A1B1C1,5,7,passive_steady,0.31485658289195073,0.51,0.01330144754678573,0.2988031248400324,2.677571245309424,0.02144329819140736,1.290523112336167,1.387048132973257,0.008059779409805401,0.004364330635688418,0.00621205502274691,0.0004746593231436345,0.7400319320897566,0.7229061004615716,3.3915,3.0,6.0,0.0,3.1335,3.0,6.0,0.0,3.2625,6.0,"[446, 83, 711, 183, 150, 307, 168]",1.1625744047619047e-05
B,b_gap,0.15,A1B0C1-A1B1C1,5,7,active,0.02570940395757839,0.49,0.003395311588657884,-0.0,0.24757124530942018,0.022636445484625258,0.11814410002526282,0.12942714528415736,0.008059779409805401,0.004364330635688418,0.00621205502274691,0.0005298709584676153,0.7400319320897566,0.7229061004615716,36.559,28.0,75.0,0.0,40.4295,30.0,87.0,0.0,38.494249999999994,87.0,"[446, 83, 711, 183, 150, 307, 168]",1.1625744047619047e-05
B,b_gap,0.2,A0B0C0-A0B1C0,0,2,passive_episode,0.5695808549263476,0.54,0.016015515688341853,0.5046672069539553,4.600454815774005,0.039467387941268646,2.235962185376316,2.364492630397689,8.568818841325765e-05,0.0001306133668137477,0.00010815077761350267,2.6494067935011767e-05,0.7012071768781709,0.6678935324036388,2.2395,2.0,4.0,0.0,2.132,2.0,4.0,0.0,2.18575,4.0,"[436, 893, 97, 27, 3, 196, 396]",5.231584821428571e-05
B,b_gap,0.2,A0B0C0-A0B1C0,0,2,passive_steady,0.6082282140351528,0.54,0.019442088088420212,0.546940735691181,4.960454815774005,0.04136343770913787,2.4168278178172176,2.543626997956787,8.568818841325765e-05,0.0001306133668137477,0.00010815077761350267,2.2733631968779117e-05,0.7012071768781709,0.6678935324036388,2.0855,2.0,4.0,0.0,1.961,2.0,3.0,0.0,2.02325,4.0,"[436, 893, 97, 27, 3, 196, 396]",5.231584821428571e-05
B,b_gap,0.2,A0B0C0-A0B1C0,0,2,active,0.06327503289987828,0.51,0.005242155510739705,-0.0,0.640454815774002,0.04006756215427439,0.29233814052651963,0.34811667524748235,8.568818841325765e-05,0.0001306133668137477,0.00010815077761350267,2.4303364216826245e-05,0.7012071768781709,0.6678935324036388,17.0985,14.0,36.100000000000136,0.0,14.6985,11.0,32.0,0.0,15.8985,36.100000000000136,"[436, 893, 97, 27, 3, 196, 396]",5.231584821428571e-05
B,b_gap,0.2,A0B0C1-A0B1C1,1,3,passive_episode,0.551465136795953,0.49,0.018098340134874304,0.5090941881537153,4.466797381684753,0.03666209348216362,2.2273373377746393,2.239460043910113,0.0011818424103466896,0.005255264194474307,0.0032185533024104984,0.00038452462902253596,0.7250668109113363,0.7025706574319983,2.167,2.0,4.0,0.0,2.212,2.0,4.0,0.0,2.1895,4.0,"[423, 700, 95, 127, 256, 143, 304]",0.00010463169642857142
B,b_gap,0.2,A0B0C1-A0B1C1,1,3,passive_steady,0.5901438748339307,0.48,0.021266257035414033,0.5442108723891129,4.826797381684752,0.035929348570171486,2.408307075558218,2.418490306126534,0.0011818424103466896,0.005255264194474307,0.0032185533024104984,0.00037060275646623437,0.7250668109113363,0.7025706574319983,2.1185,2.0,4.0,0.0,2.083,2.0,4.0,0.0,2.10075,4.0,"[423, 700, 95, 127, 256, 143, 304]",0.00010463169642857142
B,b_gap,0.2,A0B0C1-A0B1C1,1,3,active,0.04518024570176466,0.47000000000000003,0.004354592964970369,-0.0,0.50679738168475,0.03683747794437253,0.24405208745563262,0.26274529422911735,0.0011818424103466896,0.005255264194474307,0.0032185533024104984,0.00040995827604753925,0.7250668109113363,0.7025706574319983,21.209,16.0,45.0,0.0,21.3735,16.0,46.0,0.0,21.291249999999998,46.0,"[423, 700, 95, 127, 256, 143, 304]",0.00010463169642857142
B,b_gap,0.2,A1B0C0-A1B1C0,4,6,passive_episode,0.5130700198540318,0.51,0.019015334304826468,0.4822486934523147,4.461298447279381,0.03461276704724089,2.221964020545291,2.2393344267340902,0.008725267908360479,0.008006177972703199,0.008365722940531839,0.0005484268362165222,0.7048697880123882,0.6845695662988547,2.224,2.0,4.0,0.0,2.195,2.0,4.0,0.0,2.2095000000000002,4.0,"[422, 108, 653, 71, 144, 392, 258]",5.231584821428571e-05
B,b_gap,0.2,A1B0C0-A1B1C0,4,6,passive_steady,0.5483855473079352,0.49,0.02137683532980581,0.5154164549333584,4.821298447279382,0.03843575925813996,2.403403915171493,2.4178945321078884,0.008725267908360479,0.008006177972703199,0.008365722940531839,0.0006080897408045657,0.7048697880123882,0.6845695662988547,2.1275,2.0,4.0,0.0,2.1015,2.0,4.0,0.0,2.1145,4.0,"[422, 108, 653, 71, 144, 392, 258]",5.231584821428571e-05
B,b_gap,0.2,A1B0C0-A1B1C0,4,6,active,0.04075957659310285,0.49,0.005631417838584111,-0.0,0.5012984472793784,0.03871516267714558,0.23684130661760244,0.26445714066177595,0.008725267908360479,0.008006177972703199,0.008365722940531839,0.000590332094238896,0.7048697880123882,0.6845695662988547,21.836,16.0,49.100000000000136,0.0,21.9575,16.0,49.0,0.0,21.896749999999997,49.100000000000136,"[422, 108, 653, 71, 144, 392, 258]",5.231584821428571e-05
B,b_gap,0.2,A1B0C1-A1B1C1,5,7,passive_episode,0.5176709293206609,0.52,0.02056912011235321,0.4878939663881954,4.376922390025133,0.031641969921333266,2.111312537827598,2.265609852197535,0.009688162582854432,0.008670942282059002,0.009179552432456717,0.0005866962829447094,0.7400319320897566,0.7199892519094035,2.357,2.0,4.0,0.0,2.1285,2.0,4.0,0.0,2.24275,4.0,"[446, 80, 609, 183, 153, 409, 168]",4.650297619047619e-05
B,b_gap,0.2,A1B0C1-A1B1C1,5,7,passive_steady,0.5535621618355352,0.52,0.02311587743004005,0.5275218589089127,4.736922390025134,0.0297285216935262,2.3048416876850126,2.432080702340121,0.009688162582854432,0.008670942282059002,0.009179552432456717,0.0005803859763129693,0.7400319320897566,0.7199892519094035,2.155,2.0,4.0,0.0,2.1075,2.0,4.0,0.0,2.1312499999999996,4.0,"[446, 80, 609, 183, 153, 409, 168]",4.650297619047619e-05
B,b_gap,0.2,A1B0C1-A1B1C1,5,7,active,0.03866368685235055,0.5,0.004084397083396298,-0.0,0.4169223900251309,0.03073516146112727,0.2016696712704751,0.21525271875465574,0.009688162582854432,0.008670942282059002,0.009179552432456717,0.0005946057977537562,0.7400319320897566,0.7199892519094035,24.288,17.0,52.0,0.0,29.4845,22.0,67.0,0.0,26.88625,67.0,"[446, 80, 609, 183, 153, 409, 168]",4.650297619047619e-05
B,b_gap,0.3,A0B0C0-A0B1C0,0,2,passive_episode,1.2741156090467862,0.56,0.037468199130773525,1.1407829934926483,10.515193339267885,0.07622075545568593,5.113631547758417,5.401561791509468,0.0001472379854163819,0.00034094773400994427,0.00024409285971316308,4.774428722020224e-05,0.7012071768781709,0.6511886413854882,1.361,1.0,2.0,0.0,1.3045,1.0,2.0,0.0,1.3327499999999999,2.0,"[437, 892, 91, 27, 3, 202, 396]",0.0005754743303571429
B,b_gap,0.3,A0B0C0-A0B1C0,0,2,passive_steady,1.3658755996562042,0.55,0.040213115246322075,1.2302496086287333,11.325193339267885,0.08395380412062238,5.519929996419769,5.805263342848116,0.0001472379854163819,0.00034094773400994427,0.00024409285971316308,5.0666692939562784e-05,0.7012071768781709,0.6511886413854882,1.2995,1.0,2.0,0.0,1.2825,1.0,2.0,0.0,1.291,2.0,"[437, 892, 91, 27, 3, 202, 396]",0.0005754743303571429
B,b_gap,0.3,A0B0C0-A0B1C0,0,2,active,0.12267760375939933,0.44,0.008247743458091834,-0.0,1.6051933392678885,0.08106381532872904,0.7131954804837268,0.8919978587841617,0.0001472379854163819,0.00034094773400994427,0.00024409285971316308,4.7396663832587144e-05,0.7012071768781709,0.6511886413854882,8.9845,7.0,20.0,0.0,7.8265,6.0,17.0,0.0,8.4055,20.0,"[437, 892, 91, 27, 3, 202, 396]",0.0005754743303571429
B,b_gap,0.3,A0B0C1-A0B1C1,1,3,passive_episode,1.2047627148844524,0.46,0.04708949194145852,1.138317323310613,10.130476844917544,0.06861331286308582,5.02006209329628,5.1104147516212635,0.0017067012465403764,0.008566140088390739,0.005136420667465558,0.000593416675806737,0.7250668109113363,0.692045588618214,1.311,1.0,2.0,0.0,1.329,1.0,2.0,0.0,1.3199999999999998,2.0,"[424, 686, 81, 128, 266, 156, 307]",0.0006103515625
B,b_gap,0.3,A0B0C1-A0B1C1,1,3,passive_steady,1.2783567405063516,0.45,0.05540485045413501,1.2079773684494202,10.940476844917544,0.07426588972203431,5.426516699971648,5.513960144945895,0.0017067012465403764,0.008566140088390739,0.005136420667465558,0.0005855860682545255,0.7250668109113363,0.692045588618214,1.266,1.0,2.0,0.0,1.3035,1.0,2.0,0.0,1.28475,2.0,"[424, 686, 81, 128, 266, 156, 307]",0.0006103515625
B,b_gap,0.3,A0B0C1-A0B1C1,1,3,active,0.0916031449271738,0.44,0.005673743106114557,-0.0,1.2204768449175465,0.06661135161823564,0.5601342178177737,0.6603426270997728,0.0017067012465403764,0.008566140088390739,0.005136420667465558,0.0005712941130688239,0.7250668109113363,0.692045588618214,11.775,8.0,26.0,0.0,10.648,8.0,24.0,0.0,11.211500000000001,26.0,"[424, 686, 81, 128, 266, 156, 307]",0.0006103515625
B,b_gap,0.3,A1B0C0-A1B1C0,4,6,passive_episode,1.1329592332690146,0.5,0.06155038402633517,1.0894603718436642,9.956248128331605,0.07360103547890005,4.954279666475525,5.001968461856081,0.011637126547846322,0.016513769767577458,0.01407544815771189,0.0008480739838751185,0.7048697880123882,0.6789097404876969,1.36,1.0,2.0,0.0,1.3625,1.0,2.0,0.0,1.36125,2.0,"[422, 101, 585, 71, 151, 460, 258]",0.0005929129464285714
B,b_gap,0.3,A1B0C0-A1B1C0,4,6,passive_steady,1.224143739305933,0.46,0.0526056346439731,1.1616556633475499,10.766248128331606,0.059747429884740674,5.361439508414827,5.404808619916778,0.011637126547846322,0.016513769767577458,0.01407544815771189,0.000923214571092962,0.7048697880123882,0.6789097404876969,1.306,1.0,2.0,0.0,1.3235,1.0,2.0,0.0,1.31475,2.0,"[422, 101, 585, 71, 151, 460, 258]",0.0005929129464285714
B,b_gap,0.3,A1B0C0-A1B1C0,4,6,active,0.06760211654061919,0.48,0.006697413360154215,-0.0,1.0462481283316092,0.07087236743378642,0.4915955955839959,0.5546525327476133,0.011637126547846322,0.016513769767577458,0.01407544815771189,0.0009459163564529803,0.7048697880123882,0.6789097404876969,13.543,10.0,29.0,0.0,14.329,10.0,33.0,0.0,13.936,33.0,"[422, 101, 585, 71, 151, 460, 258]",0.0005929129464285714
B,b_gap,0.3,A1B0C1-A1B1C1,5,7,passive_episode,1.1439179432165318,0.51,0.04382654457293194,1.0898779817725233,9.833568599532086,0.06357998921072121,4.767533161927085,5.0660354376050005,0.011661060050826677,0.01785312909737513,0.014757094574100904,0.0009800395567888575,0.7400319320897566,0.7145488385819903,1.395,1.0,2.0,0.0,1.3245,1.0,2.0,0.0,1.35975,2.0,"[446, 75, 532, 184, 158, 485, 168]",0.00047665550595238094
B,b_gap,0.3,A1B0C1-A1B1C1,5,7,passive_steady,1.2135126373355174,0.52,0.055001430328206743,1.1693772365565671,10.643568599532085,0.06879102653808526,5.192826886713207,5.450741712818878,0.011661060050826677,0.01785312909737513,0.014757094574100904,0.0009296061879757394,0.7400319320897566,0.7145488385819903,1.318,1.0,2.0,0.0,1.27,1.0,2.0,0.0,1.294,2.0,"[446, 75, 532, 184, 158, 485, 168]",0.00047665550595238094
B,b_gap,0.3,A1B0C1-A1B1C1,5,7,active,0.06565175196471676,0.51,0.005574448896975344,-0.0,0.9235685995320887,0.06283472117741028,0.41806886209140426,0.5054997374406844,0.011661060050826677,0.01785312909737513,0.014757094574100904,0.001020934266153559,0.7400319320897566,0.7145488385819903,15.3335,11.0,33.0,0.0,15.204,11.0,34.0,0.0,15.26875,34.0,"[446, 75, 532, 184, 158, 485, 168]",0.00047665550595238094
B,b_gap,0.45,A0B0C0-A0B1C0,0,2,passive_episode,2.8397481148336654,0.54,0.0882048301374135,2.601008472048557,23.52564555236784,0.1547921891393668,11.503603828898095,12.022041723469748,0.00048147303876788783,0.0009056479846663024,0.0006935605117170951,0.00010472019501399802,0.7012071768781709,0.6266228341948477,1.047,1.0,1.0,0.0,1.038,1.0,1.0,0.0,1.0425,1.0,"[438, 889, 88, 27, 3, 205, 398]",0.0024937220982142855
B,b_gap,0.45,A0B0C0-A0B1C0,0,2,passive_steady,3.054957308396175,0.54,0.09432679318104567,2.799899383225933,25.348145552367843,0.14436262213781792,12.416801501890122,12.93134405047772,0.00048147303876788783,0.0009056479846663024,0.0006935605117170951,0.00011006885921980731,0.7012071768781709,0.6266228341948477,1.0435,1.0,1.0,0.0,1.0315,1.0,1.0,0.0,1.0375,1.0,"[438, 889, 88, 27, 3, 205, 398]",0.0024937220982142855
B,b_gap,0.45,A0B0C0-A0B1C0,0,2,active,0.22276887830030073,0.45,0.010038257635316654,-0.0,3.4781455523678435,0.14120241271729259,1.5616997279860563,1.9164458243817872,0.00048147303876788783,0.0009056479846663024,0.0006935605117170951,0.0001155894809477047,0.7012071768781709,0.6266228341948477,5.3905,4.0,12.0,0.0,4.68,3.0,10.0,0.0,5.03525,12.0,"[438, 889, 88, 27, 3, 205, 398]",0.0024937220982142855
B,b_gap,0.45,A0B0C1-A0B1C1,1,3,passive_episode,2.660481011624841,0.42,0.12415354008495719,2.5477118589277485,22.687062085597873,0.13994407974717715,11.202258067427373,11.484804018170502,0.004714713041757079,0.013990483698968603,0.009352598370362841,0.0009573527059745338,0.7250668109113363,0.6767066202520269,1.0535,1.0,1.0,0.0,1.046,1.0,1.0,0.0,1.04975,1.0,"[424, 669, 73, 128, 280, 164, 310]",0.0025809151785714285
B,b_gap,0.45,A0B0C1-A0B1C1,1,3,passive_steady,2.7684086869129962,0.4,0.1652567636183514,2.6707348316383213,24.50956208559787,0.13419200485301988,12.115689977440423,12.39387210815745,0.004714713041757079,0.013990483698968603,0.009352598370362841,0.00098751170089693,0.7250668109113363,0.6767066202520269,1.046,1.0,1.0,0.0,1.052,1.0,1.0,0.0,1.049,1.0,"[424, 669, 73, 128, 280, 164, 310]",0.0025809151785714285
B,b_gap,0.45,A0B0C1-A0B1C1,1,3,active,0.16158129421862755,0.37,0.009066069264952929,-0.0,2.6395620855978748,0.13124590725126986,1.1711162542096103,1.4684458313882645,0.004714713041757079,0.013990483698968603,0.009352598370362841,0.0009987345725527255,0.7250668109113363,0.6767066202520269,7.0985,5.0,16.0,0.0,6.3335,5.0,13.100000000000136,0.0,6.715999999999999,16.0,"[424, 669, 73, 128, 280, 164, 310]",0.0025809151785714285
B,b_gap,0.45,A1B0C0-A1B1C0,4,6,passive_episode,2.53209863563922,0.49,0.19120629509974604,2.4678109946329294,22.1733297930304,0.1328415559393554,10.973431681900347,11.199898111130054,0.01521892853814677,0.02975292046879474,0.022485924503470756,0.001306437722945658,0.7048697880123882,0.6711623387467469,1.065,1.0,1.0,0.0,1.058,1.0,1.0,0.0,1.0615,1.0,"[422, 93, 549, 71, 157, 496, 260]",0.0026448567708333335
B,b_gap,0.45,A1B0C0-A1B1C0,4,6,passive_steady,2.7579800702402295,0.41000000000000003,0.1740172336360524,2.6177898800043606,23.995829793030403,0.12086379905663992,11.887921444809303,12.107908348221102,0.01521892853814677,0.02975292046879474,0.022485924503470756,0.0015779545770436432,0.7048697880123882,0.6711623387467469,1.038,1.0,1.0,0.0,1.055,1.0,1.0,0.0,1.0465,1.0,"[422, 93, 549, 71, 157, 496, 260]",0.0026448567708333335
B,b_gap,0.45,A1B0C0-A1B1C0,4,6,active,0.12004963963089144,0.47000000000000003,0.00760535353215687,-0.0,2.1258297930304044,0.11084721412068418,0.9381555755630524,1.1876742174673522,0.01521892853814677,0.02975292046879474,0.022485924503470756,0.0013903793806028298,0.7048697880123882,0.6711623387467469,8.677,6.0,19.0,0.0,8.1655,6.0,18.0,0.0,8.42125,19.0,"[422, 93, 549, 71, 157, 496, 260]",0.0026448567708333335
B,b_gap,0.45,A1B0C1-A1B1C1,5,7,passive_episode,2.507034854282797,0.49,0.13700544883143098,2.435105979106711,21.859294750550617,0.11130861977018695,10.670243548513435,11.18905120203718,0.01464495124903209,0.03263983885811683,0.02364239505357446,0.0014080076999486092,0.7400319320897566,0.7072171839242856,1.0655,1.0,1.0,0.0,1.053,1.0,1.0,0.0,1.05925,1.0,"[447, 70, 484, 184, 161, 533, 169]",0.002586728050595238
B,b_gap,0.45,A1B0C1-A1B1C1,5,7,passive_steady,2.6457297186048563,0.53,0.13698918841067742,2.606307300365577,23.681794750550615,0.10804619609239051,11.611934135692618,12.069860614857998,0.01464495124903209,0.03263983885811683,0.02364239505357446,0.0013393918558677028,0.7400319320897566,0.7072171839242856,1.0425,1.0,1.0,0.0,1.032,1.0,1.0,0.0,1.03725,1.0,"[447, 70, 484, 184, 161, 533, 169]",0.002586728050595238
B,b_gap,0.45,A1B0C1-A1B1C1,5,7,active,0.1038989910637024,0.48,0.007236507456482057,-0.0,1.8117947505506158,0.11239358865478183,0.8047970987599119,1.006997651790704,0.01464495124903209,0.03263983885811683,0.02364239505357446,0.001294883338919955,0.7400319320897566,0.7072171839242856,10.1695,7.0,22.0,0.0,9.158,6.0,20.0,0.0,9.66375,22.0,"[447, 70, 484, 184, 161, 533, 169]",0.002586728050595238
B,b_gap,0.6,A0B0C0-A0B1C0,0,2,passive_episode,5.170148802796244,0.5,0.17967822133746225,4.722687015334849,40.577979315817345,0.20185729991940143,19.99379579633714,20.584183519480202,0.0025297159276291836,0.0020373379014770876,0.0022835269145531356,0.0002298064763936302,0.7012071768781709,0.6034426922773477,1.0095,1.0,1.0,0.0,1.001,1.0,1.0,0.0,1.00525,1.0,"[441, 883, 81, 27, 3, 213, 400]",0.004859561011904762
B,b_gap,0.6,A0B0C0-A0B1C0,0,2,passive_steady,5.614224533934687,0.49,0.17926490722526117,5.114677952724212,43.81797931581734,0.17371712884198284,21.616392693659847,22.201586622157496,0.0025297159276291836,0.0020373379014770876,0.0022835269145531356,0.0002789703840206322,0.7012071768781709,0.6034426922773477,1.001,1.0,1.0,0.0,1.001,1.0,1.0,0.0,1.001,1.0,"[441, 883, 81, 27, 3, 213, 400]",0.004859561011904762
B,b_gap,0.6,A0B0C0-A0B1C0,0,2,active,0.2919657914005194,0.38,0.01263187520753975,-0.0,4.937979315817349,0.1901173386330813,2.2829236617877604,2.655055654029588,0.0025297159276291836,0.0020373379014770876,0.0022835269145531356,0.00024920448590045084,0.7012071768781709,0.6034426922773477,4.116,3.0,9.0,0.0,3.8075,3.0,8.0,0.0,3.96175,9.0,"[441, 883, 81, 27, 3, 213, 400]",0.004859561011904762
B,b_gap,0.6,A0B0C1-A0B1C1,1,3,passive_episode,4.600780972761928,0.39,0.35035730195678444,4.484150791724672,39.35936107517464,0.16374394377810272,19.5381965171751,19.82116455799954,0.007266489006553911,0.019884213866866673,0.013575351436710292,0.001203664180796459,0.7250668109113363,0.661934535724761,1.004,1.0,1.0,0.0,1.007,1.0,1.0,0.0,1.0055,1.0,"[425, 656, 63, 128, 288, 176, 312]",0.004923502604166667
B,b_gap,0.6,A0B0C1-A0B1C1,1,3,passive_steady,4.7472541100596,0.37,0.4367109700633519,4.636716561444216,42.59936107517464,0.16068617341356894,21.161105730525833,21.438255344648805,0.007266489006553911,0.019884213866866673,0.013575351436710292,0.0012002693205247906,0.7250668109113363,0.661934535724761,1.0045,1.0,1.0,0.0,1.0025,1.0,1.0,0.0,1.0034999999999998,1.0,"[425, 656, 63, 128, 288, 176, 312]",0.004923502604166667
B,b_gap,0.6,A0B0C1-A0B1C1,1,3,active,0.21051571007101122,0.38,0.01060422031833167,-0.0,3.719361075174644,0.16672711553195863,1.7083407662180856,2.0110203089565584,0.007266489006553911,0.019884213866866673,0.013575351436710292,0.001246616334083505,0.7250668109113363,0.661934535724761,5.5225,4.0,12.0,0.0,5.132,4.0,11.0,0.0,5.327249999999999,12.0,"[425, 656, 63, 128, 288, 176, 312]",0.004923502604166667
B,b_gap,0.6,A1B0C0-A1B1C0,4,6,passive_episode,4.656303804977585,0.43,0.2824832826854702,4.388508145698686,38.48418236547947,0.14680365133448114,19.169745635955117,19.314436729524353,0.01913094349374944,0.043213633716099764,0.031172288604924603,0.001697399166464807,0.7048697880123882,0.6638174774127847,1.0035,1.0,1.0,0.0,1.002,1.0,1.0,0.0,1.00275,1.0,"[425, 83, 526, 72, 165, 517, 260]",0.004859561011904762
B,b_gap,0.6,A1B0C0-A1B1C0,4,6,passive_steady,4.783264324728799,0.37,0.4710296051741676,4.568110157099789,41.72418236547947,0.15525286639659622,20.794065319833727,20.930117045645744,0.01913094349374944,0.043213633716099764,0.031172288604924603,0.0016925007273171503,0.7048697880123882,0.6638174774127847,1.002,1.0,1.0,0.0,1.001,1.0,1.0,0.0,1.0015,1.0,"[425, 83, 526, 72, 165, 517, 260]",0.004859561011904762
B,b_gap,0.6,A1B0C0-A1B1C0,4,6,active,0.15161250940040918,0.43,0.008949951348811878,-0.0,2.8441823654794764,0.15148619362344326,1.3343774941720628,1.5098048713074137,0.01913094349374944,0.043213633716099764,0.031172288604924603,0.0018030552035275607,0.7048697880123882,0.6638174774127847,7.275,5.0,16.0,0.0,6.9435,5.0,15.0,0.0,7.10925,16.0,"[425, 83, 526, 72, 165, 517, 260]",0.004859561011904762
B,b_gap,0.6,A1B0C1-A1B1C1,5,7,passive_episode,4.449494278311464,0.48,0.27058143930087486,4.366239587116308,38.066277545239686,0.13855456027895957,18.72751166492408,19.338765880315606,0.017881349852366668,0.047595651049853416,0.03273850045111004,0.0017241620481104486,0.7400319320897566,0.6998893015433296,1.009,1.0,1.0,0.0,1.0035,1.0,1.0,0.0,1.00625,1.0,"[449, 64, 467, 185, 166, 548, 169]",0.004731677827380952
B,b_gap,0.6,A1B0C1-A1B1C1,5,7,passive_steady,4.809447099700857,0.53,0.26083512152196975,4.740091409050887,41.30627754523969,0.16321099243415932,20.38809911449632,20.918178430743367,0.017881349852366668,0.047595651049853416,0.03273850045111004,0.0019506331941956784,0.7400319320897566,0.6998893015433296,1.005,1.0,1.0,0.0,1.004,1.0,1.0,0.0,1.0045,1.0,"[449, 64, 467, 185, 166, 548, 169]",0.004731677827380952
B,b_gap,0.6,A1B0C1-A1B1C1,5,7,active,0.131298432402852,0.42,0.006936596481352091,-0.0,2.4262775452396927,0.12182237808457431,1.1185830652527176,1.3076944799869752,0.017881349852366668,0.047595651049853416,0.03273850045111004,0.0018841333884065954,0.7400319320897566,0.6998893015433296,8.2715,6.0,18.0,0.0,7.8385,6.0,17.0,0.0,8.055,18.0,"[449, 64, 467, 185, 166, 548, 169]",0.004731677827380952
B,b_gap,0.8,A0B0C0-A0B1C0,0,2,passive_episode,9.554085443935971,0.46,0.3058196643939001,8.982171632694923,69.55515258688233,0.22041323261375018,34.46119734016618,35.09395524671615,0.013647163126080386,0.005241054361228237,0.009444108743654311,0.0006429840559364565,0.7012071768781709,0.5755675367506186,1.0,1.0,1.0,0.0,1.0,1.0,1.0,0.0,1.0,1.0,"[444, 875, 75, 28, 4, 219, 403]",0.007237025669642857
B,b_gap,0.8,A0B0C0-A0B1C0,0,2,passive_steady,10.467812672428469,0.47000000000000003,0.2794282792357152,9.75311563772413,75.31515258688233,0.20152661831847513,37.344659869929785,37.97049271695255,0.013647163126080386,0.005241054361228237,0.009444108743654311,0.0006718090715280016,0.7012071768781709,0.5755675367506186,1.0,1.0,1.0,0.0,1.0,1.0,1.0,0.0,1.0,1.0,"[444, 875, 75, 28, 4, 219, 403]",0.007237025669642857
B,b_gap,0.8,A0B0C0-A0B1C0,0,2,active,0.3571246508045988,0.39,0.01567318452889304,-0.0,6.195152586882321,0.22336855837807595,2.926701160766993,3.268451426115328,0.013647163126080386,0.005241054361228237,0.009444108743654311,0.0006657859845676089,0.7012071768781709,0.5755675367506186,3.512,2.0,7.0,0.0,3.1985,2.0,7.0,0.0,3.35525,7.0,"[444, 875, 75, 28, 4, 219, 403]",0.007237025669642857
B,b_gap,0.8,A0B0C1-A0B1C1,1,3,passive_episode,7.8150675418299524,0.48,1.0387345668063024,7.783417094674293,67.86970020159166,0.18443490853329308,33.835000039264315,34.03470016232734,0.020570637111319456,0.02921831914495243,0.024894478128135944,0.0015967098121031501,0.7250668109113363,0.6433303507115582,1.0,1.0,1.0,0.0,1.0,1.0,1.0,0.0,1.0,1.0,"[427, 639, 56, 129, 298, 185, 314]",0.007242838541666667
B,b_gap,0.8,A0B0C1-A0B1C1,1,3,passive_steady,7.9521241870634585,0.48,1.2267194810936874,7.933115012622239,73.62970020159165,0.17709195970027145,36.71887899039862,36.910821211193024,0.020570637111319456,0.02921831914495243,0.024894478128135944,0.0017498535870482373,0.7250668109113363,0.6433303507115582,1.0,1.0,1.0,0.0,1.0005,1.0,1.0,0.0,1.0002499999999999,1.0,"[427, 639, 56, 129, 298, 185, 314]",0.007242838541666667
B,b_gap,0.8,A0B0C1-A0B1C1,1,3,active,0.24372721113329188,0.41000000000000003,0.01133351956410772,-0.0,4.509700201591644,0.1864262182420507,2.1418590379882856,2.3678411636033587,0.020570637111319456,0.02921831914495243,0.024894478128135944,0.0016769632553398236,0.7250668109113363,0.6433303507115582,4.7305,4.0,10.0,0.0,4.43,3.0,9.0,0.0,4.5802499999999995,10.0,"[427, 639, 56, 129, 298, 185, 314]",0.007242838541666667
B,b_gap,0.8,A1B0C0-A1B1C0,4,6,passive_episode,8.295943354727186,0.52,0.7030966838313633,7.840847380254129,66.80986232318928,0.16480262384099406,33.31103965440885,33.49882266878043,0.025508776423158963,0.06084096387120752,0.04317487014718324,0.002201746151478253,0.7048697880123882,0.6542366809901452,1.0,1.0,1.0,0.0,1.0015,1.0,1.0,0.0,1.00075,1.0,"[427, 68, 503, 73, 177, 538, 262]",0.007225399925595238
B,b_gap,0.8,A1B0C0-A1B1C0,4,6,passive_steady,8.121043698254189,0.55,1.1672324866337722,8.007384795242743,72.56986232318928,0.16615034883095212,36.19679923291366,36.37306309027562,0.025508776423158963,0.06084096387120752,0.04317487014718324,0.002135509248288551,0.7048697880123882,0.6542366809901452,1.0,1.0,1.0,0.0,1.0005,1.0,1.0,0.0,1.0002499999999999,1.0,"[427, 68, 503, 73, 177, 538, 262]",0.007225399925595238
B,b_gap,0.8,A1B0C0-A1B1C0,4,6,active,0.18084732034001882,0.38,0.010148344149511775,-0.0,3.449862323189283,0.17800673475618234,1.6105487986981037,1.8393135244911791,0.025508776423158963,0.06084096387120752,0.04317487014718324,0.002403707609291597,0.7048697880123882,0.6542366809901452,6.392,5.0,14.0,0.0,5.5965,4.0,12.0,0.0,5.99425,14.0,"[427, 68, 503, 73, 177, 538, 262]",0.007225399925595238
B,b_gap,0.8,A1B0C1-A1B1C1,5,7,passive_episode,8.173734542235499,0.5,0.5353994032255057,8.115126034912086,66.2764473603959,0.15392635554147172,32.76638627699671,33.51006108339919,0.025104019380577824,0.06748529071268905,0.04629465504663344,0.002177010112280798,0.7400319320897566,0.6905148128121823,1.0,1.0,1.0,0.0,1.0,1.0,1.0,0.0,1.0,1.0,"[452, 54, 437, 191, 174, 569, 171]",0.007103329613095238
B,b_gap,0.8,A1B0C1-A1B1C1,5,7,passive_steady,9.083597234894162,0.49,0.4568802134660224,8.996903293116398,72.0364473603959,0.15004424218104015,35.70050287642637,36.335944483969534,0.025104019380577824,0.06748529071268905,0.04629465504663344,0.0023147022647885974,0.7400319320897566,0.6905148128121823,1.0,1.0,1.0,0.0,1.0,1.0,1.0,0.0,1.0,1.0,"[452, 54, 437, 191, 174, 569, 171]",0.007103329613095238
B,b_gap,0.8,A1B0C1-A1B1C1,5,7,active,0.1515159518233285,0.4,0.00848162917995427,-0.0,2.916447360395899,0.15500328894403906,1.367814810768225,1.548632549627674,0.025104019380577824,0.06748529071268905,0.04629465504663344,0.0024930618558831577,0.7400319320897566,0.6905148128121823,7.2895,5.0,16.0,0.0,6.884,5.0,15.0,0.0,7.08675,16.0,"[452, 54, 437, 191, 174, 569, 171]",0.007103329613095238
C,c_delta,0.25,A0B0C0-A0B0C1,0,1,passive_episode,0.029310136198442603,0.41000000000000003,0.0019042386588513116,0.029310136198442603,0.23114959716796868,0.005007017481725701,0.13608973838198377,0.09505985878598491,0.0,0.0,0.0,0.0,0.7655709926830667,0.7655709926830667,25.3875,20.0,48.0,0.0,36.6555,27.0,76.0,0.0,31.021500000000003,76.0,"[376, 591, 114, 219, 354, 131, 263]",0.0
C,c_delta,0.25,A0B0C0-A0B0C1,0,1,passive_steady,-0.0,0.0,0.0,-0.0,0.0,0.0,0.0,-0.0,0.0,0.0,0.0,0.0,0.7655709926830667,0.7655709926830667,4000.0,4000.0,4000.0,1.0,4000.0,4000.0,4000.0,1.0,4000.0,4000.0,"[376, 591, 114, 219, 354, 131, 263]",0.0
C,c_delta,0.25,A0B0C0-A0B0C1,0,1,active,-0.0,0.0,0.0,-0.0,0.0,0.0,0.0,-0.0,0.0,0.0,0.0,0.0,0.7655709926830667,0.7655709926830667,4000.0,4000.0,4000.0,1.0,4000.0,4000.0,4000.0,1.0,4000.0,4000.0,"[376, 591, 114, 219, 354, 131, 263]",0.0
C,c_delta,0.25,A0B1C0-A0B1C1,2,3,passive_episode,0.029462010255240548,0.48,0.0013037682146936195,0.029462010255240548,0.2229180908203125,0.005199438704055429,0.11378390104999117,0.10913418977032133,0.0,0.0,0.0,0.0,0.7366083755608415,0.7366083755608415,30.002,24.0,57.0,0.0,30.1565,24.0,58.0,0.0,30.079250000000002,58.0,"[394, 348, 79, 208, 626, 158, 235]",0.0
C,c_delta,0.25,A0B1C0-A0B1C1,2,3,passive_steady,-0.0,0.0,0.0,-0.0,0.0,0.0,0.0,-0.0,0.0,0.0,0.0,0.0,0.7366083755608415,0.7366083755608415,4000.0,4000.0,4000.0,1.0,4000.0,4000.0,4000.0,1.0,4000.0,4000.0,"[394, 348, 79, 208, 626, 158, 235]",0.0
C,c_delta,0.25,A0B1C0-A0B1C1,2,3,active,-0.0,0.0,0.0,-0.0,0.0,0.0,0.0,-0.0,0.0,0.0,0.0,0.0,0.7366083755608415,0.7366083755608415,4000.0,4000.0,4000.0,1.0,4000.0,4000.0,4000.0,1.0,4000.0,4000.0,"[394, 348, 79, 208, 626, 158, 235]",0.0
C,c_delta,0.25,A1B0C0-A1B0C1,4,5,passive_episode,0.027795700985157924,0.53,0.0014255259109650711,0.027795700985157924,0.23582153320312493,0.0048254604545037855,0.11300350573228447,0.12281802747084047,0.0,0.0,0.0,0.0,0.7400080911457394,0.7400080911457394,30.6825,23.0,60.0,0.0,27.6565,21.0,55.0,0.0,29.1695,60.0,"[394, 114, 731, 308, 119, 270, 112]",0.0
C,c_delta,0.25,A1B0C0-A1B0C1,4,5,passive_steady,-0.0,0.0,0.0,-0.0,0.0,0.0,0.0,-0.0,0.0,0.0,0.0,0.0,0.7400080911457394,0.7400080911457394,4000.0,4000.0,4000.0,1.0,4000.0,4000.0,4000.0,1.0,4000.0,4000.0,"[394, 114, 731, 308, 119, 270, 112]",0.0
C,c_delta,0.25,A1B0C0-A1B0C1,4,5,active,-0.0,0.0,0.0,-0.0,0.0,0.0,0.0,-0.0,0.0,0.0,0.0,0.0,0.7400080911457394,0.7400080911457394,4000.0,4000.0,4000.0,1.0,4000.0,4000.0,4000.0,1.0,4000.0,4000.0,"[394, 114, 731, 308, 119, 270, 112]",0.0
C,c_delta,0.25,A1B1C0-A1B1C1,6,7,passive_episode,0.029311508776135538,0.5,0.0013447281512667176,0.02931150877613565,0.23003723144531246,0.004925562956269231,0.11621357739450591,0.11382365405080655,0.0,0.0,0.0,0.0,0.7340035693054219,0.7340035693054219,28.8785,23.0,55.0,0.0,30.2805,24.0,60.100000000000136,0.0,29.5795,60.100000000000136,"[386, 86, 370, 347, 166, 600, 93]",0.0
C,c_delta,0.25,A1B1C0-A1B1C1,6,7,passive_steady,-0.0,0.0,0.0,-0.0,0.0,0.0,0.0,-0.0,0.0,0.0,0.0,0.0,0.7340035693054219,0.7340035693054219,4000.0,4000.0,4000.0,1.0,4000.0,4000.0,4000.0,1.0,4000.0,4000.0,"[386, 86, 370, 347, 166, 600, 93]",0.0
C,c_delta,0.25,A1B1C0-A1B1C1,6,7,active,-0.0,0.0,0.0,-0.0,0.0,0.0,0.0,-0.0,0.0,0.0,0.0,0.0,0.7340035693054219,0.7340035693054219,4000.0,4000.0,4000.0,1.0,4000.0,4000.0,4000.0,1.0,4000.0,4000.0,"[386, 86, 370, 347, 166, 600, 93]",0.0
C,c_delta,0.5,A0B0C0-A0B0C1,0,1,passive_episode,0.10931043166644774,0.46,0.005573387268251668,0.10931043166644774,0.9245983886718748,0.020202882167259576,0.5033290739319363,0.42126931473993856,0.0,0.0,0.0,0.0,0.7655709926830667,0.7655709926830667,7.7135,6.0,15.0,0.0,9.0375,7.0,18.0,0.0,8.375499999999999,18.0,"[376, 591, 114, 219, 354, 131, 263]",0.0
C,c_delta,0.5,A0B0C0-A0B0C1,0,1,passive_steady,-0.0,0.0,0.0,-0.0,0.0,0.0,0.0,-0.0,0.0,0.0,0.0,0.0,0.7655709926830667,0.7655709926830667,4000.0,4000.0,4000.0,1.0,4000.0,4000.0,4000.0,1.0,4000.0,4000.0,"[376, 591, 114, 219, 354, 131, 263]",0.0
C,c_delta,0.5,A0B0C0-A0B0C1,0,1,active,-0.0,0.0,0.0,-0.0,0.0,0.0,0.0,-0.0,0.0,0.0,0.0,0.0,0.7655709926830667,0.7655709926830667,4000.0,4000.0,4000.0,1.0,4000.0,4000.0,4000.0,1.0,4000.0,4000.0,"[376, 591, 114, 219, 354, 131, 263]",0.0
C,c_delta,0.5,A0B1C0-A0B1C1,2,3,passive_episode,0.11246217014498024,0.48,0.004553550655452058,0.11246217014498024,0.89167236328125,0.018346414822407554,0.45048589292029484,0.44118647036095515,0.0,0.0,0.0,0.0,0.7366083755608415,0.7366083755608415,8.7605,7.0,17.0,0.0,8.982,7.0,18.0,0.0,8.87125,18.0,"[394, 348, 79, 208, 626, 158, 235]",0.0
C,c_delta,0.5,A0B1C0-A0B1C1,2,3,passive_steady,-0.0,0.0,0.0,-0.0,0.0,0.0,0.0,-0.0,0.0,0.0,0.0,0.0,0.7366083755608415,0.7366083755608415,4000.0,4000.0,4000.0,1.0,4000.0,4000.0,4000.0,1.0,4000.0,4000.0,"[394, 348, 79, 208, 626, 158, 235]",0.0
C,c_delta,0.5,A0B1C0-A0B1C1,2,3,active,-0.0,0.0,0.0,-0.0,0.0,0.0,0.0,-0.0,0.0,0.0,0.0,0.0,0.7366083755608415,0.7366083755608415,4000.0,4000.0,4000.0,1.0,4000.0,4000.0,4000.0,1.0,4000.0,4000.0,"[394, 348, 79, 208, 626, 158, 235]",0.0
C,c_delta,0.5,A1B0C0-A1B0C1,4,5,passive_episode,0.10705662239969872,0.53,0.004739636314572206,0.10705662239969872,0.9432861328124997,0.019472780901793038,0.4618285446676939,0.4814575881448059,0.0,0.0,0.0,0.0,0.7400080911457394,0.7400080911457394,8.857,7.0,18.0,0.0,8.282,6.0,16.0,0.0,8.5695,18.0,"[394, 114, 731, 308, 119, 270, 112]",0.0
C,c_delta,0.5,A1B0C0-A1B0C1,4,5,passive_steady,-0.0,0.0,0.0,-0.0,0.0,0.0,0.0,-0.0,0.0,0.0,0.0,0.0,0.7400080911457394,0.7400080911457394,4000.0,4000.0,4000.0,1.0,4000.0,4000.0,4000.0,1.0,4000.0,4000.0,"[394, 114, 731, 308, 119, 270, 112]",0.0
C,c_delta,0.5,A1B0C0-A1B0C1,4,5,active,-0.0,0.0,0.0,-0.0,0.0,0.0,0.0,-0.0,0.0,0.0,0.0,0.0,0.7400080911457394,0.7400080911457394,4000.0,4000.0,4000.0,1.0,4000.0,4000.0,4000.0,1.0,4000.0,4000.0,"[394, 114, 731, 308, 119, 270, 112]",0.0
C,c_delta,0.5,A1B1C0-A1B1C1,6,7,passive_episode,0.11166553881610085,0.51,0.0055850230129185,0.11166553881610085,0.9201489257812501,0.020896775395443518,0.4624643862343244,0.4576845395469256,0.0,0.0,0.0,0.0,0.7340035693054219,0.7340035693054219,8.5465,7.0,17.0,0.0,8.8755,7.0,17.0,0.0,8.711,17.0,"[386, 86, 370, 347, 166, 600, 93]",0.0
C,c_delta,0.5,A1B1C0-A1B1C1,6,7,passive_steady,-0.0,0.0,0.0,-0.0,0.0,0.0,0.0,-0.0,0.0,0.0,0.0,0.0,0.7340035693054219,0.7340035693054219,4000.0,4000.0,4000.0,1.0,4000.0,4000.0,4000.0,1.0,4000.0,4000.0,"[386, 86, 370, 347, 166, 600, 93]",0.0
C,c_delta,0.5,A1B1C0-A1B1C1,6,7,active,-0.0,0.0,0.0,-0.0,0.0,0.0,0.0,-0.0,0.0,0.0,0.0,0.0,0.7340035693054219,0.7340035693054219,4000.0,4000.0,4000.0,1.0,4000.0,4000.0,4000.0,1.0,4000.0,4000.0,"[386, 86, 370, 347, 166, 600, 93]",0.0
C,c_delta,1.0,A0B0C0-A0B0C1,0,1,passive_episode,0.359051707728424,0.47000000000000003,0.017739006499095565,0.3558046669859147,3.732489945014565,0.07759624095511798,1.9562531148043607,1.7762368302102043,2.856540959328413e-07,2.5636691134423018e-06,1.4246616046875715e-06,6.38433723390266e-07,0.7653774061816705,0.7654604987467195,2.8655,2.0,6.0,0.0,3.078,2.0,6.0,0.0,2.97175,6.0,"[376, 597, 114, 219, 348, 131, 263]",4.0690104166666664e-05
C,c_delta,1.0,A0B0C0-A0B0C1,0,1,passive_steady,0.002142555659116087,0.78,0.0009197770690344293,-0.0,0.034096390327065275,0.01569101823439953,0.02499657826861323,0.009099812058452042,2.856540959328413e-07,2.5636691134423018e-06,1.4246616046875715e-06,6.786551303712258e-07,0.7653774061816705,0.7654604987467195,415.1465,284.5,962.1000000000001,0.0,635.5225,523.5,1320.0,0.0,525.3345,1320.0,"[376, 597, 114, 219, 348, 131, 263]",4.0690104166666664e-05
C,c_delta,1.0,A0B0C0-A0B0C1,0,1,active,0.002142555659116087,0.78,0.000989069924758051,-0.0,0.034096390327065275,0.01673302043788592,0.02499657826861323,0.009099812058452042,2.856540959328413e-07,2.5636691134423018e-06,1.4246616046875715e-06,6.34105397975643e-07,0.7653774061816705,0.7654604987467195,403.0985,277.0,940.4000000000005,0.0,634.005,500.0,1319.5000000000007,0.0,518.55175,1319.5000000000007,"[376, 597, 114, 219, 348, 131, 263]",4.0690104166666664e-05
C,c_delta,1.0,A0B1C0-A0B1C1,2,3,passive_episode,0.3717749890647224,0.47000000000000003,0.014083022679586688,0.3671819973697361,3.63666681166337,0.0897549363985052,1.8439447989250526,1.7927220127383172,0.0,0.0,0.0,0.0,0.736418569843508,0.7365302741685014,3.177,2.0,6.0,0.0,3.167,2.0,6.0,0.0,3.1719999999999997,6.0,"[394, 348, 79, 208, 626, 158, 235]",7.556733630952381e-05
C,c_delta,1.0,A0B1C0-A0B1C1,2,3,passive_steady,0.004275440956891222,0.73,0.0013915870714851428,-0.0,0.06997735853837014,0.024012145772179576,0.05130064980321304,0.01867670873515711,0.0,0.0,0.0,0.0,0.736418569843508,0.7365302741685014,208.5255,141.0,476.2000000000003,0.0,347.4785,277.5,715.3000000000004,0.0,278.002,715.3000000000004,"[394, 348, 79, 208, 626, 158, 235]",7.556733630952381e-05
C,c_delta,1.0,A0B1C0-A0B1C1,2,3,active,0.004275440956891222,0.73,0.0012539512244915283,-0.0,0.06997735853837014,0.021439101909522754,0.05130064980321304,0.01867670873515711,0.0,0.0,0.0,0.0,0.736418569843508,0.7365302741685014,207.7585,145.0,465.2000000000003,0.0,333.469,262.0,713.2000000000003,0.0,270.61375,713.2000000000003,"[394, 348, 79, 208, 626, 158, 235]",7.556733630952381e-05
C,c_delta,1.0,A1B0C0-A1B0C1,4,5,passive_episode,0.36375232012697384,0.54,0.014203482564254426,0.36384522319039775,3.7731818882643697,0.0801900545063978,1.866399620216658,1.9067822680477118,0.0,0.0,0.0,0.0,0.7397362711373319,0.7399132915859568,2.9835,2.0,6.0,0.0,2.9605,2.0,6.0,0.0,2.972,6.0,"[394, 114, 731, 308, 119, 270, 112]",0.0
C,c_delta,1.0,A1B0C0-A1B0C1,4,5,passive_steady,0.00017166066712816501,1.0,0.0001681017239398013,-0.0,3.7357014370176505e-05,3.62840774699884e-05,-0.0005436019312300118,0.0005809589456001883,0.0,0.0,0.0,0.0,0.7397362711373319,0.7399132915859568,4000.0,4000.0,4000.0,1.0,3590.9865,4000.0,4000.0,0.701,3795.49325,4000.0,"[394, 114, 731, 308, 119, 270, 112]",0.0
C,c_delta,1.0,A1B0C0-A1B0C1,4,5,active,0.00017166066712816501,1.0,0.00015256994067031779,-0.0,3.7357014370176505e-05,3.291582269496318e-05,-0.0005436019312300118,0.0005809589456001883,0.0,0.0,0.0,0.0,0.7397362711373319,0.7399132915859568,4000.0,4000.0,4000.0,1.0,3570.859,4000.0,4000.0,0.6905,3785.4295,4000.0,"[394, 114, 731, 308, 119, 270, 112]",0.0
C,c_delta,1.0,A1B1C0-A1B1C1,6,7,passive_episode,0.3651617519651837,0.53,0.015349262296298644,0.36502783092134755,3.687190452204069,0.08265685191652349,1.850385241419771,1.8368052107842983,0.0,0.0,0.0,0.0,0.7337578801648306,0.7338464759467698,3.1375,2.0,6.0,0.0,3.0285,2.0,6.0,0.0,3.083,6.0,"[386, 86, 370, 347, 166, 600, 93]",5.8128720238095235e-06
C,c_delta,1.0,A1B1C0-A1B1C1,6,7,passive_steady,0.0004536237203543919,0.75,0.0004651680538893399,-0.0,0.0065947490790696775,0.0071506844854587175,0.005307543169872303,0.001287205909197374,0.0,0.0,0.0,0.0,0.7337578801648306,0.7338464759467698,1719.7985,1364.5,4000.0,0.137,2912.979,3264.5,4000.0,0.361,2316.38875,4000.0,"[386, 86, 370, 347, 166, 600, 93]",5.8128720238095235e-06
C,c_delta,1.0,A1B1C0-A1B1C1,6,7,active,0.0004536237203543919,0.75,0.00043140593503979277,-0.0,0.0065947490790696775,0.006630266737081179,0.005307543169872303,0.001287205909197374,0.0,0.0,0.0,0.0,0.7337578801648306,0.7338464759467698,1744.9725,1418.0,4000.0,0.132,2880.534,3200.0,4000.0,0.365,2312.75325,4000.0,"[386, 86, 370, 347, 166, 600, 93]",5.8128720238095235e-06
C,c_delta,2.0,A0B0C0-A0B0C1,0,1,passive_episode,0.5728328870314061,0.52,0.019191115373568775,0.5711286097303038,7.5821370927043485,0.17219650203144427,3.89009847940002,3.6920386133043284,0.00020065918215550482,5.0261442083865404e-05,0.0001254603121196851,3.169634491767769e-05,0.7614422531169538,0.763670751665174,2.2055,2.0,4.0,0.0,2.193,2.0,4.0,0.0,2.19925,4.0,"[376, 625, 114, 216, 320, 131, 266]",0.0006975446428571429
C,c_delta,2.0,A0B0C0-A0B0C1,0,1,passive_steady,0.010660038138370125,0.74,0.002356163197480895,-0.0,0.18534998332934863,0.04259935881736763,0.12389861409103531,0.06145136923831331,0.00020065918215550482,5.0261442083865404e-05,0.0001254603121196851,3.117805871421848e-05,0.7614422531169538,0.763670751665174,86.8905,62.0,196.0,0.0,119.98,95.0,254.0,0.0,103.43525,254.0,"[376, 625, 114, 216, 320, 131, 266]",0.0006975446428571429
C,c_delta,2.0,A0B0C0-A0B0C1,0,1,active,0.010660038138370125,0.74,0.002081504122325701,-0.0,0.18534998332934863,0.03809710742692435,0.12389861409103531,0.06145136923831331,0.00020065918215550482,5.0261442083865404e-05,0.0001254603121196851,3.649981282160634e-05,0.7614422531169538,0.763670751665174,85.2885,57.0,199.10000000000014,0.0,119.9195,93.0,261.0,0.0,102.604,261.0,"[376, 625, 114, 216, 320, 131, 266]",0.0006975446428571429
C,c_delta,2.0,A0B1C0-A0B1C1,2,3,passive_episode,0.551310951144469,0.52,0.01808977160672876,0.5435517007598468,7.675783694694082,0.17823119845232724,3.8054066418760994,3.8703770528179824,9.588318018671771e-05,0.00020474148687554816,0.00015031233353113294,8.099875321776997e-05,0.7316489536632886,0.7343170554024852,2.26,2.0,4.0,0.0,2.2795,2.0,5.0,0.0,2.26975,5.0,"[394, 348, 79, 203, 626, 158, 240]",0.0007963634672619048
C,c_delta,2.0,A0B1C0-A0B1C1,2,3,passive_steady,0.027594332103145606,0.66,0.0035131800980962324,-0.0,0.5424047884440822,0.0706354231095989,0.31543060230631714,0.22697418613776507,9.588318018671771e-05,0.00020474148687554816,0.00015031233353113294,7.842430348210057e-05,0.7316489536632886,0.7343170554024852,34.02,23.0,77.10000000000014,0.0,45.308,32.0,104.10000000000014,0.0,39.664,104.10000000000014,"[394, 348, 79, 203, 626, 158, 240]",0.0007963634672619048
C,c_delta,2.0,A0B1C0-A0B1C1,2,3,active,0.027594332103145606,0.66,0.0036809668015461545,-0.0,0.5424047884440822,0.07347274121213812,0.31543060230631714,0.22697418613776507,9.588318018671771e-05,0.00020474148687554816,0.00015031233353113294,7.678033387553252e-05,0.7316489536632886,0.7343170554024852,33.7145,24.0,76.0,0.0,43.4915,30.0,100.0,0.0,38.603,100.0,"[394, 348, 79, 203, 626, 158, 240]",0.0007963634672619048
C,c_delta,2.0,A1B0C0-A1B0C1,4,5,passive_episode,0.5700780380630055,0.51,0.018928982608114216,0.5694690032592946,7.613677277582868,0.1664516892520363,3.72165437327705,3.892022904305818,0.0001271064600985028,0.00017498783017799724,0.00015104714513825002,8.15575682274624e-05,0.7350830301177496,0.7381894518324614,2.1945,2.0,4.0,0.0,2.2635,2.0,5.0,0.0,2.229,5.0,"[394, 114, 732, 304, 119, 270, 115]",0.0001220703125
C,c_delta,2.0,A1B0C0-A1B0C1,4,5,passive_steady,0.004143116834209503,0.8,0.0011872661822811775,-0.0,0.0673882150828686,0.022781209882096615,0.04800612110736717,0.019382093975501436,0.0001271064600985028,0.00017498783017799724,0.00015104714513825002,7.953240099578424e-05,0.7350830301177496,0.7381894518324614,205.323,150.0,463.10000000000014,0.0,361.15,304.0,728.1000000000001,0.0,283.2365,728.1000000000001,"[394, 114, 732, 304, 119, 270, 115]",0.0001220703125
C,c_delta,2.0,A1B0C0-A1B0C1,4,5,active,0.004143116834209503,0.8,0.0012665961571512031,-0.0,0.0673882150828686,0.02311600401773132,0.04800612110736717,0.019382093975501436,0.0001271064600985028,0.00017498783017799724,0.00015104714513825002,8.422122333807832e-05,0.7350830301177496,0.7381894518324614,210.714,153.0,474.10000000000014,0.0,349.8065,298.0,704.2000000000003,0.0,280.26025000000004,704.2000000000003,"[394, 114, 732, 304, 119, 270, 115]",0.0001220703125
C,c_delta,2.0,A1B1C0-A1B1C1,6,7,passive_episode,0.5561291118492729,0.53,0.019972569510656794,0.5548175338156595,7.443030433205049,0.16248754800105,3.7052002097126624,3.7378302234923866,-4.1429017727523387e-07,0.0001340686256909862,6.682716775685549e-05,4.999660956256215e-05,0.7286102796639682,0.7308526987889081,2.203,2.0,4.0,0.0,2.3005,2.0,5.0,0.0,2.25175,5.0,"[386, 86, 370, 346, 166, 600, 94]",0.00011625744047619047
C,c_delta,2.0,A1B1C0-A1B1C1,6,7,passive_steady,0.004878832937996258,0.76,0.0014132936752684247,-0.0,0.08183902695504988,0.02542167990896986,0.05907565574492641,0.02276337121012348,-4.1429017727523387e-07,0.0001340686256909862,6.682716775685549e-05,5.0362906016176705e-05,0.7286102796639682,0.7308526987889081,174.195,123.5,406.10000000000014,0.0,308.841,246.5,652.3000000000004,0.0,241.518,652.3000000000004,"[386, 86, 370, 346, 166, 600, 94]",0.00011625744047619047
C,c_delta,2.0,A1B1C0-A1B1C1,6,7,active,0.004878832937996258,0.76,0.0013658869163865155,-0.0,0.08183902695504988,0.02496325897778393,0.05907565574492641,0.02276337121012348,-4.1429017727523387e-07,0.0001340686256909862,6.682716775685549e-05,5.051136723945041e-05,0.7286102796639682,0.7308526987889081,175.5575,120.0,406.10000000000014,0.0,301.186,243.5,639.1000000000001,0.0,238.37175,639.1000000000001,"[386, 86, 370, 346, 166, 600, 94]",0.00011625744047619047
C,c_delta,3.0,A0B0C0-A0B0C1,0,1,passive_episode,0.6508704823084136,0.55,0.02017427995940134,0.6497079073329662,11.491940842811754,0.25096037489564454,5.816763660247276,5.675177182564478,0.003553346775966304,0.002627460418707983,0.0030904035973371435,0.0004850475128811335,0.7539666430955663,0.7601777624790174,2.1245,2.0,4.0,0.0,2.0735,2.0,4.0,0.0,2.099,4.0,"[376, 665, 114, 151, 280, 131, 331]",0.0016741071428571428
C,c_delta,3.0,A0B0C0-A0B0C1,0,1,passive_steady,0.021789074163970808,0.66,0.0030704890109060252,-0.0,0.3967601787492554,0.055724767094218815,0.24479783915288184,0.15196233959637356,0.003553346775966304,0.002627460418707983,0.0030904035973371435,0.00048331690572289996,0.7539666430955663,0.7601777624790174,42.4045,30.0,97.0,0.0,51.7495,38.0,118.0,0.0,47.077,118.0,"[376, 665, 114, 151, 280, 131, 331]",0.0016741071428571428
C,c_delta,3.0,A0B0C0-A0B0C1,0,1,active,0.021789074163970808,0.66,0.0030086091014721672,-0.0,0.3967601787492554,0.05596141926094352,0.24479783915288184,0.15196233959637356,0.003553346775966304,0.002627460418707983,0.0030904035973371435,0.0005124346743499475,0.7539666430955663,0.7601777624790174,42.7045,29.0,96.0,0.0,49.238,36.0,112.0,0.0,45.97125,112.0,"[376, 665, 114, 151, 280, 131, 331]",0.0016741071428571428
C,c_delta,3.0,A0B1C0-A0B1C1,2,3,passive_episode,0.5971136777527932,0.58,0.02643806386097282,0.5884193464652664,11.864742792147233,0.2869355543409613,5.894568463276405,5.970174328870827,0.0028302458862583535,0.001982568124319073,0.002406407005288713,0.0005192038952446079,0.7168989579043767,0.7268690466268524,2.118,2.0,4.0,0.0,2.1095,2.0,4.0,0.0,2.11375,4.0,"[394, 361, 79, 144, 613, 158, 299]",0.0018891834077380952
C,c_delta,3.0,A0B1C0-A0B1C1,2,3,passive_steady,0.058747725251816596,0.73,0.005966981211645768,-0.0,1.1646744327722323,0.11041998411111971,0.6632664088379399,0.5014080239342924,0.0028302458862583535,0.001982568124319073,0.002406407005288713,0.0005057792356430673,0.7168989579043767,0.7268690466268524,15.6865,11.0,36.0,0.0,18.889,14.0,42.0,0.0,17.28775,42.0,"[394, 361, 79, 144, 613, 158, 299]",0.0018891834077380952
C,c_delta,3.0,A0B1C0-A0B1C1,2,3,active,0.058747725251816596,0.73,0.00548149198806279,-0.0,1.1646744327722323,0.101836715488451,0.6632664088379399,0.5014080239342924,0.0028302458862583535,0.001982568124319073,0.002406407005288713,0.0004879790849580357,0.7168989579043767,0.7268690466268524,15.465,11.0,36.0,0.0,18.8995,14.0,42.0,0.0,17.18225,42.0,"[394, 361, 79, 144, 613, 158, 299]",0.0018891834077380952
C,c_delta,3.0,A1B0C0-A1B0C1,4,5,passive_episode,0.6758718506023341,0.48,0.01924462164713348,0.6750334793226893,11.468677498751997,0.22925970161629272,5.72251497895628,5.746162519795717,0.0029611983734767477,0.0027879803785353374,0.0028745893760060426,0.0005411814499125179,0.7284549097071675,0.7354333837472282,2.017,2.0,4.0,0.0,1.973,1.0,4.0,0.0,1.995,4.0,"[394, 114, 733, 244, 119, 270, 174]",0.0004069010416666667
C,c_delta,3.0,A1B0C0-A1B0C1,4,5,passive_steady,0.009379070766167173,0.72,0.0018471956718425983,-0.0,0.14924390500199855,0.030708362566229414,0.10869137221402442,0.04055253278797413,0.0029611983734767477,0.0027879803785353374,0.0028745893760060426,0.0004976899215291151,0.7284549097071675,0.7354333837472282,85.072,64.0,189.10000000000014,0.0,114.736,89.0,250.0,0.0,99.904,250.0,"[394, 114, 733, 244, 119, 270, 174]",0.0004069010416666667
C,c_delta,3.0,A1B0C0-A1B0C1,4,5,active,0.009379070766167173,0.72,0.0019617694411462774,-0.0,0.14924390500199855,0.03281213294423328,0.10869137221402442,0.04055253278797413,0.0029611983734767477,0.0027879803785353374,0.0028745893760060426,0.000522083401388256,0.7284549097071675,0.7354333837472282,82.8935,61.0,191.0,0.0,113.5035,89.0,239.10000000000014,0.0,98.1985,239.10000000000014,"[394, 114, 733, 244, 119, 270, 174]",0.0004069010416666667
C,c_delta,3.0,A1B1C0-A1B1C1,6,7,passive_episode,0.6351155607502184,0.63,0.0234962586242705,0.6337452922771929,11.27635494066703,0.251538832151684,5.5969067083209545,5.6794482323460755,0.002579194231039139,0.0018723896346202196,0.0022257919328296794,0.0004389187288275316,0.7208310396191635,0.7271895940135451,2.096,2.0,4.0,0.0,2.1085,2.0,4.0,0.0,2.1022499999999997,4.0,"[386, 86, 371, 259, 166, 600, 180]",0.0004127139136904762
C,c_delta,3.0,A1B1C0-A1B1C1,6,7,passive_steady,0.012673176291052938,0.73,0.0023425799310869,-0.0,0.23456783129203101,0.044188263771737395,0.14722601068222435,0.08734182060980665,0.002579194231039139,0.0018723896346202196,0.0022257919328296794,0.00042689752229269995,0.7208310396191635,0.7271895940135451,70.626,47.0,163.10000000000014,0.0,90.1525,68.0,199.10000000000014,0.0,80.38925,199.10000000000014,"[386, 86, 371, 259, 166, 600, 180]",0.0004127139136904762
C,c_delta,3.0,A1B1C0-A1B1C1,6,7,active,0.012673176291052938,0.73,0.002396795102015187,-0.0,0.23456783129203101,0.04571491153025696,0.14722601068222435,0.08734182060980665,0.002579194231039139,0.0018723896346202196,0.0022257919328296794,0.0004536557076574957,0.7208310396191635,0.7271895940135451,70.7505,48.0,162.0,0.0,93.065,70.0,208.0,0.0,81.90775,208.0,"[386, 86, 371, 259, 166, 600, 180]",0.0004127139136904762
C,c_delta,4.0,A0B0C0-A0B0C1,0,1,passive_episode,0.6806523982594836,0.62,0.02308837120027165,0.6802520007954871,15.347105947082621,0.3450981633621311,7.755470966279434,7.591634980803187,0.011427608656887855,0.005760816046077366,0.00859421235148261,0.0009351663600200346,0.7418396441054114,0.7539552105697069,2.051,2.0,4.0,0.0,1.984,2.0,4.0,0.0,2.0175,4.0,"[377, 718, 114, 114, 227, 131, 367]",0.0028134300595238095
C,c_delta,4.0,A0B0C0-A0B0C1,0,1,passive_steady,0.027891054390128157,0.64,0.003706752164933234,-0.0,0.5535317283326238,0.07444453796455819,0.3117664764697399,0.2417652518628839,0.011427608656887855,0.005760816046077366,0.00859421235148261,0.0009755881254454029,0.7418396441054114,0.7539552105697069,33.8925,25.0,75.0,0.0,38.5455,29.0,88.0,0.0,36.218999999999994,88.0,"[377, 718, 114, 114, 227, 131, 367]",0.0028134300595238095
C,c_delta,4.0,A0B0C0-A0B0C1,0,1,active,0.027891054390128157,0.64,0.003680367853040849,-0.0,0.5535317283326238,0.07356525943421084,0.3117664764697399,0.2417652518628839,0.011427608656887855,0.005760816046077366,0.00859421235148261,0.0009666595634789622,0.7418396441054114,0.7539552105697069,33.9985,24.0,78.10000000000014,0.0,39.22,28.0,87.10000000000014,0.0,36.60925,87.10000000000014,"[377, 718, 114, 114, 227, 131, 367]",0.0028134300595238095
C,c_delta,4.0,A0B1C0-A0B1C1,2,3,passive_episode,0.6373665468456091,0.67,0.023849785017926065,0.6325579515426704,15.919630482497313,0.3723477849350341,7.83549991783479,8.084130564662523,0.008324392077312837,0.016074612223960116,0.012199502150636476,0.000993727001549257,0.6861197792160496,0.7120019241527515,2.0865,2.0,4.0,0.0,2.055,2.0,4.0,0.0,2.0707500000000003,4.0,"[395, 470, 79, 108, 503, 158, 335]",0.003208705357142857
C,c_delta,4.0,A0B1C0-A0B1C1,2,3,passive_steady,0.0831826628509175,0.63,0.005896169102492467,-0.0,1.6528726699973133,0.11480932477847208,0.8835952859775023,0.769277384019811,0.008324392077312837,0.016074612223960116,0.012199502150636476,0.0011089988032351727,0.6861197792160496,0.7120019241527515,12.289,9.0,27.0,0.0,12.866,9.0,28.100000000000136,0.0,12.5775,28.100000000000136,"[395, 470, 79, 108, 503, 158, 335]",0.003208705357142857
C,c_delta,4.0,A0B1C0-A0B1C1,2,3,active,0.0831826628509175,0.63,0.006330360502693057,-0.0,1.6528726699973133,0.1215082330592189,0.8835952859775023,0.769277384019811,0.008324392077312837,0.016074612223960116,0.012199502150636476,0.0011548427235710157,0.6861197792160496,0.7120019241527515,11.9985,8.0,27.0,0.0,12.8045,9.0,28.0,0.0,12.4015,28.0,"[395, 470, 79, 108, 503, 158, 335]",0.003208705357142857
C,c_delta,4.0,A1B0C0-A1B0C1,4,5,passive_episode,0.7063621882140471,0.45,0.022958552306657474,0.7059569201939729,15.376540238114094,0.335569137266092,7.64054748797076,7.735992750143334,0.007062248361336287,0.0034794311881682916,0.0052708397747522895,0.0008772001355446684,0.7214894806954035,0.7324850633767426,1.942,1.0,4.0,0.0,2.004,1.0,4.0,0.0,1.9729999999999999,4.0,"[396, 114, 736, 218, 119, 270, 195]",0.0007498604910714286
C,c_delta,4.0,A1B0C0-A1B0C1,4,5,passive_steady,0.01615424994141828,0.72,0.0029270426673910473,-0.0,0.2839621131140952,0.05256127085153334,0.16961151931955548,0.11435059379453971,0.007062248361336287,0.0034794311881682916,0.0052708397747522895,0.000861792760999524,0.7214894806954035,0.7324850633767426,58.415,41.0,133.0,0.0,63.533,47.0,142.0,0.0,60.974000000000004,142.0,"[396, 114, 736, 218, 119, 270, 195]",0.0007498604910714286
C,c_delta,4.0,A1B0C0-A1B0C1,4,5,active,0.01615424994141828,0.72,0.0028272950845266817,-0.0,0.2839621131140952,0.050536675440938775,0.16961151931955548,0.11435059379453971,0.007062248361336287,0.0034794311881682916,0.0052708397747522895,0.0008432635438162946,0.7214894806954035,0.7324850633767426,57.1935,40.0,133.0,0.0,59.707,43.0,136.0,0.0,58.45025,136.0,"[396, 114, 736, 218, 119, 270, 195]",0.0007498604910714286
C,c_delta,4.0,A1B1C0-A1B1C1,6,7,passive_episode,0.6719762873245739,0.6,0.02124080156246412,0.6716928905954854,15.017918187858353,0.3193769258996751,7.41110331744784,7.606814870410513,0.007679315443745338,0.002935931610352327,0.0053076235270488326,0.0007835116798124162,0.7129912880633853,0.7240760847651373,2.03,1.0,4.0,0.0,2.0225,2.0,4.0,0.0,2.02625,4.0,"[387, 86, 379, 218, 166, 600, 212]",0.0007905505952380952
C,c_delta,4.0,A1B1C0-A1B1C1,6,7,passive_steady,0.01579385710130133,0.68,0.0027843460538854916,-0.0,0.2955353753583544,0.05431332122298275,0.1775526871092297,0.11798268824912468,0.007679315443745338,0.002935931610352327,0.0053076235270488326,0.0008152405879726424,0.7129912880633853,0.7240760847651373,54.806,39.0,127.0,0.0,72.8135,54.5,160.0,0.0,63.80975,160.0,"[387, 86, 379, 218, 166, 600, 212]",0.0007905505952380952
C,c_delta,4.0,A1B1C0-A1B1C1,6,7,active,0.01579385710130133,0.68,0.0026546268674617277,-0.0,0.2955353753583544,0.05126059724788062,0.1775526871092297,0.11798268824912468,0.007679315443745338,0.002935931610352327,0.0053076235270488326,0.0008012258137939747,0.7129912880633853,0.7240760847651373,57.963,40.0,129.10000000000014,0.0,72.4375,54.0,162.0,0.0,65.20025,162.0,"[387, 86, 379, 218, 166, 600, 212]",0.0007905505952380952
C,c_delta,6.0,A0B0C0-A0B0C1,0,1,passive_episode,0.7060092418078435,0.47000000000000003,0.020287204955094184,0.7058072959247796,22.940682139718493,0.452582879542011,11.50282495106915,11.437857188649344,0.031982767114648425,0.021307787178493243,0.026645277146570834,0.0018327178139368088,0.7204969974992466,0.7433684196253623,1.9835,1.0,4.0,0.0,1.9655,1.0,4.0,0.0,1.9745,4.0,"[400, 812, 128, 61, 82, 165, 400]",0.00537109375
C,c_delta,6.0,A0B0C0-A0B0C1,0,1,passive_steady,0.03689792932263957,0.61,0.004075215161322199,-0.0,0.750320811593495,0.08207902815230562,0.3937198322192986,0.3566009793741963,0.031982767114648425,0.021307787178493243,0.026645277146570834,0.002014901686958866,0.7204969974992466,0.7433684196253623,25.675,18.0,58.0,0.0,28.2395,20.0,65.0,0.0,26.957250000000002,65.0,"[400, 812, 128, 61, 82, 165, 400]",0.00537109375
C,c_delta,6.0,A0B0C0-A0B0C1,0,1,active,0.03689792932263957,0.61,0.0043743713055326506,-0.0,0.750320811593495,0.08665387941360578,0.3937198322192986,0.3566009793741963,0.031982767114648425,0.021307787178493243,0.026645277146570834,0.001979036584194585,0.7204969974992466,0.7433684196253623,25.9415,19.0,59.0,0.0,27.7675,20.0,62.0,0.0,26.8545,62.0,"[400, 812, 128, 61, 82, 165, 400]",0.00537109375
C,c_delta,6.0,A0B1C0-A0B1C1,2,3,passive_episode,0.6662027534141738,0.65,0.020350694926405614,0.6650386260530514,23.52809499869721,0.5306803835525373,11.564217751912455,11.963877246784755,0.04142348507745197,0.03695462595552357,0.03918905551648777,0.0023498086135845995,0.6623222633860735,0.6996769438499868,2.0295,2.0,4.0,0.0,2.0155,2.0,4.0,0.0,2.0225,4.0,"[417, 695, 85, 49, 223, 196, 383]",0.005440848214285714
C,c_delta,6.0,A0B1C0-A0B1C1,2,3,passive_steady,0.10465697127353077,0.5700000000000001,0.006986770406836845,-0.0,2.12795827994721,0.13476286594697187,1.0851211717670832,1.0428371081801266,0.04142348507745197,0.03695462595552357,0.03918905551648777,0.0021874861616955573,0.6623222633860735,0.6996769438499868,9.6985,7.0,21.0,0.0,10.2495,7.0,23.0,0.0,9.974,23.0,"[417, 695, 85, 49, 223, 196, 383]",0.005440848214285714
C,c_delta,6.0,A0B1C0-A0B1C1,2,3,active,0.10465697127353077,0.5700000000000001,0.006687208497568224,-0.0,2.12795827994721,0.1291270802873425,1.0851211717670832,1.0428371081801266,0.04142348507745197,0.03695462595552357,0.03918905551648777,0.0023418667220652467,0.6623222633860735,0.6996769438499868,9.6265,7.0,22.0,0.0,9.969,7.0,23.0,0.0,9.79775,23.0,"[417, 695, 85, 49, 223, 196, 383]",0.005440848214285714
C,c_delta,6.0,A1B0C0-A1B0C1,4,5,passive_episode,0.7266999236671169,0.49,0.021675901063677807,0.7266554483580012,23.12893487349653,0.47267683276551375,11.440361705791426,11.688573167705103,0.015529228231976333,0.013784857145502372,0.014657042688739352,0.001500512505923497,0.7103175434919606,0.7280026046575472,1.9535,1.0,4.0,0.0,1.8775,1.0,3.0,0.0,1.9155,4.0,"[407, 114, 762, 131, 119, 270, 245]",0.0015869140625
C,c_delta,6.0,A1B0C0-A1B0C1,4,5,passive_steady,0.024850876495373788,0.62,0.0033570175936511247,-0.0,0.49006768599653106,0.06555028776158169,0.26900144479931576,0.22106624119721527,0.015529228231976333,0.013784857145502372,0.014657042688739352,0.0014684075655276166,0.7103175434919606,0.7280026046575472,38.6105,28.0,85.0,0.0,43.624,31.0,95.0,0.0,41.11725,95.0,"[407, 114, 762, 131, 119, 270, 245]",0.0015869140625
C,c_delta,6.0,A1B0C0-A1B0C1,4,5,active,0.024850876495373788,0.62,0.0032667262314843657,-0.0,0.49006768599653106,0.0657373067542363,0.26900144479931576,0.22106624119721527,0.015529228231976333,0.013784857145502372,0.014657042688739352,0.0014109804065877928,0.7103175434919606,0.7280026046575472,38.793,28.0,88.0,0.0,42.444,32.0,92.10000000000014,0.0,40.6185,92.10000000000014,"[407, 114, 762, 131, 119, 270, 245]",0.0015869140625
C,c_delta,6.0,A1B1C0-A1B1C1,6,7,passive_episode,0.7017646228994368,0.49,0.021031376451359392,0.7017367946570774,22.565277175890856,0.4627747855977981,11.164236488207697,11.401040687683157,0.019054297326917435,0.014174747891644301,0.01661452260928087,0.0014670668981024738,0.7007262437474395,0.7194058761041546,1.969,1.0,4.0,0.0,1.983,1.0,4.0,0.0,1.976,4.0,"[405, 86, 403, 116, 166, 600, 272]",0.0015229724702380952
C,c_delta,6.0,A1B1C0-A1B1C1,6,7,passive_steady,0.025044138937721616,0.64,0.00313765908264059,-0.0,0.48170295714085554,0.06055377896609799,0.26950437599209265,0.2121985811487629,0.019054297326917435,0.014174747891644301,0.01661452260928087,0.0014674159437948178,0.7007262437474395,0.7194058761041546,37.5395,27.0,84.0,0.0,43.314,31.0,99.0,0.0,40.42675,99.0,"[405, 86, 403, 116, 166, 600, 272]",0.0015229724702380952
C,c_delta,6.0,A1B1C0-A1B1C1,6,7,active,0.025044138937721616,0.64,0.0035334777445150127,-0.0,0.48170295714085554,0.06840915932056296,0.26950437599209265,0.2121985811487629,0.019054297326917435,0.014174747891644301,0.01661452260928087,0.001646542375451725,0.7007262437474395,0.7194058761041546,38.409,28.0,85.0,0.0,45.282,33.0,101.0,0.0,41.8455,101.0,"[405, 86, 403, 116, 166, 600, 272]",0.0015229724702380952
C,c_delta,8.0,A0B0C0-A0B0C1,0,1,passive_episode,0.7077391830216396,0.48,0.02181077998804556,0.7077252467455364,30.331300346428044,0.6522293707957583,15.28380294528976,15.047497401138282,0.032475661400546585,0.022526777605051507,0.027501219502799046,0.001900256347129042,0.7204125357281654,0.7433506488079118,1.9635,1.0,4.0,0.0,1.9385,1.0,4.0,0.0,1.951,4.0,"[404, 812, 134, 50, 79, 166, 403]",0.005394345238095238
C,c_delta,8.0,A0B0C0-A0B0C1,0,1,passive_steady,0.03647909621827083,0.6,0.004126040314089976,-0.0,0.7441519089280457,0.0845410058665433,0.38835936401676485,0.3557925449112809,0.032475661400546585,0.022526777605051507,0.027501219502799046,0.0020225349546274148,0.7204125357281654,0.7433506488079118,26.801,19.0,63.0,0.0,28.071,20.0,64.0,0.0,27.436,64.0,"[404, 812, 134, 50, 79, 166, 403]",0.005394345238095238
C,c_delta,8.0,A0B0C0-A0B0C1,0,1,active,0.03647909621827083,0.6,0.0040767803185512005,-0.0,0.7441519089280457,0.08120106012100227,0.38835936401676485,0.3557925449112809,0.032475661400546585,0.022526777605051507,0.027501219502799046,0.0019373240159264165,0.7204125357281654,0.7433506488079118,25.7155,18.0,57.0,0.0,29.177,20.0,67.0,0.0,27.44625,67.0,"[404, 812, 134, 50, 79, 166, 403]",0.005394345238095238
C,c_delta,8.0,A0B1C0-A0B1C1,2,3,passive_episode,0.6714575876384422,0.48,0.021388940743649353,0.6713916371197644,30.66088401290685,0.6868687344553857,15.136724577068696,15.524159435838154,0.041846030488535746,0.03722096192176849,0.03953349620515212,0.002094015437394959,0.6622617293898045,0.6996421854782682,2.041,2.0,4.0,0.0,2.0765,2.0,4.0,0.0,2.05875,4.0,"[424, 695, 90, 37, 219, 198, 385]",0.005481538318452381
C,c_delta,8.0,A0B1C0-A0B1C1,2,3,passive_steady,0.10475627454048456,0.56,0.007251080515244159,-0.0,2.1273683879068512,0.13943118525558576,1.0850667995940266,1.0423015883128248,0.041846030488535746,0.03722096192176849,0.03953349620515212,0.00237779417699428,0.6622617293898045,0.6996421854782682,9.6575,7.0,22.0,0.0,10.179,7.0,23.0,0.0,9.91825,23.0,"[424, 695, 90, 37, 219, 198, 385]",0.005481538318452381
C,c_delta,8.0,A0B1C0-A0B1C1,2,3,active,0.10475627454048456,0.56,0.0080861018011506,-0.0,2.1273683879068512,0.15676013022457935,1.0850667995940266,1.0423015883128248,0.041846030488535746,0.03722096192176849,0.03953349620515212,0.002363526255944469,0.6622617293898045,0.6996421854782682,9.5465,7.0,21.0,0.0,10.026,7.0,23.0,0.0,9.786249999999999,23.0,"[424, 695, 90, 37, 219, 198, 385]",0.005481538318452381
C,c_delta,8.0,A1B0C0-A1B0C1,4,5,passive_episode,0.7287429925684065,0.51,0.021474661951433122,0.7287387670387339,30.673190851077667,0.6203115022741419,15.245810663753398,15.42738018732427,0.016052620290771813,0.016618803434646168,0.01633571186270899,0.0016348060707483596,0.7100523415459037,0.7278611338701637,1.881,1.0,4.0,0.0,1.9325,1.0,4.0,0.0,1.9067500000000002,4.0,"[414, 114, 771, 114, 119, 270, 246]",0.001598539806547619
C,c_delta,8.0,A1B0C0-A1B0C1,4,5,passive_steady,0.024921262330309432,0.63,0.0033380573052770772,-0.0,0.48803460107766894,0.06586750743236607,0.2686225279612674,0.21941207311640154,0.016052620290771813,0.016618803434646168,0.01633571186270899,0.0015071188999913787,0.7100523415459037,0.7278611338701637,38.3185,26.0,86.10000000000014,0.0,44.839,33.0,100.10000000000014,0.0,41.57875,100.10000000000014,"[414, 114, 771, 114, 119, 270, 246]",0.001598539806547619
C,c_delta,8.0,A1B0C0-A1B0C1,4,5,active,0.024921262330309432,0.63,0.003419572512626144,-0.0,0.48803460107766894,0.06759643653985867,0.2686225279612674,0.21941207311640154,0.016052620290771813,0.016618803434646168,0.01633571186270899,0.0015828028304150066,0.7100523415459037,0.7278611338701637,38.3085,26.0,89.10000000000014,0.0,44.3265,33.0,98.0,0.0,41.3175,98.0,"[414, 114, 771, 114, 119, 270, 246]",0.001598539806547619
C,c_delta,8.0,A1B1C0-A1B1C1,6,7,passive_episode,0.7028435014312933,0.49,0.021746976184769784,0.7028427798686456,29.92402024694062,0.62621321773557,14.820771960261183,15.10324828667944,0.019701604637312187,0.01766894006145492,0.018685272349383553,0.0015892910619496727,0.7005485909332307,0.7193348914619051,1.912,1.0,4.0,0.0,1.9865,1.0,4.0,0.0,1.94925,4.0,"[408, 86, 409, 104, 166, 600, 275]",0.001575288318452381
C,c_delta,8.0,A1B1C0-A1B1C1,6,7,passive_steady,0.024952688365388102,0.63,0.003373074432752866,-0.0,0.47925462194062396,0.06654465663468886,0.26933312008778304,0.2099215018528409,0.019701604637312187,0.01766894006145492,0.018685272349383553,0.001664915722071848,0.7005485909332307,0.7193348914619051,39.4635,28.0,89.0,0.0,44.92,32.0,100.10000000000014,0.0,42.19175,100.10000000000014,"[408, 86, 409, 104, 166, 600, 275]",0.001575288318452381
C,c_delta,8.0,A1B1C0-A1B1C1,6,7,active,0.024952688365388102,0.63,0.003150840202180244,-0.0,0.47925462194062396,0.06214702065369364,0.26933312008778304,0.2099215018528409,0.019701604637312187,0.01766894006145492,0.018685272349383553,0.0016934566154203719,0.7005485909332307,0.7193348914619051,39.1875,27.0,89.0,0.0,43.8805,32.0,97.10000000000014,0.0,41.534,97.10000000000014,"[408, 86, 409, 104, 166, 600, 275]",0.001575288318452381
C,c_delta,11.0,A0B0C0-A0B0C1,0,1,passive_episode,0.7078876785116401,0.43,0.02204087171373198,0.7078868302375317,41.426481237882186,0.8983733043630018,20.79572864422959,20.63075259365259,0.0325820905390799,0.022897094361226777,0.02773959245015334,0.001962357082446739,0.7204078490854968,0.7433507644083264,1.9715,1.0,4.0,0.0,2.0745,2.0,4.0,0.0,2.023,4.0,"[406, 812, 135, 45, 79, 166, 405]",0.005394345238095238
C,c_delta,11.0,A0B0C0-A0B0C1,0,1,passive_steady,0.03647942957850739,0.6,0.004017056597059446,-0.0,0.744152136319685,0.08161186243540992,0.3883562930553841,0.3557958432643009,0.0325820905390799,0.022897094361226777,0.02773959245015334,0.0018429398234482905,0.7204078490854968,0.7433507644083264,26.951,18.0,61.0,0.0,27.5005,20.0,60.0,0.0,27.225749999999998,61.0,"[406, 812, 135, 45, 79, 166, 405]",0.005394345238095238
C,c_delta,11.0,A0B0C0-A0B0C1,0,1,active,0.03647942957850739,0.6,0.004055356443202907,-0.0,0.744152136319685,0.08307853150354508,0.3883562930553841,0.3557958432643009,0.0325820905390799,0.022897094361226777,0.02773959245015334,0.0019601448585112825,0.7204078490854968,0.7433507644083264,26.7815,18.0,61.0,0.0,27.1895,19.0,62.0,0.0,26.985500000000002,62.0,"[406, 812, 135, 45, 79, 166, 405]",0.005394345238095238
C,c_delta,11.0,A0B1C0-A0B1C1,2,3,passive_episode,0.6718845506912962,0.49,0.02219166299902325,0.6718834122815033,41.360981804163195,0.947405607744132,20.51571497177637,20.845266832386827,0.04192230727835522,0.03738159905878291,0.039651953168569065,0.0022126024338400955,0.6622546003175032,0.6996376295385147,2.066,2.0,4.0,0.0,2.053,2.0,4.0,0.0,2.0595,4.0,"[427, 695, 91, 32, 219, 198, 386]",0.005481538318452381
C,c_delta,11.0,A0B1C0-A0B1C1,2,3,passive_steady,0.10476255309051834,0.56,0.00730262969074016,-0.0,2.1273978197882015,0.14168550649189784,1.0850667995940266,1.042331020194175,0.04192230727835522,0.03738159905878291,0.039651953168569065,0.0022720057846590154,0.6622546003175032,0.6996376295385147,9.8155,7.0,23.0,0.0,10.31,7.0,23.0,0.0,10.062750000000001,23.0,"[427, 695, 91, 32, 219, 198, 386]",0.005481538318452381
C,c_delta,11.0,A0B1C0-A0B1C1,2,3,active,0.10476255309051834,0.56,0.0069235575096964555,-0.0,2.1273978197882015,0.13527326628622385,1.0850667995940266,1.042331020194175,0.04192230727835522,0.03738159905878291,0.039651953168569065,0.002268219261244572,0.6622546003175032,0.6996376295385147,10.2335,7.0,24.0,0.0,9.922,7.0,23.0,0.0,10.07775,24.0,"[427, 695, 91, 32, 219, 198, 386]",0.005481538318452381
C,c_delta,11.0,A1B0C0-A1B0C1,4,5,passive_episode,0.7289280002205397,0.43,0.021292148241811866,0.7289279010725525,41.99832430538918,0.8307842091442654,20.84187747263684,21.156446832752344,0.016505411991559527,0.017784132633842376,0.01714477231270095,0.0014165226390963849,0.707809571044983,0.7267135310395787,1.9105,1.0,4.0,0.0,1.875,1.0,3.0,0.0,1.89275,4.0,"[423, 133, 777, 100, 98, 271, 246]",0.0016624813988095238
C,c_delta,11.0,A1B0C0-A1B0C1,4,5,passive_steady,0.02532991188970264,0.64,0.003088433244844043,-0.0,0.4937344616391868,0.060943771648411,0.27320537040382786,0.22052909123535894,0.016505411991559527,0.017784132633842376,0.01714477231270095,0.0015906158144135406,0.707809571044983,0.7267135310395787,35.7365,25.0,80.10000000000014,0.0,43.8725,31.0,96.0,0.0,39.804500000000004,96.0,"[423, 133, 777, 100, 98, 271, 246]",0.0016624813988095238
C,c_delta,11.0,A1B0C0-A1B0C1,4,5,active,0.02532991188970264,0.64,0.003543989180088648,-0.0,0.4937344616391868,0.07002950274151068,0.27320537040382786,0.22052909123535894,0.016505411991559527,0.017784132633842376,0.01714477231270095,0.0017138277621768405,0.707809571044983,0.7267135310395787,37.601,27.0,83.10000000000014,0.0,43.5775,32.0,97.0,0.0,40.58925,97.0,"[423, 133, 777, 100, 98, 271, 246]",0.0016624813988095238
C,c_delta,11.0,A1B1C0-A1B1C1,6,7,passive_episode,0.7029568597844517,0.47000000000000003,0.02240796738848517,0.7029568419000306,40.98162419064066,0.9038495929213564,20.32306306968882,20.658561120951838,0.02051295137083997,0.01886031432297841,0.01968663284690919,0.0017970094064870797,0.6980512707764888,0.7184987783256176,1.9385,2.0,4.0,0.0,2.074,2.0,4.0,0.0,2.0062499999999996,4.0,"[414, 133, 412, 96, 116, 602, 275]",0.0016682942708333333
C,c_delta,11.0,A1B1C0-A1B1C1,6,7,passive_steady,0.02578922956061398,0.68,0.003457477916097268,-0.0,0.49507145626565907,0.06691977431099787,0.27707588244503656,0.2179955738206225,0.02051295137083997,0.01886031432297841,0.01968663284690919,0.0019949115134642722,0.6980512707764888,0.7184987783256176,37.294,26.0,84.0,0.0,40.101,29.0,90.0,0.0,38.6975,90.0,"[414, 133, 412, 96, 116, 602, 275]",0.0016682942708333333
C,c_delta,11.0,A1B1C0-A1B1C1,6,7,active,0.02578922956061398,0.68,0.0034056196206378466,-0.0,0.49507145626565907,0.0672883143636183,0.27707588244503656,0.2179955738206225,0.02051295137083997,0.01886031432297841,0.01968663284690919,0.0017220932589959508,0.6980512707764888,0.7184987783256176,34.9155,24.0,78.0,0.0,40.593,31.0,89.0,0.0,37.75425,89.0,"[414, 133, 412, 96, 116, 602, 275]",0.0016682942708333333
